metacritic_name,steam_name,similarity_score
Stormgate,Stormgate,100.0
Rogue Warrior,Rogue Warrior,100.0
POSTAL 4: No Regerts,POSTAL 4: No Regerts,100.0
Red Dead Redemption 2,Red Dead Redemption 2,100.0
God of War,God of War,100.0
Half-Life: Alyx,Half-Life: Alyx,100.0
Dwarf Fortress,Dwarf Fortress,100.0
Company of Heroes,Company of Heroes,100.0
The Witcher 3: Wild Hunt,The Witcher 3: Wild Hunt,100.0
Sid Meier's Civilization IV,Sid Meier's Civilization IV,100.0
X Rebirth,X Rebirth,100.0
Takedown: Red Sabre,Takedown: Red Sabre,100.0
Umbrella Corps,Umbrella Corps,100.0
Greyhill Incident,Greyhill Incident,100.0
Hello Neighbor,Hello Neighbor,100.0
Inner Chains,Inner Chains,100.0
Alekhine's Gun,Alekhine's Gun,100.0
Damnation,Damnation,100.0
Blue Prince,Blue Prince,100.0
Team Fortress 2,Team Fortress 2,100.0
Street Fighter 6,Street Fighter 6,100.0
Grand Theft Auto: San Andreas,Grand Theft Auto: San Andreas,100.0
Hades,Hades,100.0
Beat Saber,Beat Saber,100.0
Grand Theft Auto III,Grand Theft Auto III,100.0
Air Conflicts: Vietnam,Air Conflicts: Vietnam,100.0
RollerCoaster Tycoon World,RollerCoaster Tycoon World,100.0
Of Bird and Cage,Of Bird and Cage,100.0
Hatred,Hatred,100.0
Prospekt,Prospekt,100.0
Everreach: Project Eden,Everreach: Project Eden,100.0
Cortex Command,Cortex Command,100.0
NightCry,NightCry,100.0
Deus Ex: The Fall,Deus Ex: The Fall,100.0
Impire,Impire,100.0
Starpoint Gemini,Starpoint Gemini,100.0
Against the Storm,Against the Storm,100.0
UFO 50,UFO 50,100.0
Metaphor: ReFantazio,Metaphor: ReFantazio,100.0
Undertale,Undertale,100.0
Okami HD,Okami HD,100.0
Bus Simulator 16,Bus Simulator 16,100.0
Cities XXL,Cities XXL,100.0
Agony,Agony,100.0
Submerged,Submerged,100.0
Solarix,Solarix,100.0
Resident Evil: Operation Raccoon City,Resident Evil: Operation Raccoon City,100.0
Those Who Remain,Those Who Remain,100.0
Lucius II,Lucius II,100.0
Ace of Spades: Battle Builder,Ace of Spades: Battle Builder,100.0
Iron Sky: Invasion,Iron Sky: Invasion,100.0
Tom Clancy's Splinter Cell,Tom Clancy's Splinter Cell,100.0
Chained Echoes,Chained Echoes,100.0
I Was a Teenage Exocolonist,I Was a Teenage Exocolonist,100.0
Dishonored,Dishonored,100.0
YAIBA: NINJA GAIDEN Z,YAIBA: NINJA GAIDEN Z,100.0
Dragon's Lair,Dragon's Lair,100.0
Legendary,Legendary,100.0
Trapped Dead,Trapped Dead,100.0
Lust for Darkness,Lust for Darkness,100.0
Double Dragon IV,Double Dragon IV,100.0
Test Drive Unlimited Solar Crown,Test Drive Unlimited Solar Crown,100.0
Gomo,Gomo,100.0
Daylight,Daylight,100.0
Silver Chains,Silver Chains,100.0
Generation Zero,Generation Zero,100.0
Confrontation,Confrontation,100.0
Batman: Arkham City,Batman: Arkham City,100.0
Fallout 3,Fallout 3,100.0
Street Fighter IV,Street Fighter IV,100.0
Crusader Kings III,Crusader Kings III,100.0
The Longest Journey,The Longest Journey,100.0
Crysis,Crysis,100.0
Forza Horizon 5,Forza Horizon 5,100.0
Syberia 3,Syberia 3,100.0
Taxi Life: A City Driving Simulator,Taxi Life: A City Driving Simulator,100.0
Enemy Front,Enemy Front,100.0
Fallout 76,Fallout 76,100.0
Mighty No. 9,Mighty No. 9,100.0
Realpolitiks,Realpolitiks,100.0
Crime Boss: Rockay City,Crime Boss: Rockay City,100.0
"Warhammer 40,000: Eternal Crusade","Warhammer 40,000: Eternal Crusade",100.0
Worlds of Magic,Worlds of Magic,100.0
Strobophagia | Rave Horror,Strobophagia | Rave Horror,100.0
Balatro,Balatro,100.0
Caves of Qud,Caves of Qud,100.0
Satisfactory,Satisfactory,100.0
Spelunky 2,Spelunky 2,100.0
Mark of the Ninja,Mark of the Ninja,100.0
Clair Obscur: Expedition 33,Clair Obscur: Expedition 33,100.0
Dragon Age: Origins,Dragon Age: Origins,100.0
Resident Evil 4,Resident Evil 4,100.0
Escape Dead Island,Escape Dead Island,100.0
Sniper: Ghost Warrior 2,Sniper: Ghost Warrior 2,100.0
Blade Kitten,Blade Kitten,100.0
Krater,Krater,100.0
Dungeons & Dragons: Dark Alliance,Dungeons & Dragons: Dark Alliance,100.0
Deadfall Adventures,Deadfall Adventures,100.0
Harvester,Harvester,100.0
Necromunda: Underhive Wars,Necromunda: Underhive Wars,100.0
Stephen's Sausage Roll,Stephen's Sausage Roll,100.0
Portal,Portal,100.0
Split Fiction,Split Fiction,100.0
Shin Megami Tensei V: Vengeance,Shin Megami Tensei V: Vengeance,100.0
Spelunky,Spelunky,100.0
Factorio,Factorio,100.0
World of Goo,World of Goo,100.0
Speedball 2 HD,Speedball 2 HD,100.0
War Rock,War Rock,100.0
Redfall,Redfall,100.0
Windforge,Windforge,100.0
Shadwen,Shadwen,100.0
Sniper Elite: Nazi Zombie Army 2,Sniper Elite: Nazi Zombie Army 2,100.0
X-Blades,X-Blades,100.0
The Stanley Parable: Ultra Deluxe,The Stanley Parable: Ultra Deluxe,100.0
Sid Meier's Civilization V,Sid Meier's Civilization V,100.0
DAVE THE DIVER,DAVE THE DIVER,100.0
Bayonetta,Bayonetta,100.0
Silent Hunter III,Silent Hunter III,100.0
Ghost Trick: Phantom Detective,Ghost Trick: Phantom Detective,100.0
Braid,Braid,100.0
Half-Life 2: Episode Two,Half-Life 2: Episode Two,100.0
Dangerous Golf,Dangerous Golf,100.0
E.T. Armies,E.T. Armies,100.0
Jurassic Park: The Game,Jurassic Park: The Game,100.0
Duke Nukem Forever,Duke Nukem Forever,100.0
El Matador,El Matador,100.0
POSTAL Redux,POSTAL Redux,100.0
Homefront: The Revolution,Homefront: The Revolution,100.0
Darkout,Darkout,100.0
SpellForce 2: Faith in Destiny,SpellForce 2: Faith in Destiny,100.0
Warhammer Quest,Warhammer Quest,100.0
Chicory: A Colorful Tale,Chicory: A Colorful Tale,100.0
Into the Breach,Into the Breach,100.0
Freedom Force,Freedom Force,100.0
Guild Wars 2,Guild Wars 2,100.0
The Last of Us Part II Remastered,The Last of Us Part II Remastered,100.0
Woolfe - The Red Hood Diaries,Woolfe - The Red Hood Diaries,100.0
DreadOut,DreadOut,100.0
Monochroma,Monochroma,100.0
Sniper: Ghost Warrior,Sniper: Ghost Warrior,100.0
The I of the Dragon,The I of the Dragon,100.0
Edna & Harvey: The Breakout,Edna & Harvey: The Breakout,100.0
Sonic Forces,Sonic Forces,100.0
Deadly Dozen,Deadly Dozen,100.0
Werewolf: The Apocalypse - Earthblood,Werewolf: The Apocalypse - Earthblood,100.0
The Technomancer,The Technomancer,100.0
Fort Solis,Fort Solis,100.0
Pillars of Eternity,Pillars of Eternity,100.0
Like a Dragon: Infinite Wealth,Like a Dragon: Infinite Wealth,100.0
Neon White,Neon White,100.0
Devil May Cry 5,Devil May Cry 5,100.0
Resident Evil 2,Resident Evil 2,100.0
Choo-Choo Charles,Choo-Choo Charles,100.0
Toren,Toren,100.0
Knock-knock,Knock-knock,100.0
Tiny Troopers,Tiny Troopers,100.0
Back to Bed,Back to Bed,100.0
Men of War: Condemned Heroes,Men of War: Condemned Heroes,100.0
Orangeblood,Orangeblood,100.0
Game of Thrones: Kingsroad,Game of Thrones: Kingsroad,100.0
Armikrog,Armikrog,100.0
Randal's Monday,Randal's Monday,100.0
Vector Thrust,Vector Thrust,100.0
Psychonauts 2,Psychonauts 2,100.0
Kynseed,Kynseed,100.0
F1 2017,F1 2017,100.0
Left 4 Dead 2,Left 4 Dead 2,100.0
Left 4 Dead,Left 4 Dead,100.0
Slay the Spire,Slay the Spire,100.0
Dead Cells,Dead Cells,100.0
Thank Goodness You're Here!,Thank Goodness You're Here!,100.0
Pizza Tower,Pizza Tower,100.0
Sacred 3,Sacred 3,100.0
Scrap Garden,Scrap Garden,100.0
Wanted: Dead,Wanted: Dead,100.0
The Inquisitor,The Inquisitor,100.0
Game of Thrones,Game of Thrones,100.0
Prime World: Defenders,Prime World: Defenders,100.0
Far Cry,Far Cry,100.0
Max Payne,Max Payne,100.0
Borderlands 2,Borderlands 2,100.0
Conflict: Denied Ops,Conflict: Denied Ops,100.0
Castlevania: Lords of Shadow 2,Castlevania: Lords of Shadow 2,100.0
Space Hulk: Deathwing,Space Hulk: Deathwing,100.0
Urban Trial Freestyle,Urban Trial Freestyle,100.0
Space Hulk,Space Hulk,100.0
Paradise Lost,Paradise Lost,100.0
Kyn,Kyn,100.0
Shelter 2,Shelter 2,100.0
Bee Simulator,Bee Simulator,100.0
God Mode,God Mode,100.0
Shooting Stars!,Shooting Stars!,100.0
Jagged Alliance: Rage!,Jagged Alliance: Rage!,100.0
Battlefield 3,Battlefield 3,100.0
NORCO,NORCO,100.0
The Curse of Monkey Island,The Curse of Monkey Island,100.0
XCOM: Enemy Unknown,XCOM: Enemy Unknown,100.0
Nuclear Throne,Nuclear Throne,100.0
Dead Effect,Dead Effect,100.0
The Last of Us Part I,The Last of Us Part I,100.0
Blightbound,Blightbound,100.0
Lucius,Lucius,100.0
Alpha Prime,Alpha Prime,100.0
Rise of the Argonauts,Rise of the Argonauts,100.0
Lost Ruins,Lost Ruins,100.0
Murdered: Soul Suspect,Murdered: Soul Suspect,100.0
Forspoken,Forspoken,100.0
Dakar 18,Dakar 18,100.0
The Lord of the Rings: Return to Moria,The Lord of the Rings: Return to Moria,100.0
Drug Dealer Simulator,Drug Dealer Simulator,100.0
X4: Foundations,X4: Foundations,100.0
Mafia,Mafia,100.0
Abiotic Factor,Abiotic Factor,100.0
DUSK,DUSK,100.0
What Remains of Edith Finch,What Remains of Edith Finch,100.0
Prince of Persia: The Sands of Time,Prince of Persia: The Sands of Time,100.0
Stardew Valley,Stardew Valley,100.0
Return of the Obra Dinn,Return of the Obra Dinn,100.0
It Takes Two,It Takes Two,100.0
Persona 3 Reload,Persona 3 Reload,100.0
Face Noir,Face Noir,100.0
Mars: War Logs,Mars: War Logs,100.0
AquaNox 2: Revelation,AquaNox 2: Revelation,100.0
Hello Neighbor 2,Hello Neighbor 2,100.0
Vambrace: Cold Soul,Vambrace: Cold Soul,100.0
Ethan: Meteor Hunter,Ethan: Meteor Hunter,100.0
Carrier Command: Gaea Mission,Carrier Command: Gaea Mission,100.0
Dragon's Dogma 2,Dragon's Dogma 2,100.0
Kerbal Space Program,Kerbal Space Program,100.0
Tony Hawk's Pro Skater 1 + 2,Tony Hawk's Pro Skater 1 + 2,100.0
F.E.A.R.,F.E.A.R.,100.0
Kingdom Come: Deliverance II,Kingdom Come: Deliverance II,100.0
LIMBO,LIMBO,100.0
Lorelei and the Laser Eyes,Lorelei and the Laser Eyes,100.0
IL-2 Sturmovik: Cliffs of Dover,IL-2 Sturmovik: Cliffs of Dover,100.0
Wolcen: Lords of Mayhem,Wolcen: Lords of Mayhem,100.0
Winter Ember,Winter Ember,100.0
How to Survive,How to Survive,100.0
Terminator: Resistance,Terminator: Resistance,100.0
A Fistful of Gun,A Fistful of Gun,100.0
A Game of Dwarves,A Game of Dwarves,100.0
Black Mirror,Black Mirror,100.0
Cuphead,Cuphead,100.0
Celeste,Celeste,100.0
XCOM 2,XCOM 2,100.0
Torchlight II,Torchlight II,100.0
Rogue Legacy 2,Rogue Legacy 2,100.0
Far Cry 3,Far Cry 3,100.0
Monster Hunter Wilds,Monster Hunter Wilds,100.0
Pentiment,Pentiment,100.0
Ori and the Will of the Wisps,Ori and the Will of the Wisps,100.0
Sheltered 2,Sheltered 2,100.0
Batman: Arkham Origins Blackgate - Deluxe Edition,Batman: Arkham Origins Blackgate - Deluxe Edition,100.0
Beyond Eyes,Beyond Eyes,100.0
Tempest: Pirate Action RPG,Tempest: Pirate Action RPG,100.0
The Descendant,The Descendant,100.0
Sherlock Holmes: The Mystery of the Mummy,Sherlock Holmes: The Mystery of the Mummy,100.0
Sniper Elite V2 Remastered,Sniper Elite V2 Remastered,100.0
Phoning Home,Phoning Home,100.0
Velvet Assassin,Velvet Assassin,100.0
The Stanley Parable,The Stanley Parable,100.0
Apex Legends,Apex Legends,100.0
Unity of Command II,Unity of Command II,100.0
Granblue Fantasy Versus: Rising,Granblue Fantasy Versus: Rising,100.0
KILL KNIGHT,KILL KNIGHT,100.0
Thirty Flights of Loving,Thirty Flights of Loving,100.0
Ori and the Blind Forest: Definitive Edition,Ori and the Blind Forest: Definitive Edition,100.0
The Talos Principle 2,The Talos Principle 2,100.0
Return to Castle Wolfenstein,Return to Castle Wolfenstein,100.0
Evoland,Evoland,100.0
No Man's Sky,No Man's Sky,100.0
Original War,Original War,100.0
F1 2014,F1 2014,100.0
Pillars of Eternity II: Deadfire,Pillars of Eternity II: Deadfire,100.0
Sid Meier's Pirates!,Sid Meier's Pirates!,100.0
Monster Hunter: World,Monster Hunter: World,100.0
F1 2020,F1 2020,100.0
Battlefield 1,Battlefield 1,100.0
Counter-Strike: Source,Counter-Strike: Source,100.0
BioShock 2,BioShock 2,100.0
Guacamelee! Gold Edition,Guacamelee! Gold Edition,100.0
Shogun Showdown,Shogun Showdown,100.0
Bus Driver,Bus Driver,100.0
Ryse: Son of Rome,Ryse: Son of Rome,100.0
Sacred Citadel,Sacred Citadel,100.0
E.Y.E: Divine Cybermancy,E.Y.E: Divine Cybermancy,100.0
Fahrenheit: Indigo Prophecy Remastered,Fahrenheit: Indigo Prophecy Remastered,100.0
F1 2015,F1 2015,100.0
World War II: Panzer Claws,World War II: Panzer Claws,100.0
Starship Troopers: Extermination,Starship Troopers: Extermination,100.0
Halls of Torment,Halls of Torment,100.0
Forza Horizon 4,Forza Horizon 4,100.0
Ori and the Blind Forest,Ori and the Blind Forest,100.0
Night in the Woods,Night in the Woods,100.0
Mouthwashing,Mouthwashing,100.0
Owlboy,Owlboy,100.0
HYPER DEMON,HYPER DEMON,100.0
Counter-Strike,Counter-Strike,100.0
DOOM Eternal,DOOM Eternal,100.0
Sword Art Online: Fatal Bullet,Sword Art Online: Fatal Bullet,100.0
Friday the 13th: The Game,Friday the 13th: The Game,100.0
Tharsis,Tharsis,100.0
The Complex,The Complex,100.0
Betrayer,Betrayer,100.0
Predator: Hunting Grounds,Predator: Hunting Grounds,100.0
Sniper Elite: Nazi Zombie Army,Sniper Elite: Nazi Zombie Army,100.0
Moon Hunters,Moon Hunters,100.0
Urban Empire,Urban Empire,100.0
Etherium,Etherium,100.0
Sea of Stars,Sea of Stars,100.0
Battlefield: Bad Company 2,Battlefield: Bad Company 2,100.0
RimWorld,RimWorld,100.0
NBA 2K18,NBA 2K18,100.0
Super Meat Boy,Super Meat Boy,100.0
Subnautica,Subnautica,100.0
DOOM 3,DOOM 3,100.0
Legend of Dungeon,Legend of Dungeon,100.0
Bleeding Edge,Bleeding Edge,100.0
We Happy Few,We Happy Few,100.0
Conan Unconquered,Conan Unconquered,100.0
Dex,Dex,100.0
Morningstar: Descent to Deadrock,Morningstar: Descent to Deadrock,100.0
Disintegration,Disintegration,100.0
Between Me and The Night,Between Me and The Night,100.0
Gravel,Gravel,100.0
Ooblets,Ooblets,100.0
Indiana Jones and the Great Circle,Indiana Jones and the Great Circle,100.0
Baba Is You,Baba Is You,100.0
The Swapper,The Swapper,100.0
Half-Life 2: Episode One,Half-Life 2: Episode One,100.0
Thief II: The Metal Age,Thief II: The Metal Age,100.0
Five Nights at Freddy's: Into the Pit,Five Nights at Freddy's: Into the Pit,100.0
Tactical Breach Wizards,Tactical Breach Wizards,100.0
Kathy Rain: Director's Cut,Kathy Rain: Director's Cut,100.0
Crypt of the NecroDancer,Crypt of the NecroDancer,100.0
Monster Train 2,Monster Train 2,100.0
Necromunda: Hired Gun,Necromunda: Hired Gun,100.0
Silent Hunter 5: Battle of the Atlantic,Silent Hunter 5: Battle of the Atlantic,100.0
Rise of Industry,Rise of Industry,100.0
Hood: Outlaws & Legends,Hood: Outlaws & Legends,100.0
Brothers in Arms: Road to Hill 30,Brothers in Arms: Road to Hill 30,100.0
The Witness,The Witness,100.0
Hollow Knight,Hollow Knight,100.0
TowerFall Ascension,TowerFall Ascension,100.0
Max Payne 3,Max Payne 3,100.0
Year Walk,Year Walk,100.0
Hitman 2: Silent Assassin,Hitman 2: Silent Assassin,100.0
Mini Motorways,Mini Motorways,100.0
Need for Speed Payback,Need for Speed Payback,100.0
Sheltered,Sheltered,100.0
Trauma,Trauma,100.0
Take On Mars,Take On Mars,100.0
Daymare: 1998,Daymare: 1998,100.0
Goat Simulator,Goat Simulator,100.0
The Tiny Bang Story,The Tiny Bang Story,100.0
Jagged Alliance: Crossfire,Jagged Alliance: Crossfire,100.0
Space Hack,Space Hack,100.0
Return to Monkey Island,Return to Monkey Island,100.0
Psychonauts,Psychonauts,100.0
Dead Space,Dead Space,100.0
Company of Heroes: Opposing Fronts,Company of Heroes: Opposing Fronts,100.0
Unavowed,Unavowed,100.0
Call of Duty: United Offensive,Call of Duty: United Offensive,100.0
Raw Data,Raw Data,100.0
Dead Space 2,Dead Space 2,100.0
Life is Feudal: Your Own,Life is Feudal: Your Own,100.0
Cossacks 3,Cossacks 3,100.0
"Sir, You Are Being Hunted","Sir, You Are Being Hunted",100.0
Harry Potter: Quidditch Champions,Harry Potter: Quidditch Champions,100.0
Empire of Sin,Empire of Sin,100.0
The Blackout Club,The Blackout Club,100.0
Total War: WARHAMMER II,Total War: WARHAMMER II,100.0
Neva,Neva,100.0
Persona 4 Golden,Persona 4 Golden,100.0
Europa Universalis IV,Europa Universalis IV,100.0
INSIDE,INSIDE,100.0
Minishoot' Adventures,Minishoot' Adventures,100.0
F1 2019,F1 2019,100.0
Squirrel with a Gun,Squirrel with a Gun,100.0
Puzzle Agent 2,Puzzle Agent 2,100.0
Obscure,Obscure,100.0
Through the Woods,Through the Woods,100.0
Saints Row,Saints Row,100.0
Cargo Commander,Cargo Commander,100.0
Grand Ages: Medieval,Grand Ages: Medieval,100.0
Front Mission Evolved,Front Mission Evolved,100.0
Murderous Pursuits,Murderous Pursuits,100.0
Gone Home,Gone Home,100.0
Bastion,Bastion,100.0
Arco,Arco,100.0
Commandos 2: Men of Courage,Commandos 2: Men of Courage,100.0
Iconoclasts,Iconoclasts,100.0
West of Loathing,West of Loathing,100.0
"Warhammer 40,000: Dawn of War - Dark Crusade","Warhammer 40,000: Dawn of War - Dark Crusade",100.0
ANTONBLAST,ANTONBLAST,100.0
Gothic 3,Gothic 3,100.0
Lost Planet 2,Lost Planet 2,100.0
The Suicide of Rachel Foster,The Suicide of Rachel Foster,100.0
Pid,Pid,100.0
No Place Like Home,No Place Like Home,100.0
Call of the Wild: The Angler,Call of the Wild: The Angler,100.0
Nickelodeon All-Star Brawl,Nickelodeon All-Star Brawl,100.0
The Roottrees are Dead,The Roottrees are Dead,100.0
Minds Beneath Us,Minds Beneath Us,100.0
Startopia,Startopia,100.0
Supreme Commander,Supreme Commander,100.0
Turbo Overkill,Turbo Overkill,100.0
King's Bounty II,King's Bounty II,100.0
Dirty Bomb,Dirty Bomb,100.0
Bud Spencer & Terence Hill - Slaps And Beans,Bud Spencer & Terence Hill - Slaps And Beans,100.0
Summer in Mara,Summer in Mara,100.0
Cat Cafe Manager,Cat Cafe Manager,100.0
Vampire: The Masquerade - Shadows of New York,Vampire: The Masquerade - Shadows of New York,100.0
Hellpoint,Hellpoint,100.0
Hydrophobia: Prophecy,Hydrophobia: Prophecy,100.0
Post Trauma,Post Trauma,100.0
The Incredible Adventures of Van Helsing III,The Incredible Adventures of Van Helsing III,100.0
ADR1FT,ADR1FT,100.0
Sea of Solitude,Sea of Solitude,100.0
Total Annihilation,Total Annihilation,100.0
Resident Evil 5,Resident Evil 5,100.0
Vampire Survivors,Vampire Survivors,100.0
Total War: WARHAMMER,Total War: WARHAMMER,100.0
Diablo IV,Diablo IV,100.0
Rise of the Tomb Raider,Rise of the Tomb Raider,100.0
Call of Duty 2,Call of Duty 2,100.0
Command & Conquer 4: Tiberian Twilight,Command & Conquer 4: Tiberian Twilight,100.0
Party Hard,Party Hard,100.0
The Town of Light,The Town of Light,100.0
Sid Meier's Starships,Sid Meier's Starships,100.0
Kholat,Kholat,100.0
Alien Breed 3: Descent,Alien Breed 3: Descent,100.0
Hell Yeah! Wrath of the Dead Rabbit,Hell Yeah! Wrath of the Dead Rabbit,100.0
Gods Will Be Watching,Gods Will Be Watching,100.0
Valfaris,Valfaris,100.0
Rayman Origins,Rayman Origins,100.0
The Binding of Isaac: Rebirth,The Binding of Isaac: Rebirth,100.0
Tribes: Ascend,Tribes: Ascend,100.0
Ratchet & Clank: Rift Apart,Ratchet & Clank: Rift Apart,100.0
Yakuza 0,Yakuza 0,100.0
The Sims 3,The Sims 3,100.0
1000xRESIST,1000xRESIST,100.0
Red Faction II,Red Faction II,100.0
Hammerting,Hammerting,100.0
Guns of Icarus Online,Guns of Icarus Online,100.0
Serious Sam: The Random Encounter,Serious Sam: The Random Encounter,100.0
Ancestors: The Humankind Odyssey,Ancestors: The Humankind Odyssey,100.0
Command & Conquer: Red Alert 3 - Uprising,Command & Conquer: Red Alert 3 - Uprising,100.0
Whispering Willows,Whispering Willows,100.0
Chronology,Chronology,100.0
Serial Cleaner,Serial Cleaner,100.0
ELEX II,ELEX II,100.0
Homeworld Remastered Collection,Homeworld Remastered Collection,100.0
Max Payne 2: The Fall of Max Payne,Max Payne 2: The Fall of Max Payne,100.0
The Secret of Monkey Island: Special Edition,The Secret of Monkey Island: Special Edition,100.0
Mass Effect Legendary Edition,Mass Effect Legendary Edition,100.0
Riven,Riven,100.0
Dungeon Siege,Dungeon Siege,100.0
Dishonored 2,Dishonored 2,100.0
Her Story,Her Story,100.0
Panzer Corps 2,Panzer Corps 2,100.0
Deep Rock Galactic: Survivor,Deep Rock Galactic: Survivor,100.0
The Franz Kafka Videogame,The Franz Kafka Videogame,100.0
The Silver Case,The Silver Case,100.0
Farming Simulator 15,Farming Simulator 15,100.0
F1 2016,F1 2016,100.0
Total War: WARHAMMER III,Total War: WARHAMMER III,100.0
HROT,HROT,100.0
Tomb Raider,Tomb Raider,100.0
Wolfenstein II: The New Colossus,Wolfenstein II: The New Colossus,100.0
CrossCode,CrossCode,100.0
Returnal,Returnal,100.0
YIIK: A Postmodern RPG,YIIK: A Postmodern RPG,100.0
Warhammer Age of Sigmar: Storm Ground,Warhammer Age of Sigmar: Storm Ground,100.0
theHunter: Call of the Wild,theHunter: Call of the Wild,100.0
Defiance,Defiance,100.0
War for the Overworld,War for the Overworld,100.0
Sherlock Holmes: The Devil's Daughter,Sherlock Holmes: The Devil's Daughter,100.0
Way of the Hunter,Way of the Hunter,100.0
Tower of Fantasy,Tower of Fantasy,100.0
Aragami 2,Aragami 2,100.0
MachiaVillain,MachiaVillain,100.0
A Virus Named TOM,A Virus Named TOM,100.0
Journey of a Roach,Journey of a Roach,100.0
Thumper,Thumper,100.0
Dead Space (2008),Dead Space (2008),100.0
Chants of Sennaar,Chants of Sennaar,100.0
Pony Island,Pony Island,100.0
Desperados III,Desperados III,100.0
Age of Wonders II: The Wizard's Throne,Age of Wonders II: The Wizard's Throne,100.0
Star Trek: Infinite,Star Trek: Infinite,100.0
Depth,Depth,100.0
Red Solstice 2: Survivors,Red Solstice 2: Survivors,100.0
Aven Colony,Aven Colony,100.0
Minecraft Legends,Minecraft Legends,100.0
Thunder Tier One,Thunder Tier One,100.0
Orwell's Animal Farm,Orwell's Animal Farm,100.0
AO Tennis 2,AO Tennis 2,100.0
Path of Exile,Path of Exile,100.0
Titanfall 2,Titanfall 2,100.0
Wildermyth,Wildermyth,100.0
IL-2 Sturmovik: 1946,IL-2 Sturmovik: 1946,100.0
Monster Train,Monster Train,100.0
Bionic Commando: Rearmed,Bionic Commando: Rearmed,100.0
Blacksad: Under the Skin,Blacksad: Under the Skin,100.0
Blood of the Werewolf,Blood of the Werewolf,100.0
Heroes of Annihilated Empires,Heroes of Annihilated Empires,100.0
Heroes of Might & Magic III - HD Edition,Heroes of Might & Magic III - HD Edition,100.0
Counter-Strike: Condition Zero,Counter-Strike: Condition Zero,100.0
Turok,Turok,100.0
Twin Mirror,Twin Mirror,100.0
Road 96: Mile 0,Road 96: Mile 0,100.0
X-COM: Enforcer,X-COM: Enforcer,100.0
Immortal Planet,Immortal Planet,100.0
Dungeons,Dungeons,100.0
Torchlight III,Torchlight III,100.0
Inscryption,Inscryption,100.0
Risk of Rain 2,Risk of Rain 2,100.0
F1 2021,F1 2021,100.0
Injustice 2,Injustice 2,100.0
Rocket League,Rocket League,100.0
Citizen Sleeper 2: Starward Vector,Citizen Sleeper 2: Starward Vector,100.0
DiRT Rally,DiRT Rally,100.0
Cyberpunk 2077,Cyberpunk 2077,100.0
Assassin's Creed Odyssey,Assassin's Creed Odyssey,100.0
Day of the Tentacle Remastered,Day of the Tentacle Remastered,100.0
Astral Ascent,Astral Ascent,100.0
Football Manager 2019,Football Manager 2019,100.0
ENDER LILIES: Quietus of the Knights,ENDER LILIES: Quietus of the Knights,100.0
Wasteland 3,Wasteland 3,100.0
Deep Rock Galactic,Deep Rock Galactic,100.0
Buckshot Roulette,Buckshot Roulette,100.0
Cities: Skylines,Cities: Skylines,100.0
The Talos Principle,The Talos Principle,100.0
Immortals of Aveum,Immortals of Aveum,100.0
Ash of Gods: Redemption,Ash of Gods: Redemption,100.0
Cradle,Cradle,100.0
Yesterday,Yesterday,100.0
Slender: The Arrival,Slender: The Arrival,100.0
Paleo Pines,Paleo Pines,100.0
Stronghold: Warlords,Stronghold: Warlords,100.0
Citizens of Earth,Citizens of Earth,100.0
Bounty Train,Bounty Train,100.0
American Conquest: Fight Back,American Conquest: Fight Back,100.0
Strike Suit Zero,Strike Suit Zero,100.0
Hotline Miami,Hotline Miami,100.0
Command & Conquer 3: Tiberium Wars,Command & Conquer 3: Tiberium Wars,100.0
Battlerite,Battlerite,100.0
Paradigm,Paradigm,100.0
Starfield,Starfield,100.0
EverQuest,EverQuest,100.0
Among Us,Among Us,100.0
Gotham Knights,Gotham Knights,100.0
Hammerwatch II,Hammerwatch II,100.0
Kane & Lynch 2: Dog Days,Kane & Lynch 2: Dog Days,100.0
NaissanceE,NaissanceE,100.0
Halo: Spartan Strike,Halo: Spartan Strike,100.0
The Yawhg,The Yawhg,100.0
Sniper Elite V2,Sniper Elite V2,100.0
Sands of Salzaar,Sands of Salzaar,100.0
A Bird Story,A Bird Story,100.0
Dead Rising 2: Off the Record,Dead Rising 2: Off the Record,100.0
Amnesia: The Dark Descent,Amnesia: The Dark Descent,100.0
Frostpunk 2,Frostpunk 2,100.0
The Forgotten City,The Forgotten City,100.0
DOOM: The Dark Ages,DOOM: The Dark Ages,100.0
Core Keeper,Core Keeper,100.0
Wizardry 8,Wizardry 8,100.0
King Arthur II: The Role-Playing Wargame,King Arthur II: The Role-Playing Wargame,100.0
CONSORTIUM,CONSORTIUM,100.0
Dark Sector,Dark Sector,100.0
Forever Skies,Forever Skies,100.0
Star Trek Online,Star Trek Online,100.0
This Is the Police,This Is the Police,100.0
Rain World,Rain World,100.0
Battletoads,Battletoads,100.0
The Novelist,The Novelist,100.0
Medal of Honor: Above and Beyond,Medal of Honor: Above and Beyond,100.0
The Last Remnant,The Last Remnant,100.0
The Casting of Frank Stone,The Casting of Frank Stone,100.0
American Fugitive,American Fugitive,100.0
Strike Suit Infinity,Strike Suit Infinity,100.0
Medieval II: Total War Kingdoms,Medieval II: Total War Kingdoms,100.0
Shadow Tactics: Blades of the Shogun,Shadow Tactics: Blades of the Shogun,100.0
Kunitsu-Gami: Path of the Goddess,Kunitsu-Gami: Path of the Goddess,100.0
South Park: The Stick of Truth,South Park: The Stick of Truth,100.0
Dust: An Elysian Tail,Dust: An Elysian Tail,100.0
Solium Infernum,Solium Infernum,100.0
Chaos Reborn,Chaos Reborn,100.0
Copycat,Copycat,100.0
Achilles: Legends Untold,Achilles: Legends Untold,100.0
Rise of Venice,Rise of Venice,100.0
Fairy Fencer F,Fairy Fencer F,100.0
The Crew 2,The Crew 2,100.0
The Bureau: XCOM Declassified,The Bureau: XCOM Declassified,100.0
Cold Fear,Cold Fear,100.0
Lost Planet: Extreme Condition,Lost Planet: Extreme Condition,100.0
Valkyria Chronicles,Valkyria Chronicles,100.0
Frozen Synapse,Frozen Synapse,100.0
Machinarium,Machinarium,100.0
Assetto Corsa,Assetto Corsa,100.0
Prince of Persia: The Two Thrones,Prince of Persia: The Two Thrones,100.0
In Stars And Time,In Stars And Time,100.0
The Cosmic Wheel Sisterhood,The Cosmic Wheel Sisterhood,100.0
DmC: Devil May Cry,DmC: Devil May Cry,100.0
I Am Alive,I Am Alive,100.0
Theatre of War,Theatre of War,100.0
Secret Files: Tunguska,Secret Files: Tunguska,100.0
Broken Pieces,Broken Pieces,100.0
BattleBlock Theater,BattleBlock Theater,100.0
STASIS: BONE TOTEM,STASIS: BONE TOTEM,100.0
AudioSurf,AudioSurf,100.0
Far Cry 2,Far Cry 2,100.0
Oxygen Not Included,Oxygen Not Included,100.0
Football Manager 2022,Football Manager 2022,100.0
Mega Man Legacy Collection,Mega Man Legacy Collection,100.0
SteamWorld Dig 2,SteamWorld Dig 2,100.0
Quantum Break,Quantum Break,100.0
Age of Mythology: Extended Edition,Age of Mythology: Extended Edition,100.0
The Precinct,The Precinct,100.0
Dungeon Souls,Dungeon Souls,100.0
The King's Bird,The King's Bird,100.0
NBA Playgrounds,NBA Playgrounds,100.0
Faces of War,Faces of War,100.0
Scanner Sombre,Scanner Sombre,100.0
WE ARE FOOTBALL,WE ARE FOOTBALL,100.0
Atelier Ryza 3: Alchemist of the End & the Secret Key,Atelier Ryza 3: Alchemist of the End & the Secret Key,100.0
System Shock: Enhanced Edition,System Shock: Enhanced Edition,100.0
The Rise of the Golden Idol,The Rise of the Golden Idol,100.0
Thief: Deadly Shadows,Thief: Deadly Shadows,100.0
Rogue Legacy,Rogue Legacy,100.0
Full Metal Furies,Full Metal Furies,100.0
AMID EVIL,AMID EVIL,100.0
Death's Door,Death's Door,100.0
Onimusha: Warlords,Onimusha: Warlords,100.0
Operation Flashpoint: Red River,Operation Flashpoint: Red River,100.0
Alone in the Dark,Alone in the Dark,100.0
Frozenheim,Frozenheim,100.0
ICARUS,ICARUS,100.0
Warhammer Age of Sigmar: Realms of Ruin,Warhammer Age of Sigmar: Realms of Ruin,100.0
Shank,Shank,100.0
East India Company,East India Company,100.0
The Park,The Park,100.0
Outer Wilds,Outer Wilds,100.0
Trials Evolution: Gold Edition,Trials Evolution: Gold Edition,100.0
Shadow Gambit: The Cursed Crew,Shadow Gambit: The Cursed Crew,100.0
Thronebreaker: The Witcher Tales,Thronebreaker: The Witcher Tales,100.0
Football Manager 2021,Football Manager 2021,100.0
Bright Memory: Infinite,Bright Memory: Infinite,100.0
CivCity: Rome,CivCity: Rome,100.0
NBA 2K21,NBA 2K21,100.0
Ride 2,Ride 2,100.0
City of Gangsters,City of Gangsters,100.0
The Walking Dead: Michonne - A Telltale Miniseries,The Walking Dead: Michonne - A Telltale Miniseries,100.0
Bus Simulator 18,Bus Simulator 18,100.0
Weedcraft Inc,Weedcraft Inc,100.0
Exit the Gungeon,Exit the Gungeon,100.0
"Warhammer 40,000: Inquisitor - Martyr","Warhammer 40,000: Inquisitor - Martyr",100.0
Primal Carnage,Primal Carnage,100.0
Saints Row: The Third,Saints Row: The Third,100.0
DiRT Rally 2.0,DiRT Rally 2.0,100.0
DOOM,DOOM,100.0
"Papers, Please","Papers, Please",100.0
Manifold Garden,Manifold Garden,100.0
House Flipper,House Flipper,100.0
War Hospital,War Hospital,100.0
INDUSTRIA,INDUSTRIA,100.0
UFO: Aftershock,UFO: Aftershock,100.0
X: Beyond the Frontier,X: Beyond the Frontier,100.0
Still Life 2,Still Life 2,100.0
The Council,The Council,100.0
Fantasy Wars,Fantasy Wars,100.0
The Almost Gone,The Almost Gone,100.0
Say No! More,Say No! More,100.0
Penumbra: Requiem,Penumbra: Requiem,100.0
Train Fever,Train Fever,100.0
Rise of the Triad,Rise of the Triad,100.0
Planet Coaster,Planet Coaster,100.0
PlanetSide 2,PlanetSide 2,100.0
If Found...,If Found...,100.0
SpaceChem,SpaceChem,100.0
Middle-earth: Shadow of Mordor,Middle-earth: Shadow of Mordor,100.0
Two Point Museum,Two Point Museum,100.0
Tactics Ogre: Reborn,Tactics Ogre: Reborn,100.0
Fallout: New Vegas,Fallout: New Vegas,100.0
Oil Rush,Oil Rush,100.0
Edge Of Eternity,Edge Of Eternity,100.0
UFO: Aftermath,UFO: Aftermath,100.0
Life Eater,Life Eater,100.0
The Case of the Golden Idol,The Case of the Golden Idol,100.0
Rakuen,Rakuen,100.0
Pandora: First Contact,Pandora: First Contact,100.0
Space Empires V,Space Empires V,100.0
Ancient Space,Ancient Space,100.0
The Solus Project,The Solus Project,100.0
2Dark,2Dark,100.0
Munin,Munin,100.0
Serious Sam HD: The First Encounter,Serious Sam HD: The First Encounter,100.0
The Masterplan,The Masterplan,100.0
RIDE,RIDE,100.0
Men of War: Vietnam,Men of War: Vietnam,100.0
The Witcher Adventure Game,The Witcher Adventure Game,100.0
Mount & Blade: With Fire & Sword,Mount & Blade: With Fire & Sword,100.0
Dry Drowning,Dry Drowning,100.0
Little Inferno,Little Inferno,100.0
Battlezone: Combat Commander,Battlezone: Combat Commander,100.0
Rollers of the Realm,Rollers of the Realm,100.0
Game Dev Tycoon,Game Dev Tycoon,100.0
Tesla Effect: A Tex Murphy Adventure,Tesla Effect: A Tex Murphy Adventure,100.0
The Occupation,The Occupation,100.0
Enter the Gungeon,Enter the Gungeon,100.0
Eliza,Eliza,100.0
80 Days,80 Days,100.0
Darkest Dungeon,Darkest Dungeon,100.0
Gorogoa,Gorogoa,100.0
Shovel Knight Pocket Dungeon,Shovel Knight Pocket Dungeon,100.0
The Past Within,The Past Within,100.0
Scribblenauts Unmasked: A DC Comics Adventure,Scribblenauts Unmasked: A DC Comics Adventure,100.0
The Long Journey Home,The Long Journey Home,100.0
Line of Sight: Vietnam,Line of Sight: Vietnam,100.0
Battlefield 2042,Battlefield 2042,100.0
Exoprimal,Exoprimal,100.0
The Evil Within,The Evil Within,100.0
Soulstice,Soulstice,100.0
Deliver Us The Moon,Deliver Us The Moon,100.0
The Callisto Protocol,The Callisto Protocol,100.0
Avencast: Rise of the Mage,Avencast: Rise of the Mage,100.0
Just Cause 2,Just Cause 2,100.0
Frostpunk,Frostpunk,100.0
Infernax,Infernax,100.0
Nine Sols,Nine Sols,100.0
Little Goody Two Shoes,Little Goody Two Shoes,100.0
911 Operator,911 Operator,100.0
Serious Sam 4,Serious Sam 4,100.0
Aliens vs. Predator,Aliens vs. Predator,100.0
Crimsonland,Crimsonland,100.0
Trine 3: The Artifacts of Power,Trine 3: The Artifacts of Power,100.0
Blitzkrieg 3,Blitzkrieg 3,100.0
Need for Speed,Need for Speed,100.0
TSIOQUE,TSIOQUE,100.0
Commander: Conquest of the Americas,Commander: Conquest of the Americas,100.0
Neverending Nightmares,Neverending Nightmares,100.0
Teenage Mutant Ninja Turtles: Shredder's Revenge,Teenage Mutant Ninja Turtles: Shredder's Revenge,100.0
Hyper Light Drifter,Hyper Light Drifter,100.0
Griftlands,Griftlands,100.0
Crysis Warhead,Crysis Warhead,100.0
Streets of Rage 4,Streets of Rage 4,100.0
Football Manager 2020,Football Manager 2020,100.0
Five Nights at Freddy's 3,Five Nights at Freddy's 3,100.0
Costume Quest 2,Costume Quest 2,100.0
Pathway,Pathway,100.0
Binary Domain,Binary Domain,100.0
Hatoful Boyfriend,Hatoful Boyfriend,100.0
Project CARS 3,Project CARS 3,100.0
Men of War: Assault Squad 2,Men of War: Assault Squad 2,100.0
SOMA,SOMA,100.0
Viewfinder,Viewfinder,100.0
FTL: Faster Than Light,FTL: Faster Than Light,100.0
Black Mesa,Black Mesa,100.0
Risk of Rain Returns,Risk of Rain Returns,100.0
Tales of Arise,Tales of Arise,100.0
Gordian Quest,Gordian Quest,100.0
WARTILE,WARTILE,100.0
Kill It With Fire,Kill It With Fire,100.0
Legends of Kingdom Rush,Legends of Kingdom Rush,100.0
Steelrising,Steelrising,100.0
Cartel Tycoon,Cartel Tycoon,100.0
60 Parsecs!,60 Parsecs!,100.0
Strange Brigade,Strange Brigade,100.0
Sinking Island,Sinking Island,100.0
The Hong Kong Massacre,The Hong Kong Massacre,100.0
Thimbleweed Park,Thimbleweed Park,100.0
Anomaly Agent,Anomaly Agent,100.0
Age of Empires II: Definitive Edition,Age of Empires II: Definitive Edition,100.0
Grim Fandango Remastered,Grim Fandango Remastered,100.0
ICEY,ICEY,100.0
Nioh: Complete Edition,Nioh: Complete Edition,100.0
Broken Sword - Shadow of the Templars: Reforged,Broken Sword - Shadow of the Templars: Reforged,100.0
Brothers in Arms: Earned in Blood,Brothers in Arms: Earned in Blood,100.0
The Gunk,The Gunk,100.0
Sherlock Holmes: The Silver Earring,Sherlock Holmes: The Silver Earring,100.0
Shad'O,Shad'O,100.0
Firmament,Firmament,100.0
Nikopol: Secrets of the Immortals,Nikopol: Secrets of the Immortals,100.0
Agents of Mayhem,Agents of Mayhem,100.0
Project CARS 2,Project CARS 2,100.0
Telling Lies,Telling Lies,100.0
Momodora: Moonlit Farewell,Momodora: Moonlit Farewell,100.0
Patrick's Parabox,Patrick's Parabox,100.0
The Binding of Isaac,The Binding of Isaac,100.0
ENDER MAGNOLIA: Bloom in the Mist,ENDER MAGNOLIA: Bloom in the Mist,100.0
Fallout 4,Fallout 4,100.0
Blackguards,Blackguards,100.0
Chains of Freedom,Chains of Freedom,100.0
Steel Rats,Steel Rats,100.0
Empires Apart,Empires Apart,100.0
Call of Duty: Ghosts,Call of Duty: Ghosts,100.0
Tom Clancy's EndWar,Tom Clancy's EndWar,100.0
Conan Exiles,Conan Exiles,100.0
Galactic Civilizations IV,Galactic Civilizations IV,100.0
8-Bit Armies,8-Bit Armies,100.0
Farming Simulator 17,Farming Simulator 17,100.0
Earth Defense Force: Insect Armageddon,Earth Defense Force: Insect Armageddon,100.0
Bloodsports.TV,Bloodsports.TV,100.0
New Tales from the Borderlands,New Tales from the Borderlands,100.0
Death to Spies,Death to Spies,100.0
Marvel vs. Capcom: Infinite,Marvel vs. Capcom: Infinite,100.0
Shelter,Shelter,100.0
Assassin's Creed Origins,Assassin's Creed Origins,100.0
GRIS,GRIS,100.0
SpeedRunners,SpeedRunners,100.0
Crow Country,Crow Country,100.0
The End Is Nigh,The End Is Nigh,100.0
Cossacks II: Battle for Europe,Cossacks II: Battle for Europe,100.0
Lawn Mowing Simulator,Lawn Mowing Simulator,100.0
Safecracker: The Ultimate Puzzle Adventure,Safecracker: The Ultimate Puzzle Adventure,100.0
Megabyte Punch,Megabyte Punch,100.0
Miasma Chronicles,Miasma Chronicles,100.0
Imperial Glory,Imperial Glory,100.0
State of Mind,State of Mind,100.0
Detention,Detention,100.0
Gunpoint,Gunpoint,100.0
Grim Dawn,Grim Dawn,100.0
SUPERHOT VR,SUPERHOT VR,100.0
Two Point Hospital,Two Point Hospital,100.0
Ravenswatch,Ravenswatch,100.0
Ultimate General: Gettysburg,Ultimate General: Gettysburg,100.0
Prodeus,Prodeus,100.0
Yoku's Island Express,Yoku's Island Express,100.0
Football Manager 2024,Football Manager 2024,100.0
Lichdom: Battlemage,Lichdom: Battlemage,100.0
Octodad: Dadliest Catch,Octodad: Dadliest Catch,100.0
Thunder Wolves,Thunder Wolves,100.0
Ereban: Shadow Legacy,Ereban: Shadow Legacy,100.0
Moons of Madness,Moons of Madness,100.0
Laika: Aged Through Blood,Laika: Aged Through Blood,100.0
SMITE,SMITE,100.0
Anno 2070,Anno 2070,100.0
Everhood,Everhood,100.0
Bloodstained: Ritual of the Night,Bloodstained: Ritual of the Night,100.0
.hack//G.U. Last Recode,.hack//G.U. Last Recode,100.0
Aliens: Fireteam Elite,Aliens: Fireteam Elite,100.0
World of Warplanes,World of Warplanes,100.0
Runespell: Overture,Runespell: Overture,100.0
Warframe,Warframe,100.0
Foul Play,Foul Play,100.0
Valhalla Hills,Valhalla Hills,100.0
Order of War,Order of War,100.0
Resident Evil 6,Resident Evil 6,100.0
SIMULACRA 2,SIMULACRA 2,100.0
Shadows of Doubt,Shadows of Doubt,100.0
Thymesia,Thymesia,100.0
Rust,Rust,100.0
Kena: Bridge of Spirits,Kena: Bridge of Spirits,100.0
WHAT THE GOLF?,WHAT THE GOLF?,100.0
Orcs Must Die!,Orcs Must Die!,100.0
Age of Wonders 4,Age of Wonders 4,100.0
Blasphemous 2,Blasphemous 2,100.0
Hellblade: Senua's Sacrifice,Hellblade: Senua's Sacrifice,100.0
Siege Survival: Gloria Victis,Siege Survival: Gloria Victis,100.0
The Outlast Trials,The Outlast Trials,100.0
Warhammer: Chaosbane,Warhammer: Chaosbane,100.0
Millennia,Millennia,100.0
The Survivalists,The Survivalists,100.0
Risen 2: Dark Waters,Risen 2: Dark Waters,100.0
Minimum,Minimum,100.0
Toybox Turbos,Toybox Turbos,100.0
Jurassic World Evolution,Jurassic World Evolution,100.0
Tomb Raider: Anniversary,Tomb Raider: Anniversary,100.0
One Finger Death Punch 2,One Finger Death Punch 2,100.0
Hogwarts Legacy,Hogwarts Legacy,100.0
Strange Horticulture,Strange Horticulture,100.0
Devil Daggers,Devil Daggers,100.0
This War of Mine,This War of Mine,100.0
Parkitect,Parkitect,100.0
Deus Ex: Mankind Divided,Deus Ex: Mankind Divided,100.0
The Invisible Hand,The Invisible Hand,100.0
DESYNC,DESYNC,100.0
DOOM VFR,DOOM VFR,100.0
Graveyard Keeper,Graveyard Keeper,100.0
Crysis Remastered,Crysis Remastered,100.0
Sword of the Stars: The Pit,Sword of the Stars: The Pit,100.0
Rebel Cops,Rebel Cops,100.0
Banner of the Maid,Banner of the Maid,100.0
Magicka 2,Magicka 2,100.0
Unpacking,Unpacking,100.0
Two Point Campus,Two Point Campus,100.0
Project CARS,Project CARS,100.0
Need for Speed: Shift,Need for Speed: Shift,100.0
We Were Here Too,We Were Here Too,100.0
Scars Above,Scars Above,100.0
Orcs Must Die! Deathtrap,Orcs Must Die! Deathtrap,100.0
Abyss Odyssey,Abyss Odyssey,100.0
Battleborn,Battleborn,100.0
SpongeBob SquarePants: Battle for Bikini Bottom - Rehydrated,SpongeBob SquarePants: Battle for Bikini Bottom - Rehydrated,100.0
Age of Empires: Definitive Edition,Age of Empires: Definitive Edition,100.0
The Shrouded Isle,The Shrouded Isle,100.0
Ikenfell,Ikenfell,100.0
The Shrouded Isle,The Shrouded Isle,100.0
West of Dead,West of Dead,100.0
Deliver Us Mars,Deliver Us Mars,100.0
Darksiders,Darksiders,100.0
Age of Mythology: Retold,Age of Mythology: Retold,100.0
Destiny 2,Destiny 2,100.0
Little Nightmares II,Little Nightmares II,100.0
Terraria,Terraria,100.0
EverQuest II,EverQuest II,100.0
Observer: System Redux,Observer: System Redux,100.0
Sorcery! Parts 1 and 2,Sorcery! Parts 1 and 2,100.0
Wolfenstein: Youngblood,Wolfenstein: Youngblood,100.0
Pure Farming 2018,Pure Farming 2018,100.0
Affogato,Affogato,100.0
Blair Witch,Blair Witch,100.0
Trials Rising,Trials Rising,100.0
Monaco: What's Yours Is Mine,Monaco: What's Yours Is Mine,100.0
Alan Wake,Alan Wake,100.0
Starseed Pilgrim,Starseed Pilgrim,100.0
The Riftbreaker,The Riftbreaker,100.0
Orcs Must Die! 2,Orcs Must Die! 2,100.0
TEVI,TEVI,100.0
Enotria: The Last Song,Enotria: The Last Song,100.0
The Dark Pictures Anthology: The Devil in Me,The Dark Pictures Anthology: The Devil in Me,100.0
Halfway,Halfway,100.0
Ironclad Tactics,Ironclad Tactics,100.0
EVE Online,EVE Online,100.0
Mr. Shifty,Mr. Shifty,100.0
Tokyo Dark,Tokyo Dark,100.0
Sengoku,Sengoku,100.0
Fate of the World,Fate of the World,100.0
Homefront,Homefront,100.0
Prison Architect,Prison Architect,100.0
Torchlight,Torchlight,100.0
Call of Duty: World at War,Call of Duty: World at War,100.0
V Rising,V Rising,100.0
The Sexy Brutale,The Sexy Brutale,100.0
Jusant,Jusant,100.0
Hardspace: Shipbreaker,Hardspace: Shipbreaker,100.0
POPUCOM,POPUCOM,100.0
Yakuza: Like a Dragon,Yakuza: Like a Dragon,100.0
Cat Quest III,Cat Quest III,100.0
Transistor,Transistor,100.0
Serious Sam: Siberian Mayhem,Serious Sam: Siberian Mayhem,100.0
The Sims 4,The Sims 4,100.0
Sudden Strike 4,Sudden Strike 4,100.0
Lake,Lake,100.0
The Solitaire Conspiracy,The Solitaire Conspiracy,100.0
The Legend of Heroes: Trails in the Sky the 3rd,The Legend of Heroes: Trails in the Sky the 3rd,100.0
Subsurface Circular,Subsurface Circular,100.0
The Great Ace Attorney Chronicles,The Great Ace Attorney Chronicles,100.0
Freedom Planet,Freedom Planet,100.0
Katana ZERO,Katana ZERO,100.0
Valdis Story: Abyssal City,Valdis Story: Abyssal City,100.0
Before the Echo,Before the Echo,100.0
Pathologic 2,Pathologic 2,100.0
Taur,Taur,100.0
Starpoint Gemini 2,Starpoint Gemini 2,100.0
Storyteller,Storyteller,100.0
Soul Hackers 2,Soul Hackers 2,100.0
Puzzle Agent,Puzzle Agent,100.0
Legacy of Kain: Defiance,Legacy of Kain: Defiance,100.0
Anomaly Defenders,Anomaly Defenders,100.0
Democracy 3,Democracy 3,100.0
Mother Russia Bleeds,Mother Russia Bleeds,100.0
Beat Hazard,Beat Hazard,100.0
Grounded,Grounded,100.0
Hypnospace Outlaw,Hypnospace Outlaw,100.0
Pistol Whip,Pistol Whip,100.0
The Messenger,The Messenger,100.0
Farthest Frontier,Farthest Frontier,100.0
MiSide,MiSide,100.0
SANABI,SANABI,100.0
ABZU,ABZU,100.0
Blue Fire,Blue Fire,100.0
Road Redemption,Road Redemption,100.0
Kingdoms of Amalur: Re-Reckoning,Kingdoms of Amalur: Re-Reckoning,100.0
Lumino City,Lumino City,100.0
Magrunner: Dark Pulse,Magrunner: Dark Pulse,100.0
The Swindle,The Swindle,100.0
Superbrothers: Sword & Sworcery EP,Superbrothers: Sword & Sworcery EP,100.0
Marvel's Midnight Suns,Marvel's Midnight Suns,100.0
Myst III: Exile,Myst III: Exile,100.0
Lies of P,Lies of P,100.0
Broforce,Broforce,100.0
The Plucky Squire,The Plucky Squire,100.0
The First Berserker: Khazan,The First Berserker: Khazan,100.0
Beacon Pines,Beacon Pines,100.0
Thief,Thief,100.0
Scorn,Scorn,100.0
Garden Story,Garden Story,100.0
Dungeons 2,Dungeons 2,100.0
Moncage,Moncage,100.0
Halo: Spartan Assault,Halo: Spartan Assault,100.0
RONIN,RONIN,100.0
The Golf Club,The Golf Club,100.0
Immortal Realms: Vampire Wars,Immortal Realms: Vampire Wars,100.0
Forza Motorsport,Forza Motorsport,100.0
Resident Evil Village,Resident Evil Village,100.0
Counter-Strike: Global Offensive,Counter-Strike: Global Offensive,100.0
Door Kickers,Door Kickers,100.0
Prince of Persia: Warrior Within,Prince of Persia: Warrior Within,100.0
Duskers,Duskers,100.0
Hearts of Iron IV,Hearts of Iron IV,100.0
Steel Division: Normandy 44,Steel Division: Normandy 44,100.0
Roadwarden,Roadwarden,100.0
Sid Meier's Civilization IV: Colonization,Sid Meier's Civilization IV: Colonization,100.0
Iris.Fall,Iris.Fall,100.0
The Warlock of Firetop Mountain,The Warlock of Firetop Mountain,100.0
Yonder: The Cloud Catcher Chronicles,Yonder: The Cloud Catcher Chronicles,100.0
World War Z,World War Z,100.0
Minecraft Dungeons,Minecraft Dungeons,100.0
Disney Dreamlight Valley,Disney Dreamlight Valley,100.0
SnowRunner,SnowRunner,100.0
Killer Frequency,Killer Frequency,100.0
The Book of Unwritten Tales,The Book of Unwritten Tales,100.0
Command & Conquer Remastered Collection,Command & Conquer Remastered Collection,100.0
"Invisible, Inc.","Invisible, Inc.",100.0
Crown Trick,Crown Trick,100.0
F1 2018,F1 2018,100.0
Cities in Motion,Cities in Motion,100.0
Dead Synchronicity: Tomorrow Comes Today,Dead Synchronicity: Tomorrow Comes Today,100.0
Vampire: The Masquerade - Coteries of New York,Vampire: The Masquerade - Coteries of New York,100.0
Darksiders III,Darksiders III,100.0
Batman: Arkham Knight,Batman: Arkham Knight,100.0
Tokyo 42,Tokyo 42,100.0
Boyfriend Dungeon,Boyfriend Dungeon,100.0
Not For Broadcast,Not For Broadcast,100.0
The Banner Saga 2,The Banner Saga 2,100.0
L.A. Noire: The VR Case Files,L.A. Noire: The VR Case Files,100.0
Dawn of Discovery,Dawn of Discovery,100.0
Chivalry 2,Chivalry 2,100.0
Quantum League,Quantum League,100.0
Maneater,Maneater,100.0
Take On Helicopters,Take On Helicopters,100.0
Deep Sky Derelicts,Deep Sky Derelicts,100.0
Maquette,Maquette,100.0
Starship Troopers: Terran Command,Starship Troopers: Terran Command,100.0
Company of Heroes: Tales of Valor,Company of Heroes: Tales of Valor,100.0
Lead and Gold: Gangs of the Wild West,Lead and Gold: Gangs of the Wild West,100.0
Nosferatu: The Wrath of Malachi,Nosferatu: The Wrath of Malachi,100.0
Crossing Souls,Crossing Souls,100.0
Life is Strange 2,Life is Strange 2,100.0
Bejeweled 3,Bejeweled 3,100.0
Dangerous Waters,Dangerous Waters,100.0
One Step From Eden,One Step From Eden,100.0
Act of War: Direct Action,Act of War: Direct Action,100.0
Yakuza 6: The Song of Life,Yakuza 6: The Song of Life,100.0
SUPERHOT,SUPERHOT,100.0
ARK: Survival Evolved,ARK: Survival Evolved,100.0
Dice Legacy,Dice Legacy,100.0
Assassin's Creed Unity,Assassin's Creed Unity,100.0
Foregone,Foregone,100.0
Halcyon 6: Starbase Commander,Halcyon 6: Starbase Commander,100.0
Beat Cop,Beat Cop,100.0
Men of Valor,Men of Valor,100.0
Sniper Ghost Warrior Contracts,Sniper Ghost Warrior Contracts,100.0
Post Mortem,Post Mortem,100.0
Pro Cycling Manager 2017,Pro Cycling Manager 2017,100.0
Transport Fever,Transport Fever,100.0
Welcome to ParadiZe,Welcome to ParadiZe,100.0
Not Tonight,Not Tonight,100.0
Eastward,Eastward,100.0
Stray,Stray,100.0
Danganronpa: Trigger Happy Havoc,Danganronpa: Trigger Happy Havoc,100.0
Antichamber,Antichamber,100.0
Yakuza Kiwami 2,Yakuza Kiwami 2,100.0
Tomb Raider: Legend,Tomb Raider: Legend,100.0
Cultist Simulator,Cultist Simulator,100.0
Undisputed,Undisputed,100.0
Destroy All Humans! 2 - Reprobed,Destroy All Humans! 2 - Reprobed,100.0
Legends of Eisenwald,Legends of Eisenwald,100.0
Crazy Machines 3,Crazy Machines 3,100.0
Aragami,Aragami,100.0
Half-Life: Blue Shift,Half-Life: Blue Shift,100.0
Dreamfall Chapters,Dreamfall Chapters,100.0
X3: Reunion,X3: Reunion,100.0
Destroy All Humans!,Destroy All Humans!,100.0
Breathedge,Breathedge,100.0
Hoa,Hoa,100.0
Automachef,Automachef,100.0
Metro Exodus,Metro Exodus,100.0
Sins of a Solar Empire: Rebellion,Sins of a Solar Empire: Rebellion,100.0
Hero's Hour,Hero's Hour,100.0
Assassin's Creed Valhalla,Assassin's Creed Valhalla,100.0
Hacknet,Hacknet,100.0
Coral Island,Coral Island,100.0
A Plague Tale: Requiem,A Plague Tale: Requiem,100.0
Pinstripe,Pinstripe,100.0
Runes of Magic,Runes of Magic,100.0
Nuclear Dawn,Nuclear Dawn,100.0
Morbid: The Seven Acolytes,Morbid: The Seven Acolytes,100.0
Enclave,Enclave,100.0
World War III: Black Gold,World War III: Black Gold,100.0
Fobia - St. Dinfna Hotel,Fobia - St. Dinfna Hotel,100.0
Eiyuden Chronicle: Rising,Eiyuden Chronicle: Rising,100.0
Subnautica: Below Zero,Subnautica: Below Zero,100.0
Children of Morta,Children of Morta,100.0
Cult of the Lamb,Cult of the Lamb,100.0
The Life and Suffering of Sir Brante,The Life and Suffering of Sir Brante,100.0
Aquaria,Aquaria,100.0
The Outer Worlds,The Outer Worlds,100.0
Lara Croft and the Guardian of Light,Lara Croft and the Guardian of Light,100.0
SpongeBob SquarePants: The Cosmic Shake,SpongeBob SquarePants: The Cosmic Shake,100.0
Trek to Yomi,Trek to Yomi,100.0
9 Monkeys of Shaolin,9 Monkeys of Shaolin,100.0
The Detail,The Detail,100.0
Keep Talking and Nobody Explodes,Keep Talking and Nobody Explodes,100.0
OVIVO,OVIVO,100.0
A Normal Lost Phone,A Normal Lost Phone,100.0
Gloomhaven,Gloomhaven,100.0
Monday Night Combat,Monday Night Combat,100.0
Creaks,Creaks,100.0
S.T.A.L.K.E.R.: Shadow of Chernobyl,S.T.A.L.K.E.R.: Shadow of Chernobyl,100.0
The Last Spell,The Last Spell,100.0
Romancing SaGa 2: Revenge of the Seven,Romancing SaGa 2: Revenge of the Seven,100.0
Pyre,Pyre,100.0
The Banner Saga 3,The Banner Saga 3,100.0
Star Trek: Resurgence,Star Trek: Resurgence,100.0
Battlefield Hardline,Battlefield Hardline,100.0
Tom Clancy's Ghost Recon: Future Soldier,Tom Clancy's Ghost Recon: Future Soldier,100.0
"Warhammer 40,000: Gladius - Relics of War","Warhammer 40,000: Gladius - Relics of War",100.0
Kingdoms and Castles,Kingdoms and Castles,100.0
Snake Pass,Snake Pass,100.0
The Elder Scrolls Online,The Elder Scrolls Online,100.0
Archvale,Archvale,100.0
Legend of Grimrock,Legend of Grimrock,100.0
Shadows Over Loathing,Shadows Over Loathing,100.0
Wandersong,Wandersong,100.0
Fallout Tactics: Brotherhood of Steel,Fallout Tactics: Brotherhood of Steel,100.0
Phantom Brigade,Phantom Brigade,100.0
Lilly Looking Through,Lilly Looking Through,100.0
LEGO Worlds,LEGO Worlds,100.0
Asterigos: Curse of the Stars,Asterigos: Curse of the Stars,100.0
The Escapists,The Escapists,100.0
Gray Dawn,Gray Dawn,100.0
Operation: Tango,Operation: Tango,100.0
Goat Simulator 3,Goat Simulator 3,100.0
UFO: Afterlight,UFO: Afterlight,100.0
Jolly Rover,Jolly Rover,100.0
J.U.L.I.A.: Among the Stars,J.U.L.I.A.: Among the Stars,100.0
Poker Night at the Inventory,Poker Night at the Inventory,100.0
Crusader Kings II,Crusader Kings II,100.0
Desktop Dungeons,Desktop Dungeons,100.0
Nightmare Reaper,Nightmare Reaper,100.0
We Were Here Expeditions: The FriendShip,We Were Here Expeditions: The FriendShip,100.0
The Typing of The Dead: Overkill,The Typing of The Dead: Overkill,100.0
Hotshot Racing,Hotshot Racing,100.0
Styx: Master of Shadows,Styx: Master of Shadows,100.0
ANNO: Mutationem,ANNO: Mutationem,100.0
Dead by Daylight,Dead by Daylight,100.0
ASTRONEER,ASTRONEER,100.0
Conarium,Conarium,100.0
Somerville,Somerville,100.0
Gyromancer,Gyromancer,100.0
Grow Up,Grow Up,100.0
Recettear: An Item Shop's Tale,Recettear: An Item Shop's Tale,100.0
Technobabylon,Technobabylon,100.0
Cataclismo,Cataclismo,100.0
Roots of Pacha,Roots of Pacha,100.0
Lost in Play,Lost in Play,100.0
Mortal Kombat 1,Mortal Kombat 1,100.0
Tainted Grail: Conquest,Tainted Grail: Conquest,100.0
Screencheat,Screencheat,100.0
Pumpkin Jack,Pumpkin Jack,100.0
The Crew,The Crew,100.0
Albion Online,Albion Online,100.0
X2: The Threat,X2: The Threat,100.0
Until Dawn,Until Dawn,100.0
Killing Floor,Killing Floor,100.0
WWE 2K22,WWE 2K22,100.0
Turnip Boy Commits Tax Evasion,Turnip Boy Commits Tax Evasion,100.0
Shank 2,Shank 2,100.0
The Great War: Western Front,The Great War: Western Front,100.0
Syberia,Syberia,100.0
Command & Conquer: Red Alert 3,Command & Conquer: Red Alert 3,100.0
Duelyst,Duelyst,100.0
UnMetal,UnMetal,100.0
The Vanishing of Ethan Carter,The Vanishing of Ethan Carter,100.0
Need for Speed Heat,Need for Speed Heat,100.0
GreedFall,GreedFall,100.0
F1 24,F1 24,100.0
Carto,Carto,100.0
Dread Templar,Dread Templar,100.0
Tetrobot and Co.,Tetrobot and Co.,100.0
Watch Dogs: Legion,Watch Dogs: Legion,100.0
Vampyr,Vampyr,100.0
Zombie Army Trilogy,Zombie Army Trilogy,100.0
The Last Tinker: City of Colors,The Last Tinker: City of Colors,100.0
XIII,XIII,100.0
Anarchy Online,Anarchy Online,100.0
The Station,The Station,100.0
Wargroove,Wargroove,100.0
Prince of Persia,Prince of Persia,100.0
Turnip Boy Robs a Bank,Turnip Boy Robs a Bank,100.0
Gears 5,Gears 5,100.0
Warhammer: Vermintide 2,Warhammer: Vermintide 2,100.0
Monster Hunter Stories 2: Wings of Ruin,Monster Hunter Stories 2: Wings of Ruin,100.0
Circuit Superstars,Circuit Superstars,100.0
Chicken Police - Paint it RED!,Chicken Police - Paint it RED!,100.0
King's Bounty: Armored Princess,King's Bounty: Armored Princess,100.0
Call of Duty: Vanguard,Call of Duty: Vanguard,100.0
Narcosis,Narcosis,100.0
"Football, Tactics & Glory","Football, Tactics & Glory",100.0
Wizard with a Gun,Wizard with a Gun,100.0
Aeterna Noctis,Aeterna Noctis,100.0
The Texas Chain Saw Massacre,The Texas Chain Saw Massacre,100.0
Conan Chop Chop,Conan Chop Chop,100.0
Rogue Lords,Rogue Lords,100.0
Cities in Motion 2,Cities in Motion 2,100.0
Citizen Sleeper,Citizen Sleeper,100.0
Ace Attorney Investigations Collection,Ace Attorney Investigations Collection,100.0
30XX,30XX,100.0
Loop Hero,Loop Hero,100.0
Prey,Prey,100.0
Sakuna: Of Rice and Ruin,Sakuna: Of Rice and Ruin,100.0
Saints Row 2,Saints Row 2,100.0
The Political Machine,The Political Machine,100.0
Dark Devotion,Dark Devotion,100.0
Hextech Mayhem: A League of Legends Story,Hextech Mayhem: A League of Legends Story,100.0
Dream Daddy: A Dad Dating Simulator,Dream Daddy: A Dad Dating Simulator,100.0
Homesick,Homesick,100.0
Hitman: Blood Money,Hitman: Blood Money,100.0
A Short Hike,A Short Hike,100.0
Botanicula,Botanicula,100.0
Lethal League,Lethal League,100.0
Greak: Memories of Azur,Greak: Memories of Azur,100.0
Crazy Machines 2,Crazy Machines 2,100.0
Dungeon Siege III,Dungeon Siege III,100.0
Gray Matter,Gray Matter,100.0
Heavy Bullets,Heavy Bullets,100.0
Tormentum - Dark Sorrow,Tormentum - Dark Sorrow,100.0
Black The Fall,Black The Fall,100.0
Amnesia: A Machine for Pigs,Amnesia: A Machine for Pigs,100.0
Bear and Breakfast,Bear and Breakfast,100.0
Before We Leave,Before We Leave,100.0
The Inner World,The Inner World,100.0
Embr,Embr,100.0
Way of the Samurai 4,Way of the Samurai 4,100.0
Victoria 3,Victoria 3,100.0
Wreckfest,Wreckfest,100.0
ISLANDERS,ISLANDERS,100.0
WildStar,WildStar,100.0
Cyber Shadow,Cyber Shadow,100.0
Fell Seal: Arbiter's Mark,Fell Seal: Arbiter's Mark,100.0
Duke Nukem 3D: 20th Anniversary World Tour,Duke Nukem 3D: 20th Anniversary World Tour,100.0
Champions Online,Champions Online,100.0
Styx: Shards of Darkness,Styx: Shards of Darkness,100.0
Primordia,Primordia,100.0
Medal of Honor,Medal of Honor,100.0
The Incredible Adventures of Van Helsing,The Incredible Adventures of Van Helsing,100.0
Rock of Ages 3: Make & Break,Rock of Ages 3: Make & Break,100.0
Call of Juarez,Call of Juarez,100.0
GRIME,GRIME,100.0
Quadrilateral Cowboy,Quadrilateral Cowboy,100.0
To the Moon,To the Moon,100.0
Rusty's Retirement,Rusty's Retirement,100.0
Torment: Tides of Numenera,Torment: Tides of Numenera,100.0
Battlefield 4,Battlefield 4,100.0
Nidhogg,Nidhogg,100.0
Doki Doki Literature Club Plus!,Doki Doki Literature Club Plus!,100.0
Starbound,Starbound,100.0
Quake 4,Quake 4,100.0
Beyond Blue,Beyond Blue,100.0
FlatOut,FlatOut,100.0
Big Pharma,Big Pharma,100.0
SILT,SILT,100.0
Avatar: Frontiers of Pandora,Avatar: Frontiers of Pandora,100.0
Mafia II: Definitive Edition,Mafia II: Definitive Edition,100.0
Cloudbuilt,Cloudbuilt,100.0
VVVVVV,VVVVVV,100.0
Supreme Commander: Forged Alliance,Supreme Commander: Forged Alliance,100.0
War Thunder,War Thunder,100.0
Hooked on You: A Dead by Daylight Dating Sim,Hooked on You: A Dead by Daylight Dating Sim,100.0
The Last Faith,The Last Faith,100.0
"Warhammer 40,000: Battlesector","Warhammer 40,000: Battlesector",100.0
LEGO Jurassic World,LEGO Jurassic World,100.0
Born of Bread,Born of Bread,100.0
Book of Demons,Book of Demons,100.0
Steep,Steep,100.0
Terminator: Dark Fate - Defiance,Terminator: Dark Fate - Defiance,100.0
The Invincible,The Invincible,100.0
Renowned Explorers: International Society,Renowned Explorers: International Society,100.0
Tails Noir,Tails Noir,100.0
Mount & Blade,Mount & Blade,100.0
Aarklash: Legacy,Aarklash: Legacy,100.0
Shattered Horizon,Shattered Horizon,100.0
The Journey Down: Chapter One,The Journey Down: Chapter One,100.0
Bugsnax,Bugsnax,100.0
Tower 57,Tower 57,100.0
Alien: Isolation,Alien: Isolation,100.0
Rising Storm 2: Vietnam,Rising Storm 2: Vietnam,100.0
Downwell,Downwell,100.0
Life is Strange: True Colors,Life is Strange: True Colors,100.0
Wolfenstein: The New Order,Wolfenstein: The New Order,100.0
Granblue Fantasy: Relink,Granblue Fantasy: Relink,100.0
Commandos 3: Destination Berlin,Commandos 3: Destination Berlin,100.0
Stubbs the Zombie in Rebel Without a Pulse,Stubbs the Zombie in Rebel Without a Pulse,100.0
Loadout,Loadout,100.0
Ridge Racer Unbounded,Ridge Racer Unbounded,100.0
The Last Federation,The Last Federation,100.0
Block N Load,Block N Load,100.0
Anno 2205,Anno 2205,100.0
Blocks That Matter,Blocks That Matter,100.0
DC Universe Online,DC Universe Online,100.0
Bully: Scholarship Edition,Bully: Scholarship Edition,100.0
F1 23,F1 23,100.0
Like a Dragon: Pirate Yakuza in Hawaii,Like a Dragon: Pirate Yakuza in Hawaii,100.0
Symphony of War: The Nephilim Saga,Symphony of War: The Nephilim Saga,100.0
Faeria,Faeria,100.0
Paradise Killer,Paradise Killer,100.0
MORDHAU,MORDHAU,100.0
Stygian: Reign of the Old Ones,Stygian: Reign of the Old Ones,100.0
Frog Detective 2: The Case of the Invisible Wizard,Frog Detective 2: The Case of the Invisible Wizard,100.0
Serious Sam 3: BFE,Serious Sam 3: BFE,100.0
Grand Ages: Rome,Grand Ages: Rome,100.0
The Surge,The Surge,100.0
Goblin Stone,Goblin Stone,100.0
Men of War II,Men of War II,100.0
Solar 2,Solar 2,100.0
Lamplight City,Lamplight City,100.0
The Cat Lady,The Cat Lady,100.0
Suzerain,Suzerain,100.0
The Cat Lady,The Cat Lady,100.0
The Pedestrian,The Pedestrian,100.0
F1 22,F1 22,100.0
EVERSPACE 2,EVERSPACE 2,100.0
Ghostrunner,Ghostrunner,100.0
Unravel,Unravel,100.0
Cozy Grove,Cozy Grove,100.0
"Honey, I Joined a Cult","Honey, I Joined a Cult",100.0
Gratuitous Space Battles,Gratuitous Space Battles,100.0
Let's School,Let's School,100.0
The Dark Pictures Anthology: House of Ashes,The Dark Pictures Anthology: House of Ashes,100.0
Behind the Frame: The Finest Scenery,Behind the Frame: The Finest Scenery,100.0
Arcanum: Of Steamworks and Magick Obscura,Arcanum: Of Steamworks and Magick Obscura,100.0
SteamWorld Heist,SteamWorld Heist,100.0
Trials of Fire,Trials of Fire,100.0
Ghostrunner 2,Ghostrunner 2,100.0
The Elder Scrolls V: Skyrim VR,The Elder Scrolls V: Skyrim VR,100.0
X3: Terran Conflict,X3: Terran Conflict,100.0
Disciples: Liberation,Disciples: Liberation,100.0
Sniper Ghost Warrior Contracts 2,Sniper Ghost Warrior Contracts 2,100.0
Call of Duty: Black Ops III,Call of Duty: Black Ops III,100.0
Fe,Fe,100.0
Call of Duty: WWII,Call of Duty: WWII,100.0
Beyond Divinity,Beyond Divinity,100.0
Minoria,Minoria,100.0
Project Highrise,Project Highrise,100.0
Haven,Haven,100.0
The Dark Pictures Anthology: Little Hope,The Dark Pictures Anthology: Little Hope,100.0
WE ARE FOOTBALL 2024,WE ARE FOOTBALL 2024,100.0
Firewatch,Firewatch,100.0
Overlord,Overlord,100.0
Children of the Sun,Children of the Sun,100.0
DG2: Defense Grid 2,DG2: Defense Grid 2,100.0
Boomerang X,Boomerang X,100.0
Kingdoms of Amalur: Reckoning,Kingdoms of Amalur: Reckoning,100.0
Finding Paradise,Finding Paradise,100.0
Earth 2160,Earth 2160,100.0
Hitman: Codename 47,Hitman: Codename 47,100.0
Yooka-Laylee,Yooka-Laylee,100.0
Evil West,Evil West,100.0
The Flame in the Flood,The Flame in the Flood,100.0
Poly Bridge,Poly Bridge,100.0
Draugen,Draugen,100.0
"Warhammer 40,000: Dawn of War - Soulstorm","Warhammer 40,000: Dawn of War - Soulstorm",100.0
CHUCHEL,CHUCHEL,100.0
Darkest Dungeon II,Darkest Dungeon II,100.0
Back to the Dawn,Back to the Dawn,100.0
Overboard!,Overboard!,100.0
OTXO,OTXO,100.0
The Hex,The Hex,100.0
Waveform,Waveform,100.0
Little Nightmares,Little Nightmares,100.0
Zombie Night Terror,Zombie Night Terror,100.0
Reigns: Her Majesty,Reigns: Her Majesty,100.0
Red Orchestra: Ostfront 41-45,Red Orchestra: Ostfront 41-45,100.0
Alpha Protocol,Alpha Protocol,100.0
Star Trucker,Star Trucker,100.0
Worms Revolution,Worms Revolution,100.0
Hard West,Hard West,100.0
Thea: The Awakening,Thea: The Awakening,100.0
RAGE 2,RAGE 2,100.0
Overcooked! 2,Overcooked! 2,100.0
Dragon's Dogma: Dark Arisen,Dragon's Dogma: Dark Arisen,100.0
The Walking Dead: Saints & Sinners,The Walking Dead: Saints & Sinners,100.0
Rollerdrome,Rollerdrome,100.0
Stranded: Alien Dawn,Stranded: Alien Dawn,100.0
Borderlands 3,Borderlands 3,100.0
Rochard,Rochard,100.0
Starpoint Gemini Warlords,Starpoint Gemini Warlords,100.0
Isonzo,Isonzo,100.0
Kona,Kona,100.0
Mandragora: Whispers of the Witch Tree,Mandragora: Whispers of the Witch Tree,100.0
112 Operator,112 Operator,100.0
Session: Skate Sim,Session: Skate Sim,100.0
Steel Division 2,Steel Division 2,100.0
Iron Danger,Iron Danger,100.0
Visage,Visage,100.0
The Bug Butcher,The Bug Butcher,100.0
Jagged Alliance 3,Jagged Alliance 3,100.0
F1 Manager 2024,F1 Manager 2024,100.0
Sid Meier's Civilization: Beyond Earth,Sid Meier's Civilization: Beyond Earth,100.0
F.I.S.T.: Forged In Shadow Torch,F.I.S.T.: Forged In Shadow Torch,100.0
The Planet Crafter,The Planet Crafter,100.0
Ni no Kuni II: Revenant Kingdom,Ni no Kuni II: Revenant Kingdom,100.0
Happy Game,Happy Game,100.0
Gas Guzzlers Extreme,Gas Guzzlers Extreme,100.0
Worms Clan Wars,Worms Clan Wars,100.0
CastleStorm,CastleStorm,100.0
Always Sometimes Monsters,Always Sometimes Monsters,100.0
Monster Prom,Monster Prom,100.0
Frontlines: Fuel of War,Frontlines: Fuel of War,100.0
The Fall Part 2: Unbound,The Fall Part 2: Unbound,100.0
Tails of Iron,Tails of Iron,100.0
Have a Nice Death,Have a Nice Death,100.0
Call of Duty: Modern Warfare,Call of Duty: Modern Warfare,100.0
Call of Duty: Black Ops,Call of Duty: Black Ops,100.0
Anno 1800,Anno 1800,100.0
Sackboy: A Big Adventure,Sackboy: A Big Adventure,100.0
"Warhammer 40,000: Chaos Gate - Daemonhunters","Warhammer 40,000: Chaos Gate - Daemonhunters",100.0
The Legend of Tianding,The Legend of Tianding,100.0
A Story About My Uncle,A Story About My Uncle,100.0
Banished,Banished,100.0
Rocket Arena,Rocket Arena,100.0
Warlock 2: The Exiled,Warlock 2: The Exiled,100.0
Strike Vector,Strike Vector,100.0
Tomb Raider I-III Remastered Starring Lara Croft,Tomb Raider I-III Remastered Starring Lara Croft,100.0
Exo One,Exo One,100.0
Monster Sanctuary,Monster Sanctuary,100.0
Slime Rancher,Slime Rancher,100.0
Planet Zoo,Planet Zoo,100.0
Stories Untold,Stories Untold,100.0
Galactic Civilizations III,Galactic Civilizations III,100.0
The Age of Decadence,The Age of Decadence,100.0
Call of Duty: Infinite Warfare,Call of Duty: Infinite Warfare,100.0
Need for Speed Unbound,Need for Speed Unbound,100.0
PixelJunk Shooter,PixelJunk Shooter,100.0
Tribes of Midgard,Tribes of Midgard,100.0
Hack 'n' Slash,Hack 'n' Slash,100.0
LEGO Pirates of the Caribbean: The Video Game,LEGO Pirates of the Caribbean: The Video Game,100.0
Cloudpunk,Cloudpunk,100.0
Mega Man Legacy Collection 2,Mega Man Legacy Collection 2,100.0
My Friend Pedro,My Friend Pedro,100.0
Syberia: The World Before,Syberia: The World Before,100.0
Battlefield V,Battlefield V,100.0
Desktop Dungeons: Rewind,Desktop Dungeons: Rewind,100.0
Motorsport Manager,Motorsport Manager,100.0
Mirror's Edge,Mirror's Edge,100.0
F1 25,F1 25,100.0
Spellcaster University,Spellcaster University,100.0
Dread Delusion,Dread Delusion,100.0
Hard Reset Redux,Hard Reset Redux,100.0
Cogs,Cogs,100.0
King's Bounty: Dark Side,King's Bounty: Dark Side,100.0
Dungeon Hearts,Dungeon Hearts,100.0
Alan Wake's American Nightmare,Alan Wake's American Nightmare,100.0
Century: Age of Ashes,Century: Age of Ashes,100.0
Lightmatter,Lightmatter,100.0
Medieval Dynasty,Medieval Dynasty,100.0
Mad Max,Mad Max,100.0
Ys: The Oath in Felghana,Ys: The Oath in Felghana,100.0
Lost Records: Bloom & Rage,Lost Records: Bloom & Rage,100.0
Cossacks II: Napoleonic Wars,Cossacks II: Napoleonic Wars,100.0
Livelock,Livelock,100.0
World of Warships,World of Warships,100.0
A Plague Tale: Innocence,A Plague Tale: Innocence,100.0
Yooka-Laylee and the Impossible Lair,Yooka-Laylee and the Impossible Lair,100.0
Company of Heroes 3,Company of Heroes 3,100.0
Kingdom Eighties,Kingdom Eighties,100.0
ZERO Sievert,ZERO Sievert,100.0
Mortal Kombat Komplete Edition,Mortal Kombat Komplete Edition,100.0
South Park: The Fractured But Whole,South Park: The Fractured But Whole,100.0
Nowhere Prophet,Nowhere Prophet,100.0
Eternal Threads,Eternal Threads,100.0
Farming Simulator 19,Farming Simulator 19,100.0
Punch Club,Punch Club,100.0
RACE On,RACE On,100.0
Rise of the Ronin,Rise of the Ronin,100.0
Void Bastards,Void Bastards,100.0
Lost Ark,Lost Ark,100.0
Antihero,Antihero,100.0
Katamari Damacy REROLL,Katamari Damacy REROLL,100.0
Atlas Reactor,Atlas Reactor,100.0
Age of Wonders: Planetfall,Age of Wonders: Planetfall,100.0
Death's Gambit: Afterlife,Death's Gambit: Afterlife,100.0
Trine 4: The Nightmare Prince,Trine 4: The Nightmare Prince,100.0
Dungeon Defenders,Dungeon Defenders,100.0
Dishonored: Death of the Outsider,Dishonored: Death of the Outsider,100.0
Wargame: European Escalation,Wargame: European Escalation,100.0
Phoenix Wright: Ace Attorney Trilogy,Phoenix Wright: Ace Attorney Trilogy,100.0
Old World,Old World,100.0
Gears Tactics,Gears Tactics,100.0
Northgard,Northgard,100.0
Defense Grid: The Awakening,Defense Grid: The Awakening,100.0
Black Myth: Wukong,Black Myth: Wukong,100.0
Nebuchadnezzar,Nebuchadnezzar,100.0
Tesla vs Lovecraft,Tesla vs Lovecraft,100.0
MechWarrior 5: Mercenaries,MechWarrior 5: Mercenaries,100.0
S.T.A.L.K.E.R. 2: Heart of Chornobyl,S.T.A.L.K.E.R. 2: Heart of Chornobyl,100.0
Quarantine Circular,Quarantine Circular,100.0
FAR: Changing Tides,FAR: Changing Tides,100.0
Dune: Spice Wars,Dune: Spice Wars,100.0
Killsquad,Killsquad,100.0
Far Cry New Dawn,Far Cry New Dawn,100.0
Coromon,Coromon,100.0
Shadow Warrior,Shadow Warrior,100.0
Mainlining,Mainlining,100.0
The Testament of Sherlock Holmes,The Testament of Sherlock Holmes,100.0
The Deadly Tower of Monsters,The Deadly Tower of Monsters,100.0
The Elder Scrolls: Legends,The Elder Scrolls: Legends,100.0
Dorfromantik,Dorfromantik,100.0
My Time at Sandrock,My Time at Sandrock,100.0
Age of Conan: Unchained,Age of Conan: Unchained,100.0
Cursed to Golf,Cursed to Golf,100.0
Like a Dragon: Ishin!,Like a Dragon: Ishin!,100.0
Lovers in a Dangerous Spacetime,Lovers in a Dangerous Spacetime,100.0
The Last Campfire,The Last Campfire,100.0
Dark Deity,Dark Deity,100.0
Severed Steel,Severed Steel,100.0
Stories: The Path of Destinies,Stories: The Path of Destinies,100.0
Neverwinter,Neverwinter,100.0
Skul: The Hero Slayer,Skul: The Hero Slayer,100.0
Tyranny,Tyranny,100.0
Syberia II,Syberia II,100.0
Tom Clancy's Ghost Recon,Tom Clancy's Ghost Recon,100.0
Detroit: Become Human,Detroit: Become Human,100.0
Trials Fusion,Trials Fusion,100.0
Spirit City: Lofi Sessions,Spirit City: Lofi Sessions,100.0
Youropa,Youropa,100.0
Sleeping Dogs,Sleeping Dogs,100.0
Halo Infinite,Halo Infinite,100.0
LEGO 2K Drive,LEGO 2K Drive,100.0
The Red Solstice,The Red Solstice,100.0
Partisans 1941,Partisans 1941,100.0
They Bleed Pixels,They Bleed Pixels,100.0
Arma 3,Arma 3,100.0
Dungeon Defenders: Awakened,Dungeon Defenders: Awakened,100.0
The Banner Saga,The Banner Saga,100.0
Amnesia: Rebirth,Amnesia: Rebirth,100.0
The Evil Within 2,The Evil Within 2,100.0
DREDGE,DREDGE,100.0
Anomaly: Warzone Earth,Anomaly: Warzone Earth,100.0
Westerado: Double Barreled,Westerado: Double Barreled,100.0
SEASON: A letter to the future,SEASON: A letter to the future,100.0
Football Manager 2017,Football Manager 2017,100.0
Fate/Samurai Remnant,Fate/Samurai Remnant,100.0
Caesar IV,Caesar IV,100.0
The Beast Inside,The Beast Inside,100.0
Children of Silentown,Children of Silentown,100.0
Dead In Vinland,Dead In Vinland,100.0
Mirror's Edge Catalyst,Mirror's Edge Catalyst,100.0
Cities: Skylines II,Cities: Skylines II,100.0
Headlander,Headlander,100.0
Rock of Ages,Rock of Ages,100.0
John Wick Hex,John Wick Hex,100.0
The Ascent,The Ascent,100.0
Flinthook,Flinthook,100.0
Football Manager 2023,Football Manager 2023,100.0
Deus Ex: Invisible War,Deus Ex: Invisible War,100.0
Dungeon Siege II,Dungeon Siege II,100.0
Hand of Fate 2,Hand of Fate 2,100.0
Osmos,Osmos,100.0
Anna's Quest,Anna's Quest,100.0
In Other Waters,In Other Waters,100.0
Darwin Project,Darwin Project,100.0
Call of Duty: Black Ops II,Call of Duty: Black Ops II,100.0
Dead Rising 4,Dead Rising 4,100.0
Tiny Glade,Tiny Glade,100.0
STATIONflow,STATIONflow,100.0
Oxenfree,Oxenfree,100.0
Outlast,Outlast,100.0
The Excavation of Hob's Barrow,The Excavation of Hob's Barrow,100.0
Tempest Rising,Tempest Rising,100.0
Battle Brothers,Battle Brothers,100.0
Monster Prom 2: Monster Camp,Monster Prom 2: Monster Camp,100.0
Age of Darkness: Final Stand,Age of Darkness: Final Stand,100.0
Mini Ninjas,Mini Ninjas,100.0
Action Henk,Action Henk,100.0
IL-2 Sturmovik: Battle of Stalingrad,IL-2 Sturmovik: Battle of Stalingrad,100.0
Pikuniku,Pikuniku,100.0
"Warhammer 40,000: Darktide","Warhammer 40,000: Darktide",100.0
Yesterday Origins,Yesterday Origins,100.0
Phantom Doctrine,Phantom Doctrine,100.0
Fort Triumph,Fort Triumph,100.0
Oceanhorn: Monster of Uncharted Seas,Oceanhorn: Monster of Uncharted Seas,100.0
Mordheim: City of the Damned,Mordheim: City of the Damned,100.0
The Entropy Centre,The Entropy Centre,100.0
Old Skies,Old Skies,100.0
Freedom Fighters,Freedom Fighters,100.0
AI War: Fleet Command,AI War: Fleet Command,100.0
Teardown,Teardown,100.0
Stronghold: Definitive Edition,Stronghold: Definitive Edition,100.0
Full Spectrum Warrior,Full Spectrum Warrior,100.0
HighFleet,HighFleet,100.0
F.E.A.R. 3,F.E.A.R. 3,100.0
Rune Factory 5,Rune Factory 5,100.0
Cossacks: European Wars,Cossacks: European Wars,100.0
Gibbous -  A Cthulhu Adventure,Gibbous -  A Cthulhu Adventure,100.0
Unmechanical,Unmechanical,100.0
Dungeons & Degenerate Gamblers,Dungeons & Degenerate Gamblers,100.0
Zombie Army 4: Dead War,Zombie Army 4: Dead War,100.0
Neon Abyss,Neon Abyss,100.0
Zombie Army 4: Dead War,Zombie Army 4: Dead War,100.0
Dawn of Man,Dawn of Man,100.0
Street Fighter V,Street Fighter V,100.0
Bloodstained: Curse of the Moon 2,Bloodstained: Curse of the Moon 2,100.0
Darkwood,Darkwood,100.0
Dropsy,Dropsy,100.0
Diplomacy is Not an Option,Diplomacy is Not an Option,100.0
Expeditions: Rome,Expeditions: Rome,100.0
2064: Read Only Memories,2064: Read Only Memories,100.0
Impostor Factory,Impostor Factory,100.0
Goodbye Deponia,Goodbye Deponia,100.0
SteamWorld Build,SteamWorld Build,100.0
Nantucket,Nantucket,100.0
King's Bounty: Warriors of the North,King's Bounty: Warriors of the North,100.0
GRID,GRID,100.0
Phoenix Point,Phoenix Point,100.0
Company of Heroes 2,Company of Heroes 2,100.0
Wildfrost,Wildfrost,100.0
Last Train Home,Last Train Home,100.0
Tomb Raider: Underworld,Tomb Raider: Underworld,100.0
Brutal Legend,Brutal Legend,100.0
The Turing Test,The Turing Test,100.0
Mages of Mystralia,Mages of Mystralia,100.0
Magicka,Magicka,100.0
Far Cry Primal,Far Cry Primal,100.0
Expeditions: Viking,Expeditions: Viking,100.0
Assassin's Creed Syndicate,Assassin's Creed Syndicate,100.0
Black Future '88,Black Future '88,100.0
Dungeons 4,Dungeons 4,100.0
PowerWash Simulator,PowerWash Simulator,100.0
Far Cry 6,Far Cry 6,100.0
Biped,Biped,100.0
Hundred Days - Winemaking Simulator,Hundred Days - Winemaking Simulator,100.0
Deponia,Deponia,100.0
Inkbound,Inkbound,100.0
FATE,FATE,100.0
The Legend of Heroes: Trails of Cold Steel,The Legend of Heroes: Trails of Cold Steel,100.0
Trinity Fusion,Trinity Fusion,100.0
Inkbound,Inkbound,100.0
Natural Selection 2,Natural Selection 2,100.0
"Guns, Gore & Cannoli","Guns, Gore & Cannoli",100.0
Hotline Miami 2: Wrong Number,Hotline Miami 2: Wrong Number,100.0
9 Years of Shadows,9 Years of Shadows,100.0
Ring of Pain,Ring of Pain,100.0
GRIP: Combat Racing,GRIP: Combat Racing,100.0
Space Pirates and Zombies,Space Pirates and Zombies,100.0
Insurgency,Insurgency,100.0
Blackguards 2,Blackguards 2,100.0
Gestalt: Steam & Cinder,Gestalt: Steam & Cinder,100.0
Day of Defeat: Source,Day of Defeat: Source,100.0
Far Cry 4,Far Cry 4,100.0
Ruined King: A League of Legends Story,Ruined King: A League of Legends Story,100.0
Icewind Dale: Enhanced Edition,Icewind Dale: Enhanced Edition,100.0
Saturnalia,Saturnalia,100.0
Trinity Fusion,Trinity Fusion,100.0
Moonlighter,Moonlighter,100.0
Curious Expedition,Curious Expedition,100.0
Potion Craft: Alchemist Simulator,Potion Craft: Alchemist Simulator,100.0
Superliminal,Superliminal,100.0
Total War: PHARAOH,Total War: PHARAOH,100.0
Just Cause 3,Just Cause 3,100.0
Dark Nights with Poe and Munro,Dark Nights with Poe and Munro,100.0
The Thaumaturge,The Thaumaturge,100.0
The Bookwalker: Thief of Tales,The Bookwalker: Thief of Tales,100.0
Ghost 1.0,Ghost 1.0,100.0
The Red Strings Club,The Red Strings Club,100.0
OneShot,OneShot,100.0
Vampire: The Masquerade - Bloodlines,Vampire: The Masquerade - Bloodlines,100.0
The Elder Scrolls IV: Oblivion Remastered,The Elder Scrolls IV: Oblivion Remastered,100.0
World of Tanks,World of Tanks,100.0
Stories from Sol: The Gun-Dog,Stories from Sol: The Gun-Dog,100.0
The Artful Escape,The Artful Escape,100.0
Hitman: Contracts,Hitman: Contracts,100.0
Foretales,Foretales,100.0
Titan Souls,Titan Souls,100.0
TopSpin 2K25,TopSpin 2K25,100.0
Shadowgrounds,Shadowgrounds,100.0
Gabriel Knight: Sins of the Fathers 20th Anniversary Edition,Gabriel Knight: Sins of the Fathers 20th Anniversary Edition,100.0
Orwell: Ignorance is Strength,Orwell: Ignorance is Strength,100.0
Slain: Back from Hell,Slain: Back from Hell,100.0
Serious Sam II,Serious Sam II,100.0
Batman: Arkham Origins,Batman: Arkham Origins,100.0
Epistory - Typing Chronicles,Epistory - Typing Chronicles,100.0
CONSCRIPT,CONSCRIPT,100.0
Planet of Lana,Planet of Lana,100.0
Time Commando,Time Commando,100.0
Fallen Enchantress: Legendary Heroes,Fallen Enchantress: Legendary Heroes,100.0
Men of War,Men of War,100.0
Tooth and Tail,Tooth and Tail,100.0
Lonely Mountains: Downhill,Lonely Mountains: Downhill,100.0
Yakuza Kiwami,Yakuza Kiwami,100.0
Railway Empire,Railway Empire,100.0
VirtuaVerse,VirtuaVerse,100.0
Event[0],Event[0],100.0
"Gremlins, Inc.","Gremlins, Inc.",100.0
Black Book,Black Book,100.0
Ironcast,Ironcast,100.0
Iron Harvest,Iron Harvest,100.0
Dead Island 2,Dead Island 2,100.0
Just Cause,Just Cause,100.0
Chroma Squad,Chroma Squad,100.0
Beatbuddy: Tale of the Guardians,Beatbuddy: Tale of the Guardians,100.0
A Total War Saga: TROY,A Total War Saga: TROY,100.0
Stealth Bastard Deluxe,Stealth Bastard Deluxe,100.0
Super Mega Baseball 3,Super Mega Baseball 3,100.0
Knockout City,Knockout City,100.0
Nidhogg 2,Nidhogg 2,100.0
Dreamscaper,Dreamscaper,100.0
F1 2012,F1 2012,100.0
Dungeons of Hinterberg,Dungeons of Hinterberg,100.0
Bomber Crew,Bomber Crew,100.0
"Warhammer 40,000: Boltgun","Warhammer 40,000: Boltgun",100.0
Dungeons 3,Dungeons 3,100.0
Tell Me Why,Tell Me Why,100.0
Nihilumbra,Nihilumbra,100.0
Age of Empires III: Definitive Edition,Age of Empires III: Definitive Edition,100.0
Candle,Candle,100.0
Proteus,Proteus,100.0
Station to Station,Station to Station,100.0
Shantae and the Seven Sirens,Shantae and the Seven Sirens,100.0
Age of Wonders III,Age of Wonders III,100.0
Stacking,Stacking,100.0
LEGO Batman: The Videogame,LEGO Batman: The Videogame,100.0
INDIKA,INDIKA,100.0
Blood West,Blood West,100.0
The Dark Eye: Chains of Satinav,The Dark Eye: Chains of Satinav,100.0
The Escapists 2,The Escapists 2,100.0
Still Life,Still Life,100.0
Master of Magic,Master of Magic,100.0
In Sound Mind,In Sound Mind,100.0
Showgunners,Showgunners,100.0
WRC 9 FIA World Rally Championship,WRC 9 FIA World Rally Championship,100.0
NieR Replicant ver.1.22474487139...,NieR Replicant ver.1.22474487139...,100.0
Toki Tori,Toki Tori,100.0
1979 Revolution: Black Friday,1979 Revolution: Black Friday,100.0
Dicey Dungeons,Dicey Dungeons,100.0
Robin Hood: The Legend of Sherwood,Robin Hood: The Legend of Sherwood,100.0
AI LIMIT,AI LIMIT,100.0
And Yet It Moves,And Yet It Moves,100.0
And Yet It Moves,And Yet It Moves,100.0
Bomb Rush Cyberfunk,Bomb Rush Cyberfunk,100.0
Afterparty,Afterparty,100.0
Visions of Mana,Visions of Mana,100.0
Alice: Madness Returns,Alice: Madness Returns,100.0
FAR: Lone Sails,FAR: Lone Sails,100.0
Potionomics,Potionomics,100.0
Dungeons & Dragons: Chronicles of Mystara,Dungeons & Dragons: Chronicles of Mystara,100.0
Last Epoch,Last Epoch,100.0
Tainted Grail: The Fall of Avalon,Tainted Grail: The Fall of Avalon,100.0
Axiom Verge,Axiom Verge,100.0
Gish,Gish,100.0
Iron Brigade,Iron Brigade,100.0
Urban Myth Dissolution Center,Urban Myth Dissolution Center,100.0
The Night of the Rabbit,The Night of the Rabbit,100.0
Dying Light,Dying Light,100.0
Heavy Rain,Heavy Rain,100.0
Crying Suns,Crying Suns,100.0
The Wandering Village,The Wandering Village,100.0
Shadowbane,Shadowbane,100.0
SiN Episodes: Emergence,SiN Episodes: Emergence,100.0
Teenage Mutant Ninja Turtles: Splintered Fate,Teenage Mutant Ninja Turtles: Splintered Fate,100.0
Lords of the Fallen,Lords of the Fallen,100.0
The Wolf Among Us,The Wolf Among Us,100.0
The Land Beneath Us,The Land Beneath Us,100.0
Trover Saves the Universe,Trover Saves the Universe,100.0
S.T.A.L.K.E.R.: Call of Pripyat,S.T.A.L.K.E.R.: Call of Pripyat,100.0
Manhunt,Manhunt,100.0
The Medium,The Medium,100.0
Star Conflict,Star Conflict,100.0
Sonic Frontiers,Sonic Frontiers,100.0
Song of Nunu: A League of Legends Story,Song of Nunu: A League of Legends Story,100.0
MADiSON,MADiSON,100.0
Caravan SandWitch,Caravan SandWitch,100.0
Aliens: Dark Descent,Aliens: Dark Descent,100.0
Apollo Justice: Ace Attorney Trilogy,Apollo Justice: Ace Attorney Trilogy,100.0
Lost Eidolons,Lost Eidolons,100.0
The Jackbox Party Pack 8,The Jackbox Party Pack 8,100.0
"Yes, Your Grace","Yes, Your Grace",100.0
Lemnis Gate,Lemnis Gate,100.0
Evan's Remains,Evan's Remains,100.0
Hitman: Absolution,Hitman: Absolution,100.0
Wandering Sword,Wandering Sword,100.0
Myst V: End of Ages,Myst V: End of Ages,100.0
Railroad Tycoon 3,Railroad Tycoon 3,100.0
Myst V: End of Ages,Myst V: End of Ages,100.0
Railroad Tycoon 3,Railroad Tycoon 3,100.0
Hostile Waters: Antaeus Rising,Hostile Waters: Antaeus Rising,100.0
Capsized,Capsized,100.0
ArcheAge,ArcheAge,100.0
"Yes, Your Grace","Yes, Your Grace",100.0
Lemnis Gate,Lemnis Gate,100.0
Evan's Remains,Evan's Remains,100.0
Evil Genius 2: World Domination,Evil Genius 2: World Domination,100.0
LEGO Bricktales,LEGO Bricktales,100.0
Grow Home,Grow Home,100.0
Nobody Wants to Die,Nobody Wants to Die,100.0
Wartales,Wartales,100.0
The Path,The Path,100.0
Divine Divinity,Divine Divinity,100.0
The Magic Circle,The Magic Circle,100.0
Venba,Venba,100.0
Brothers: A Tale of Two Sons Remake,Brothers: A Tale of Two Sons Remake,100.0
MultiVersus,MultiVersus,100.0
Atom Zombie Smasher,Atom Zombie Smasher,100.0
LUNA The Shadow Dust,LUNA The Shadow Dust,100.0
GRID Legends,GRID Legends,100.0
Evil Genius,Evil Genius,100.0
LEGO Builder's Journey,LEGO Builder's Journey,100.0
Silent Hunter: Wolves of the Pacific,Silent Hunter: Wolves of the Pacific,100.0
Cuisineer,Cuisineer,100.0
Brothers in Arms: Hell's Highway,Brothers in Arms: Hell's Highway,100.0
Revenge of the Titans,Revenge of the Titans,100.0
Maskmaker,Maskmaker,100.0
God's Trigger,God's Trigger,100.0
Blacklight: Retribution,Blacklight: Retribution,100.0
Tropico 5,Tropico 5,100.0
The Expanse: A Telltale Series,The Expanse: A Telltale Series,100.0
Tormented Souls,Tormented Souls,100.0
Dreamfall: The Longest Journey,Dreamfall: The Longest Journey,100.0
Absolver,Absolver,100.0
Homeworld 3,Homeworld 3,100.0
Life is Strange: Double Exposure,Life is Strange: Double Exposure,100.0
Last Day of June,Last Day of June,100.0
Middle-earth: Shadow of War,Middle-earth: Shadow of War,100.0
Infested Planet,Infested Planet,100.0
Satellite Reign,Satellite Reign,100.0
The Dark Pictures Anthology: Man of Medan,The Dark Pictures Anthology: Man of Medan,100.0
Beholder,Beholder,100.0
S.T.A.L.K.E.R.: Clear Sky,S.T.A.L.K.E.R.: Clear Sky,100.0
Railway Empire 2,Railway Empire 2,100.0
Port Royale 2,Port Royale 2,100.0
Late Shift,Late Shift,100.0
Euro Truck Simulator 2,Euro Truck Simulator 2,100.0
Return to Mysterious Island,Return to Mysterious Island,100.0
Terra Nil,Terra Nil,100.0
Trepang2,Trepang2,100.0
Rebel Galaxy,Rebel Galaxy,100.0
Prince of Persia: The Forgotten Sands,Prince of Persia: The Forgotten Sands,100.0
We. The Revolution,We. The Revolution,100.0
Red Faction: Armageddon,Red Faction: Armageddon,100.0
Reus,Reus,100.0
Reus,Reus,100.0
Fae Farm,Fae Farm,100.0
Killing Floor 2,Killing Floor 2,100.0
Runaway: A Twist of Fate,Runaway: A Twist of Fate,100.0
Else Heart.Break(),Else Heart.Break(),100.0
Tropico 3,Tropico 3,100.0
Coffee Talk Episode 2: Hibiscus & Butterfly,Coffee Talk Episode 2: Hibiscus & Butterfly,100.0
Warhammer: End Times - Vermintide,Warhammer: End Times - Vermintide,100.0
Immortals Fenyx Rising,Immortals Fenyx Rising,100.0
Kenshi,Kenshi,100.0
Scribblenauts Unlimited,Scribblenauts Unlimited,100.0
Vigil: The Longest Night,Vigil: The Longest Night,100.0
Rick and Morty: Virtual Rick-ality,Rick and Morty: Virtual Rick-ality,100.0
Space Run Galaxy,Space Run Galaxy,100.0
Outlast 2,Outlast 2,100.0
Edna & Harvey: Harvey's New Eyes,Edna & Harvey: Harvey's New Eyes,100.0
Minit,Minit,100.0
I Am Your Beast,I Am Your Beast,100.0
Bloodline Champions,Bloodline Champions,100.0
KarmaZoo,KarmaZoo,100.0
Star Control: Origins,Star Control: Origins,100.0
Borderlands: The Pre-Sequel,Borderlands: The Pre-Sequel,100.0
Farming Simulator 25,Farming Simulator 25,100.0
Poker Night 2,Poker Night 2,100.0
Armello,Armello,100.0
Dear Esther,Dear Esther,100.0
Victoria II,Victoria II,100.0
Shadow Warrior 3: Definitive Edition,Shadow Warrior 3: Definitive Edition,100.0
After the Fall,After the Fall,100.0
Shenmue I & II,Shenmue I & II,100.0
Sniper Elite,Sniper Elite,100.0
American Truck Simulator,American Truck Simulator,100.0
Stray Gods: The Roleplaying Musical,Stray Gods: The Roleplaying Musical,100.0
Midnight Fight Express,Midnight Fight Express,100.0
Demigod,Demigod,100.0
A Hat in Time,A Hat in Time,100.0
La-Mulana 2,La-Mulana 2,100.0
Split/Second,Split/Second,100.0
Dystopika,Dystopika,100.0
Puzzle Dimension,Puzzle Dimension,100.0
CULTIC,CULTIC,100.0
Dungeons of Dredmor,Dungeons of Dredmor,100.0
Call of Duty: Modern Warfare II,Call of Duty: Modern Warfare II,100.0
NBA 2K25,NBA 2K25,100.0
Artifact,Artifact,100.0
Forgotton Anne,Forgotton Anne,100.0
Furi,Furi,100.0
Metal: Hellsinger,Metal: Hellsinger,100.0
House Flipper 2,House Flipper 2,100.0
Call of Juarez: Gunslinger,Call of Juarez: Gunslinger,100.0
Hell Let Loose,Hell Let Loose,100.0
Afterimage,Afterimage,100.0
The Incredible Adventures of Van Helsing: Final Cut,The Incredible Adventures of Van Helsing: Final Cut,100.0
Ocean's Heart,Ocean's Heart,100.0
Klonoa Phantasy Reverie Series,Klonoa Phantasy Reverie Series,100.0
Feudal Alloy,Feudal Alloy,100.0
ShootMania Storm,ShootMania Storm,100.0
Jurassic World Evolution 2,Jurassic World Evolution 2,100.0
Atomic Heart,Atomic Heart,100.0
Coffee Talk,Coffee Talk,100.0
Prototype 2,Prototype 2,100.0
KAKU: Ancient Seal,KAKU: Ancient Seal,100.0
"Little Kitty, Big City","Little Kitty, Big City",100.0
Blazing Chrome,Blazing Chrome,100.0
Day of Defeat,Day of Defeat,100.0
Gato Roboto,Gato Roboto,100.0
The Awesome Adventures of Captain Spirit,The Awesome Adventures of Captain Spirit,100.0
Goetia,Goetia,100.0
Ion Fury,Ion Fury,100.0
En Garde!,En Garde!,100.0
Chorus,Chorus,100.0
As Dusk Falls,As Dusk Falls,100.0
Audiosurf 2,Audiosurf 2,100.0
Audiosurf 2,Audiosurf 2,100.0
Broken Age,Broken Age,100.0
Until Then,Until Then,100.0
Bulletstorm: Full Clip Edition,Bulletstorm: Full Clip Edition,100.0
Tower of Guns,Tower of Guns,100.0
Duck Detective: The Secret Salami,Duck Detective: The Secret Salami,100.0
Sniper Elite 5,Sniper Elite 5,100.0
The Quarry,The Quarry,100.0
Gigantic,Gigantic,100.0
Greed Corp,Greed Corp,100.0
Serious Sam HD: The Second Encounter,Serious Sam HD: The Second Encounter,100.0
Attentat 1942,Attentat 1942,100.0
The Crew Motorfest,The Crew Motorfest,100.0
Pathologic Classic HD,Pathologic Classic HD,100.0
Beyond: Two Souls,Beyond: Two Souls,100.0
Resident Evil 4 (2005),Resident Evil 4 (2005),100.0
Surviving Mars,Surviving Mars,100.0
Days Gone,Days Gone,100.0
Twelve Minutes,Twelve Minutes,100.0
Curious Expedition 2,Curious Expedition 2,100.0
Shadowrun Returns,Shadowrun Returns,100.0
Kingdom Come: Deliverance,Kingdom Come: Deliverance,100.0
Project: Snowblind,Project: Snowblind,100.0
Heading Out,Heading Out,100.0
Blood Bowl 2,Blood Bowl 2,100.0
The Stillness of the Wind,The Stillness of the Wind,100.0
RAGE,RAGE,100.0
King's Bounty: The Legend,King's Bounty: The Legend,100.0
Cat Quest,Cat Quest,100.0
Mega Man 11,Mega Man 11,100.0
Shadowgrounds Survivor,Shadowgrounds Survivor,100.0
Ghost Song,Ghost Song,100.0
Heaven's Vault,Heaven's Vault,100.0
Farming Simulator 22,Farming Simulator 22,100.0
Ys Origin,Ys Origin,100.0
The Saboteur,The Saboteur,100.0
Neo Cab,Neo Cab,100.0
The Final Station,The Final Station,100.0
Deponia Doomsday,Deponia Doomsday,100.0
Spec Ops: The Line,Spec Ops: The Line,100.0
Ready or Not,Ready or Not,100.0
Nobody Saves the World,Nobody Saves the World,100.0
Trackmania Turbo,Trackmania Turbo,100.0
Temtem,Temtem,100.0
Batman: The Enemy Within - The Telltale Series,Batman: The Enemy Within - The Telltale Series,100.0
The Misadventures of P.B. Winterbottom,The Misadventures of P.B. Winterbottom,100.0
Evil Dead: The Game,Evil Dead: The Game,100.0
Divinity: Dragon Commander,Divinity: Dragon Commander,100.0
Dragon Age: The Veilguard,Dragon Age: The Veilguard,100.0
SUMMERHOUSE,SUMMERHOUSE,100.0
Party Animals,Party Animals,100.0
SPRAWL,SPRAWL,100.0
Volgarr the Viking,Volgarr the Viking,100.0
Horizon Chase Turbo,Horizon Chase Turbo,100.0
Wo Long: Fallen Dynasty,Wo Long: Fallen Dynasty,100.0
Super Robot Wars 30,Super Robot Wars 30,100.0
Street Fighter X Tekken,Street Fighter X Tekken,100.0
Outland,Outland,100.0
Pacific Drive,Pacific Drive,100.0
Crash Bandicoot N. Sane Trilogy,Crash Bandicoot N. Sane Trilogy,100.0
Noita,Noita,100.0
Castle In The Darkness,Castle In The Darkness,100.0
The Surge 2,The Surge 2,100.0
American Conquest,American Conquest,100.0
The Beginner's Guide,The Beginner's Guide,100.0
Miasmata,Miasmata,100.0
Persona 5 Strikers,Persona 5 Strikers,100.0
Knights of Honor II: Sovereign,Knights of Honor II: Sovereign,100.0
Clustertruck,Clustertruck,100.0
Arise: A Simple Story,Arise: A Simple Story,100.0
Arise: A Simple Story,Arise: A Simple Story,100.0
Observation,Observation,100.0
Hue,Hue,100.0
Don't Starve,Don't Starve,100.0
Homeworld: Deserts of Kharak,Homeworld: Deserts of Kharak,100.0
F1 Manager 2022,F1 Manager 2022,100.0
Aegis Defenders,Aegis Defenders,100.0
Meet Your Maker,Meet Your Maker,100.0
RIDE 4,RIDE 4,100.0
Transport Fever 2,Transport Fever 2,100.0
RIDE 4,RIDE 4,100.0
Transport Fever 2,Transport Fever 2,100.0
Planet Coaster 2,Planet Coaster 2,100.0
Operation Flashpoint: Dragon Rising,Operation Flashpoint: Dragon Rising,100.0
ToeJam & Earl: Back in the Groove!,ToeJam & Earl: Back in the Groove!,100.0
Tom Clancy's Rainbow Six Siege,Tom Clancy's Rainbow Six Siege,100.0
Jotunnslayer: Hordes of Hel,Jotunnslayer: Hordes of Hel,100.0
F1 Manager 2023,F1 Manager 2023,100.0
Spellbreak,Spellbreak,100.0
Untitled Goose Game,Untitled Goose Game,100.0
F.E.A.R. 2: Project Origin,F.E.A.R. 2: Project Origin,100.0
Capcom Fighting Collection,Capcom Fighting Collection,100.0
Overlord II,Overlord II,100.0
Chivalry: Medieval Warfare,Chivalry: Medieval Warfare,100.0
Dead Rising Deluxe Remaster,Dead Rising Deluxe Remaster,100.0
Obduction,Obduction,100.0
Pharaoh: A New Era,Pharaoh: A New Era,100.0
Wolfstride,Wolfstride,100.0
Mortal Shell,Mortal Shell,100.0
Dome Keeper,Dome Keeper,100.0
Wolfenstein: The Old Blood,Wolfenstein: The Old Blood,100.0
LEGO Harry Potter: Years 1-4,LEGO Harry Potter: Years 1-4,100.0
Sid Meier's Civilization VII,Sid Meier's Civilization VII,100.0
State of Decay,State of Decay,100.0
EVERSPACE,EVERSPACE,100.0
Eiyuden Chronicle: Hundred Heroes,Eiyuden Chronicle: Hundred Heroes,100.0
Islands of Insight,Islands of Insight,100.0
Hob,Hob,100.0
Imperator: Rome,Imperator: Rome,100.0
Crysis 3,Crysis 3,100.0
Marvel's Spider-Man 2,Marvel's Spider-Man 2,100.0
Call of Cthulhu: Dark Corners of the Earth,Call of Cthulhu: Dark Corners of the Earth,100.0
Geometry Wars: Retro Evolved,Geometry Wars: Retro Evolved,100.0
NBA 2K19,NBA 2K19,100.0
Eldest Souls,Eldest Souls,100.0
Old Man's Journey,Old Man's Journey,100.0
Sins of a Solar Empire II,Sins of a Solar Empire II,100.0
Unravel Two,Unravel Two,100.0
Delta Force: Black Hawk Down,Delta Force: Black Hawk Down,100.0
Airborne Kingdom,Airborne Kingdom,100.0
ScourgeBringer,ScourgeBringer,100.0
Secret World Legends,Secret World Legends,100.0
Assassin's Creed Mirage,Assassin's Creed Mirage,100.0
MechWarrior 5: Clans,MechWarrior 5: Clans,100.0
Shadow Warrior 2,Shadow Warrior 2,100.0
Mafia: Definitive Edition,Mafia: Definitive Edition,100.0
PGA TOUR 2K25,PGA TOUR 2K25,100.0
Crayon Physics Deluxe,Crayon Physics Deluxe,100.0
Moving Out,Moving Out,100.0
Sable,Sable,100.0
Reignbreaker,Reignbreaker,100.0
Polaris Sector,Polaris Sector,100.0
Call of Duty: Black Ops Cold War,Call of Duty: Black Ops Cold War,100.0
Ballionaire,Ballionaire,100.0
SteamWorld Dig,SteamWorld Dig,100.0
Mortal Kombat X,Mortal Kombat X,100.0
FlatOut 2,FlatOut 2,100.0
Battlestations: Midway,Battlestations: Midway,100.0
Curse of the Dead Gods,Curse of the Dead Gods,100.0
Tiny Tina's Wonderlands,Tiny Tina's Wonderlands,100.0
Othercide,Othercide,100.0
LEGO Star Wars: The Skywalker Saga,LEGO Star Wars: The Skywalker Saga,100.0
Zuma's Revenge!,Zuma's Revenge!,100.0
Apotheon,Apotheon,100.0
RoboCop: Rogue City,RoboCop: Rogue City,100.0
Tacoma,Tacoma,100.0
Renegade Ops,Renegade Ops,100.0
We Were Here Forever,We Were Here Forever,100.0
Q.U.B.E. 2,Q.U.B.E. 2,100.0
From Dust,From Dust,100.0
Vanquish,Vanquish,100.0
Indivisible,Indivisible,100.0
Fallout 4 VR,Fallout 4 VR,100.0
Doki Doki Literature Club!,Doki Doki Literature Club!,100.0
Axiom Verge 2,Axiom Verge 2,100.0
Descenders,Descenders,100.0
Baldur's Gate: Enhanced Edition,Baldur's Gate: Enhanced Edition,100.0
Worms W.M.D,Worms W.M.D,100.0
American Arcadia,American Arcadia,100.0
Souldiers,Souldiers,100.0
The Darkside Detective,The Darkside Detective,100.0
Unrailed!,Unrailed!,100.0
American Arcadia,American Arcadia,100.0
Arx Fatalis,Arx Fatalis,100.0
Life is Strange: Before the Storm,Life is Strange: Before the Storm,100.0
Full Throttle Remastered,Full Throttle Remastered,100.0
Dauntless,Dauntless,100.0
DeadCore,DeadCore,100.0
Let's Build a Zoo,Let's Build a Zoo,100.0
Stellaris,Stellaris,100.0
When The Past Was Around,When The Past Was Around,100.0
Men of War: Red Tide,Men of War: Red Tide,100.0
Star Renegades,Star Renegades,100.0
Magic: The Gathering - Duels of the Planeswalkers 2013,Magic: The Gathering - Duels of the Planeswalkers 2013,100.0
Hard West 2,Hard West 2,100.0
"Warhammer 40,000: Dawn of War III","Warhammer 40,000: Dawn of War III",100.0
Remothered: Tormented Fathers,Remothered: Tormented Fathers,100.0
King Arthur: Knight's Tale,King Arthur: Knight's Tale,100.0
Pix the Cat,Pix the Cat,100.0
Contraband Police,Contraband Police,100.0
Aviary Attorney,Aviary Attorney,100.0
The Darkness II,The Darkness II,100.0
Xenonauts,Xenonauts,100.0
Magic: The Gathering - Duels of the Planeswalkers 2012,Magic: The Gathering - Duels of the Planeswalkers 2012,100.0
Grey Goo,Grey Goo,100.0
Star Wars Outlaws,Star Wars Outlaws,100.0
KARMA: The Dark World,KARMA: The Dark World,100.0
Battlestar Galactica Deadlock,Battlestar Galactica Deadlock,100.0
Little Big Workshop,Little Big Workshop,100.0
VA-11 Hall-A: Cyberpunk Bartender Action,VA-11 Hall-A: Cyberpunk Bartender Action,100.0
Zero Escape: Zero Time Dilemma,Zero Escape: Zero Time Dilemma,100.0
LEGO Marvel Super Heroes,LEGO Marvel Super Heroes,100.0
Project Warlock,Project Warlock,100.0
GTFO,GTFO,100.0
Lost in Random,Lost in Random,100.0
Teleglitch: Die More Edition,Teleglitch: Die More Edition,100.0
SUPERHOT: MIND CONTROL DELETE,SUPERHOT: MIND CONTROL DELETE,100.0
Metal Slug Tactics,Metal Slug Tactics,100.0
System Shock,System Shock,100.0
Insurgency: Sandstorm,Insurgency: Sandstorm,100.0
Dead Rising 2,Dead Rising 2,100.0
Ken Follett's The Pillars of the Earth,Ken Follett's The Pillars of the Earth,100.0
Sairento VR,Sairento VR,100.0
Songs of Conquest,Songs of Conquest,100.0
Songs of Conquest,Songs of Conquest,100.0
"Warhammer 40,000: Mechanicus","Warhammer 40,000: Mechanicus",100.0
Drova - Forsaken Kin,Drova - Forsaken Kin,100.0
Risen,Risen,100.0
Day of Infamy,Day of Infamy,100.0
Fabledom,Fabledom,100.0
Bramble: The Mountain King,Bramble: The Mountain King,100.0
SimCity 3000 Unlimited,SimCity 3000 Unlimited,100.0
Resident Evil 3,Resident Evil 3,100.0
Kathy Rain,Kathy Rain,100.0
Avowed,Avowed,100.0
Timelie,Timelie,100.0
A Case of Distrust,A Case of Distrust,100.0
XCOM: Chimera Squad,XCOM: Chimera Squad,100.0
Mount & Blade II: Bannerlord,Mount & Blade II: Bannerlord,100.0
Trine 5: A Clockwork Conspiracy,Trine 5: A Clockwork Conspiracy,100.0
The Procession to Calvary,The Procession to Calvary,100.0
Grow: Song of the Evertree,Grow: Song of the Evertree,100.0
Devil May Cry 4,Devil May Cry 4,100.0
Wytchwood,Wytchwood,100.0
Battle Chasers: Nightwar,Battle Chasers: Nightwar,100.0
Puzzle Pirates,Puzzle Pirates,100.0
Marvel's Guardians of the Galaxy,Marvel's Guardians of the Galaxy,100.0
The Room VR: A Dark Matter,The Room VR: A Dark Matter,100.0
Might & Magic: Heroes VI,Might & Magic: Heroes VI,100.0
Anachronox,Anachronox,100.0
Knights of Honor,Knights of Honor,100.0
Green Hell,Green Hell,100.0
OlliOlli,OlliOlli,100.0
Human Resource Machine,Human Resource Machine,100.0
Hidden Folks,Hidden Folks,100.0
Condemned: Criminal Origins,Condemned: Criminal Origins,100.0
"That Dragon, Cancer","That Dragon, Cancer",100.0
Chaos on Deponia,Chaos on Deponia,100.0
Another Crab's Treasure,Another Crab's Treasure,100.0
Mutant Year Zero: Road to Eden,Mutant Year Zero: Road to Eden,100.0
Sniper Elite 4,Sniper Elite 4,100.0
Angry Video Game Nerd Adventures,Angry Video Game Nerd Adventures,100.0
Battlefleet Gothic: Armada,Battlefleet Gothic: Armada,100.0
Melatonin,Melatonin,100.0
Lost Horizon,Lost Horizon,100.0
Quantum Conundrum,Quantum Conundrum,100.0
Section 8: Prejudice,Section 8: Prejudice,100.0
Sanctum 2,Sanctum 2,100.0
Shady Part of Me,Shady Part of Me,100.0
Unbound: Worlds Apart,Unbound: Worlds Apart,100.0
Remnant: From the Ashes,Remnant: From the Ashes,100.0
A Way Out,A Way Out,100.0
Mushroom 11,Mushroom 11,100.0
Banishers: Ghosts of New Eden,Banishers: Ghosts of New Eden,100.0
The Mageseeker: A League of Legends Story,The Mageseeker: A League of Legends Story,100.0
Riders Republic,Riders Republic,100.0
Dead Space 3,Dead Space 3,100.0
Still Wakes the Deep,Still Wakes the Deep,100.0
Cosmic Star Heroine,Cosmic Star Heroine,100.0
Stealth Inc 2: A Game of Clones,Stealth Inc 2: A Game of Clones,100.0
SpellForce: Conquest of Eo,SpellForce: Conquest of Eo,100.0
Eldritch,Eldritch,100.0
Darksiders Genesis,Darksiders Genesis,100.0
Sid Meier's Railroads!,Sid Meier's Railroads!,100.0
Before Your Eyes,Before Your Eyes,100.0
"Warhammer 40,000: Shootas, Blood & Teef","Warhammer 40,000: Shootas, Blood & Teef",100.0
Child of Light,Child of Light,100.0
Still There,Still There,100.0
NEO Scavenger,NEO Scavenger,100.0
Donut County,Donut County,100.0
KUNAI,KUNAI,100.0
Pit People,Pit People,100.0
"Warhammer 40,000: Rogue Trader","Warhammer 40,000: Rogue Trader",100.0
Expeditions: A MudRunner Game,Expeditions: A MudRunner Game,100.0
Back 4 Blood,Back 4 Blood,100.0
Supreme Commander 2,Supreme Commander 2,100.0
Microtopia,Microtopia,100.0
Hearts of Iron III,Hearts of Iron III,100.0
Fae Tactics,Fae Tactics,100.0
Teslagrad,Teslagrad,100.0
Cryptmaster,Cryptmaster,100.0
Baldur's Gate II: Enhanced Edition,Baldur's Gate II: Enhanced Edition,100.0
Wings of Prey,Wings of Prey,100.0
DiRT 4,DiRT 4,100.0
Marvel's Guardians of the Galaxy: The Telltale Series,Marvel's Guardians of the Galaxy: The Telltale Series,100.0
The Incredible Adventures of Van Helsing II,The Incredible Adventures of Van Helsing II,100.0
Blasphemous,Blasphemous,100.0
Thomas Was Alone,Thomas Was Alone,100.0
Solasta: Crown of the Magister,Solasta: Crown of the Magister,100.0
Shadows: Awakening,Shadows: Awakening,100.0
The Long Dark,The Long Dark,100.0
Plants vs. Zombies: Battle for Neighborville,Plants vs. Zombies: Battle for Neighborville,100.0
Mini Metro,Mini Metro,100.0
Call of Juarez: Bound in Blood,Call of Juarez: Bound in Blood,100.0
Revita,Revita,100.0
Trials of Mana,Trials of Mana,100.0
GRID Autosport,GRID Autosport,100.0
Tropico 6,Tropico 6,100.0
Ancestors Legacy,Ancestors Legacy,100.0
Anomaly 2,Anomaly 2,100.0
Men of War: Assault Squad,Men of War: Assault Squad,100.0
Islets,Islets,100.0
Bloodstained: Curse of the Moon,Bloodstained: Curse of the Moon,100.0
Figment,Figment,100.0
Whispers of a Machine,Whispers of a Machine,100.0
Sucker for Love: First Date,Sucker for Love: First Date,100.0
Giana Sisters: Twisted Dreams,Giana Sisters: Twisted Dreams,100.0
They Are Billions,They Are Billions,100.0
Etherlords,Etherlords,100.0
Zeno Clash,Zeno Clash,100.0
Red Faction,Red Faction,100.0
Medal of Honor: Airborne,Medal of Honor: Airborne,100.0
Melty Blood Actress Again Current Code,Melty Blood Actress Again Current Code,100.0
The Textorcist: The Story of Ray Bibbia,The Textorcist: The Story of Ray Bibbia,100.0
Microsoft Flight Simulator 2024,Microsoft Flight Simulator 2024,100.0
Expeditions: Conquistador,Expeditions: Conquistador,100.0
DeathSpank,DeathSpank,100.0
Persona 4 Arena Ultimax,Persona 4 Arena Ultimax,100.0
Rebel Galaxy Outlaw,Rebel Galaxy Outlaw,100.0
Amnesia: The Bunker,Amnesia: The Bunker,100.0
Loddlenaut,Loddlenaut,100.0
Distant Worlds 2,Distant Worlds 2,100.0
Orcs Must Die! 3,Orcs Must Die! 3,100.0
Bridge Constructor Portal,Bridge Constructor Portal,100.0
Battlefleet Gothic: Armada 2,Battlefleet Gothic: Armada 2,100.0
Tower of Time,Tower of Time,100.0
Reigns,Reigns,100.0
WRC 8 FIA World Rally Championship,WRC 8 FIA World Rally Championship,100.0
Deadlight,Deadlight,100.0
Call of the Sea,Call of the Sea,100.0
RiME,RiME,100.0
Mount & Blade: Warband,Mount & Blade: Warband,100.0
Forager,Forager,100.0
Etherlords II,Etherlords II,100.0
The Operator,The Operator,100.0
Wargame: Red Dragon,Wargame: Red Dragon,100.0
Slime Rancher 2,Slime Rancher 2,100.0
Atomicrops,Atomicrops,100.0
Fights in Tight Spaces,Fights in Tight Spaces,100.0
Offworld Trading Company,Offworld Trading Company,100.0
King's Bounty: Crossworlds,King's Bounty: Crossworlds,100.0
Iratus: Lord of the Dead,Iratus: Lord of the Dead,100.0
RoadCraft,RoadCraft,100.0
Like a Dragon Gaiden: The Man Who Erased His Name,Like a Dragon Gaiden: The Man Who Erased His Name,100.0
Crashlands,Crashlands,100.0
The Count Lucanor,The Count Lucanor,100.0
Five Nights at Freddy's,Five Nights at Freddy's,100.0
Tropico 4,Tropico 4,100.0
Joe Dever's Lone Wolf HD Remastered,Joe Dever's Lone Wolf HD Remastered,100.0
Eastshade,Eastshade,100.0
Star Trek: Bridge Crew,Star Trek: Bridge Crew,100.0
Tinykin,Tinykin,100.0
Roguebook,Roguebook,100.0
Per Aspera,Per Aspera,100.0
Desperados: Wanted Dead or Alive,Desperados: Wanted Dead or Alive,100.0
Going Under,Going Under,100.0
Far Cry 5,Far Cry 5,100.0
FlatOut 3: Chaos & Destruction,FlatOut 3: Chaos & Destruction,100.0
Postal III,Postal III,100.0
BioShock Infinite,BioShock Infinite,100.0
Quake,Quake,100.0
Grand Theft Auto: Vice City,Grand Theft Auto: Vice City,100.0
The Elder Scrolls V: Skyrim,The Elder Scrolls V: Skyrim,100.0
Hades II,Hades II,100.0
Portal 2,Portal 2,100.0
Persona 5 Royal,Persona 5 Royal,100.0
BioShock,BioShock,100.0
Half-Life,Half-Life,100.0
Baldur's Gate 3,Baldur's Gate 3,100.0
Half-Life 2,Half-Life 2,100.0
Shin Megami Tensei III: Nocturne HD Remaster,Shin Megami Tensei III Nocturne HD Remaster,98.85057471264368
Horizon Forbidden West: Complete Edition,Horizon Forbidden West Complete Edition,98.73417721518987
Tom Clancy's Splinter Cell: Chaos Theory,Tom Clancy's Splinter Cell Chaos Theory,98.73417721518987
Tom Clancy's Splinter Cell: Double Agent,Tom Clancy's Splinter Cell Double Agent,98.73417721518987
Alpha Polaris: A Horror Adventure Game,Alpha Polaris : A Horror Adventure Game,98.7012987012987
Need for Speed: Hot Pursuit Remastered,Need for Speed Hot Pursuit Remastered,98.66666666666667
Tom Clancy's Splinter Cell: Conviction,Tom Clancy's Splinter Cell Conviction,98.66666666666667
Red Faction: Guerrilla Re-Mars-tered,Red Faction Guerrilla Re-Mars-tered,98.59154929577466
Tom Clancy's Ghost Recon: Breakpoint,Tom Clancy's Ghost Recon Breakpoint,98.59154929577466
Super Seducer: How to Talk to Girls,Super Seducer : How to Talk to Girls,98.59154929577466
Tom Clancy's Ghost Recon: Wildlands,Tom Clancy's Ghost Recon Wildlands,98.55072463768117
Horizon Zero Dawn: Complete Edition,Horizon Zero Dawn Complete Edition,98.55072463768117
WRC 4: FIA World Rally Championship,WRC 4 FIA World Rally Championship,98.55072463768117
Brigandine: The Legend of Runersia,Brigandine The Legend of Runersia,98.50746268656717
Tom Clancy's Rainbow Six: Lockdown,Tom Clancy's Rainbow Six Lockdown,98.50746268656717
Tom Clancy's Rainbow Six: Vegas 2,Tom Clancy's Rainbow Six Vegas 2,98.46153846153847
"Warhammer 40,000: Dawn of War II","Warhammer 40,000: Dawn of War III",98.46153846153847
Dead Rising 3: Apocalypse Edition,Dead Rising 3 Apocalypse Edition,98.46153846153847
Iron Warriors: T-72 Tank Command,Iron Warriors: T-72 Tank Command ,98.46153846153847
Devil May Cry 3: Special Edition,Devil May Cry 3 Special Edition,98.41269841269842
Devil May Cry 4: Special Edition,Devil May Cry 4 Special Edition,98.41269841269842
Call of Duty: Modern Warfare III,Call of Duty: Modern Warfare II,98.41269841269842
Prince of Persia: The Lost Crown,Prince of Persia The Lost Crown,98.41269841269842
Atelier Yumia: The Alchemist of Memories & The Envisioned Land,Atelier Yumia: The Alchemist of Memories & the Envisioned Land,98.38709677419355
Tom Clancy's Rainbow Six: Vegas,Tom Clancy's Rainbow Six Vegas,98.36065573770492
Assassin's Creed: Revelations,Assassin's Creed Revelations,98.24561403508771
Sherlock Holmes: The Awakened,Sherlock Holmes The Awakened,98.24561403508771
Sid Meier's Civilization VI,Sid Meier's Civilization VII,98.18181818181819
Painkiller: Hell & Damnation,Painkiller Hell & Damnation,98.18181818181819
Resident Evil: Revelations 2,Resident Evil Revelations 2,98.18181818181819
Sherlock Holmes: Chapter One,Sherlock Holmes Chapter One,98.18181818181819
Sid Meier's Civilization II,Sid Meier's Civilization VII,98.18181818181819
Age of Wonders: Shadow Magic,Age of Wonders Shadow Magic,98.18181818181819
Out of the Park Baseball 9,Out of the Park Baseball 19,98.11320754716981
Need for Speed: Most Wanted,Need for Speed Most Wanted,98.11320754716981
SpellForce 3: Soul Harvest,SpellForce 3 Soul Harvest,98.0392156862745
Resident Evil: Revelations,Resident Evil Revelations,98.0392156862745
Need for Speed: Undercover,Need for Speed Undercover,98.0392156862745
Jagged Alliance: Flashback,Jagged Alliance Flashback,98.0392156862745
Monkey Island 2 Special Edition: LeChuck's Revenge,Monkey Island 2 Special Edition: LeChuck’s Revenge,98.0
Might & Magic: Heroes VII,Might & Magic: Heroes VI,97.95918367346938
SpellForce 3: Fallen God,SpellForce 3 Fallen God,97.87234042553192
Marc Ecko's Getting Up: Contents Under Pressure,Marc Eckō's Getting Up: Contents Under Pressure,97.87234042553192
Castlevania: Lords of Shadow - Ultimate Edition,Castlevania: Lords of Shadow – Ultimate Edition,97.87234042553192
"Warhammer 40,000: Dawn of War II - Chaos Rising","Warhammer 40,000: Dawn of War II Chaos Rising",97.82608695652173
Werewolf: The Apocalypse - Heart of the Forest,Werewolf: The Apocalypse — Heart of the Forest,97.82608695652173
"Warhammer 40,000: Dawn of War - Winter Assault","Warhammer 40,000: Dawn of War – Winter Assault",97.82608695652173
Dragon Age: Inquisition,Dragon Age Inquisition,97.77777777777777
Assault Android Cactus,Assault Android Cactus+,97.77777777777777
Silent Hill: Homecoming,Silent Hill Homecoming,97.77777777777777
Sniper: Ghost Warrior 3,Sniper Ghost Warrior 3,97.77777777777777
Battlestations: Pacific,Battlestations Pacific,97.77777777777777
SYNDUALITY: Echo of Ada,SYNDUALITY Echo of Ada,97.77777777777777
Beyond Good & Evil 20th Anniversary Edition,Beyond Good & Evil - 20th Anniversary Edition,97.72727272727273
Darkness Within: In Pursuit of Loath Nolder,Darkness Within 1: In Pursuit of Loath Nolder,97.72727272727273
11-11: Memories Retold,11-11 Memories Retold,97.67441860465115
Painkiller: Redemption,Painkiller Redemption,97.67441860465115
Shadow Man: Remastered,Shadow Man Remastered,97.67441860465115
Sniper: Art of Victory,Sniper Art of Victory,97.67441860465115
Need for Speed: Rivals,Need for Speed Rivals,97.67441860465115
Little Nightmares III,Little Nightmares II,97.5609756097561
DOOM Eternal: The Ancient Gods Part Two,DOOM Eternal: The Ancient Gods - Part Two,97.5
DOOM Eternal: The Ancient Gods Part One,DOOM Eternal: The Ancient Gods - Part One,97.5
AER: Memories of Old,AER Memories of Old,97.43589743589743
Painkiller: Overdose,Painkiller Overdose,97.43589743589743
Suicide Squad: Kill The Justice League,Suicide Squad: Kill the Justice League,97.36842105263158
Vampire: The Masquerade - Bloodlines 2,Vampire: The Masquerade - Bloodlines,97.2972972972973
Sherlock Holmes: The Awakened (2007),Sherlock Holmes: The Awakened (2008),97.22222222222221
Assassin's Creed Chronicles: Russia,Assassin’s Creed Chronicles: Russia,97.14285714285714
Shift 2: Unleashed,Shift 2 Unleashed,97.14285714285714
Hearts of Iron II,Hearts of Iron III,97.14285714285714
Tom Clancy's Rainbow Six Extraction,Tom Clancy’s Rainbow Six Extraction,97.14285714285714
Penumbra: Overture,Penumbra Overture,97.14285714285714
Crash Bandicoot 4: It's About Time,Crash Bandicoot 4: It’s About Time,97.05882352941177
Marvel's Spider-Man: Miles Morales,Marvel’s Spider-Man: Miles Morales,97.05882352941177
Assassin's Creed Chronicles: India,Assassin’s Creed Chronicles: India,97.05882352941177
Eador: Masters of the Broken World,Eador. Masters of the Broken World,97.05882352941177
Assassin's Creed Chronicles: China,Assassin’s Creed Chronicles: China,97.05882352941177
Romance of the Three Kingdoms XI,Romance of the Three Kingdoms XIII,96.96969696969697
Command & Conquer 3: Kane's Wrath,Command & Conquer 3: Kane’s Wrath,96.96969696969697
Silent Hunter II,Silent Hunter III,96.96969696969697
Space Empires IV,Space Empires I,96.7741935483871
Mortal Kombat 11,Mortal Kombat 1,96.7741935483871
"Warhammer 40,000: Space Marine","Warhammer 40,000: Space Marine 2",96.7741935483871
Elite: Dangerous,Elite Dangerous,96.7741935483871
Human: Fall Flat,Human Fall Flat,96.7741935483871
Tom Clancy's Rainbow Six Siege X,Tom Clancy's Rainbow Six Siege,96.7741935483871
"Warhammer 40,000: Dawn of War II - Retribution","Warhammer 40,000: Dawn of War II: Retribution",96.7032967032967
Assassin's Creed Liberation HD,Assassin’s Creed Liberation HD,96.66666666666667
Marvel's Spider-Man Remastered,Marvel’s Spider-Man Remastered,96.66666666666667
Command & Conquer: Red Alert 2,Command & Conquer: Red Alert 3,96.66666666666667
Ace Combat Assault Horizon: Enhanced Edition,Ace Combat Assault Horizon - Enhanced Edition,96.62921348314607
Call of Duty: Modern Warfare 2,Call of Duty: Modern Warfare,96.55172413793103
Call of Duty 4: Modern Warfare,Call of Duty: Modern Warfare,96.55172413793103
Serial Cleaners,Serial Cleaner,96.55172413793103
Command & Conquer: Red Alert,Command & Conquer: Red Alert 3,96.55172413793103
Call of Duty: Modern Warfare 3,Call of Duty: Modern Warfare,96.55172413793103
Call of Duty: Modern Warfare 3,Call of Duty: Modern Warfare,96.55172413793103
Legacy of Kain: Soul Reaver 1 & 2 Remastered,Legacy of Kain Soul Reaver 1&2 Remastered,96.47058823529412
Scott Pilgrim vs. the World: The Game - Complete Edition,Scott Pilgrim vs. The World: The Game – Complete Edition,96.42857142857143
The Book of Unwritten Tales 2,The Book of Unwritten Tales,96.42857142857143
Sid Meier's Civilization III,Sid Meier's Civilization VII,96.42857142857143
1954: Alcatraz,1954 Alcatraz,96.2962962962963
Out of the Park Baseball 13,Out of the Park Baseball 19,96.2962962962963
NieR: Automata,NieR:Automata,96.2962962962963
Tom Clancy's The Division 2,Tom Clancy’s The Division 2,96.2962962962963
Darksiders II,Darksiders III,96.2962962962963
Nickelodeon All-Star Brawl 2,Nickelodeon All-Star Brawl,96.2962962962963
Need for Speed: Hot Pursuit,Need For Speed: Hot Pursuit,96.2962962962963
Out of the Park Baseball 15,Out of the Park Baseball 19,96.2962962962963
Game of Thrones: A Telltale Games Series,Game of Thrones - A Telltale Games Series,96.2962962962963
The Legend of Heroes: Trails in the Sky SC,The Legend of Heroes: Trails in the Sky,96.2962962962963
Out of the Park Baseball 10,Out of the Park Baseball 19,96.2962962962963
Lovecraft's Untold Stories 2,Lovecraft's Untold Stories,96.2962962962963
Saints Row: Gat Out of Hell,Saints Row: Gat out of Hell,96.2962962962963
Capcom Fighting Collection 2,Capcom Fighting Collection,96.2962962962963
Out of the Park Baseball 14,Out of the Park Baseball 19,96.2962962962963
Out of the Park Baseball 17,Out of the Park Baseball 19,96.2962962962963
Company of Heroes 2: The British Forces,Company of Heroes 2 - The British Forces,96.20253164556962
Alaloth - Champions of The Four Kingdoms,Alaloth: Champions of The Four Kingdoms,96.20253164556962
Alba: a Wildlife Adventure,Alba: A Wildlife Adventure,96.15384615384616
Jurassic World Evolution 3,Jurassic World Evolution 2,96.15384615384616
The Political Machine 2008,The Political Machine 2020,96.15384615384616
Senua's Saga: Hellblade II,Senua’s Saga: Hellblade II,96.15384615384616
Rome: Total War Alexander,Rome: Total War - Alexander,96.15384615384616
The Political Machine 2012,The Political Machine 2020,96.15384615384616
MechWarrior 4: Mercenaries,MechWarrior 5: Mercenaries,96.15384615384616
King Arthur: The Role-Playing Wargame,King Arthur II: The Role-Playing Wargame,96.1038961038961
The Hundred Line: Last Defense Academy,The Hundred Line -Last Defense Academy-,96.1038961038961
The Hundred Line: Last Defense Academy,The Hundred Line -Last Defense Academy-,96.1038961038961
Tom Clancy's The Division,Tom Clancy’s The Division,96.0
Planescape: Torment - Enhanced Edition,Planescape: Torment: Enhanced Edition,96.0
Hunted: The Demon's Forge,Hunted: The Demon’s Forge,96.0
The LEGO Movie Videogame,The LEGO Movie - Videogame,96.0
Army Men: RTS,Army Men RTS,96.0
Runaway: A Road Adventure,"Runaway, A Road Adventure",96.0
Arcania: Fall of Setarrif,ArcaniA: Fall of Setarrif,96.0
Guardians of Middle-Earth,Guardians of Middle-earth,96.0
APB: Reloaded,APB Reloaded,96.0
Record of Lodoss War: Deedlit in Wonder Labyrinth,Record of Lodoss War-Deedlit in Wonder Labyrinth-,95.91836734693877
The Book of Unwritten Tales: Critter Chronicles,The Book of Unwritten Tales: The Critter Chronicles,95.91836734693877
Tom Clancy's Splinter Cell: Blacklist,Tom Clancy’s Splinter Cell Blacklist,95.89041095890411
Call of Duty: Black Ops 6,Call of Duty: Black Ops,95.83333333333334
Commandos 2 HD Remaster,Commandos 2 - HD Remaster,95.83333333333334
Call of Duty: Black Ops 4,Call of Duty: Black Ops,95.83333333333334
The Raven: Legacy of a Master Thief,The Raven - Legacy of a Master Thief,95.77464788732395
WRC 3: FIA World Rally Championship,WRC 7 FIA World Rally Championship,95.65217391304348
Heroes of Might and Magic V: Tribes of the East,Heroes of Might & Magic V: Tribes of the East,95.65217391304348
Toki Tori 2,Toki Tori 2+,95.65217391304348
LEGO Star Wars III: The Clone Wars,LEGO Star Wars III - The Clone Wars,95.65217391304348
The Dungeon of Naheulbeuk: The Amulet of Chaos,The Dungeon Of Naheulbeuk: The Amulet Of Chaos,95.65217391304348
Serious Sam: The Second Encounter,Serious Sam HD: The Second Encounter,95.65217391304348
Wargame: AirLand Battle,Wargame: Airland Battle,95.65217391304348
Serious Sam: The First Encounter,Serious Sam HD: The First Encounter,95.52238805970148
Romance of the Three Kingdoms XIV,Romance of the Three Kingdoms XIII,95.52238805970148
Chantelise: A Tale of Two Sisters,Chantelise - A Tale of Two Sisters,95.52238805970148
WRC: FIA World Rally Championship,WRC 7 FIA World Rally Championship,95.52238805970148
Farming Simulator 2013,Farming Simulator 2011,95.45454545454545
Assassin's Creed Rogue,Assassin’s Creed Rogue,95.45454545454545
Sid Meier's Ace Patrol,Sid Meier’s Ace Patrol,95.45454545454545
"Warhammer 40,000: Space Marine II","Warhammer 40,000: Space Marine 2",95.38461538461537
BlazBlue: Chrono Phantasma Extend,BlazBlue: Chronophantasma Extend,95.38461538461537
SpellForce 2: Demons of the Past,SpellForce 2 - Demons of the Past,95.38461538461537
Layers of Fear (2015),Layers of Fear (2016),95.23809523809523
Football Manager 2012,Football Manager 2020,95.23809523809523
"Guns, Gore & Cannoli 2","Guns, Gore & Cannoli",95.23809523809523
Football Manager 2016,Football Manager 2021,95.23809523809523
Europa Universalis II,Europa Universalis IV,95.23809523809523
Football Manager 2010,Football Manager 2020,95.23809523809523
Jagged Alliance: Back in Action,Jagged Alliance - Back in Action,95.23809523809523
Football Manager 2013,Football Manager 2021,95.23809523809523
Overcooked!,Overcooked,95.23809523809523
Football Manager 2015,Football Manager 2021,95.23809523809523
Football Manager 2011,Football Manager 2021,95.23809523809523
Football Manager 2014,Football Manager 2021,95.23809523809523
Penny's Big Breakaway,Penny’s Big Breakaway,95.23809523809523
Sang-Froid: Tales of Werewolves,Sang-Froid - Tales of Werewolves,95.23809523809523
Football Manager 2018,Football Manager 2021,95.23809523809523
Magic: The Gathering - Duels of the Planeswalkers,Magic: The Gathering - Duels of the Planeswalkers 2013,95.14563106796116
Assassin's Creed IV: Black Flag,Assassin’s Creed IV Black Flag,95.08196721311475
Layers of Fear 2,Layers of Fear 2 (2019),95.0
I Am Bread TV,I Am Bread,95.0
Zombie Driver,Zombie Driver HD,95.0
The Chaos Engine (2013),The Chaos Engine,95.0
Wolfenstein,Wolfenstein 3D,95.0
Among Us VR,Among Us,95.0
Unity of Command,Unity of Command II,95.0
Sacred,Sacred 3,95.0
Assassin's Creed III,Assassin’s Creed III,95.0
Life is Strange 2: Episode 1 - Roads,Life is Strange - Episode 1,95.0
The Jackbox Party Pack 10,The Jackbox Party Pack,95.0
Medieval II: Total War,Medieval II: Total War Kingdoms,95.0
Ghostbusters: The Video Game,Ghostbusters: The Video Game Remastered,95.0
Blind Fate: Edo no Yami,Blind Fate: Edo no Yami — Dojo,95.0
Big Helmet Heroes,Helmet Heroes,95.0
Sniper Elite III,Sniper Elite,95.0
Zeno Clash II,Zeno Clash,95.0
Tormented Souls 2,Tormented Souls,95.0
Realms of Ancient War,R.A.W. Realms of Ancient War,95.0
Grand Theft Auto V,Grand Theft Auto V Legacy,95.0
10 Second Ninja,10 Second Ninja X,95.0
Forza Motorsport 7,Forza Motorsport,95.0
Homeworld,Homeworld 3,95.0
The Elder Scrolls IV: Oblivion,The Elder Scrolls IV: Oblivion Remastered,95.0
Cyanide & Happiness - Freakpocalypse,Cyanide & Happiness - Freakpocalypse (Episode 1),95.0
Metro: Last Light,Metro: Last Light Redux,95.0
Counter-Strike 2,Counter-Strike,95.0
Retro City Rampage,Retro City Rampage DX,95.0
Just Cause 4,Just Cause,95.0
Sniper Elite VR,Sniper Elite,95.0
Metro Redux,Metro 2033 Redux,95.0
Omerta: City of Gangsters,City of Gangsters,95.0
Ad Infinitum,Infinitum,95.0
Dead Island,Dead Island 2,95.0
Game Tycoon,Game Dev Tycoon,95.0
Borderlands,Borderlands 2,95.0
NHL Eastside Hockey Manager,Eastside Hockey Manager,95.0
Europa Universalis III,Europa Universalis III Complete,95.0
The Collider 2,The Collider,95.0
Lost Records: Bloom & Rage Tape 1,Lost Records: Bloom & Rage,95.0
Alone in the Dark (2008),Alone in the Dark,95.0
Volgarr the Viking II,Volgarr the Viking,95.0
NASCAR Heat,NASCAR Heat 4,95.0
The Sims,The Sims 4,95.0
Arizona Sunshine 2,Arizona Sunshine,95.0
Brothers: A Tale of Two Sons,Brothers: A Tale of Two Sons Remake,95.0
The Lord of the Rings: War in the North,Lord of the Rings: War in the North,95.0
Panzer Corps,Panzer Corps Gold,95.0
This is the Police 2,This Is the Police 2,95.0
Among Us VR,Among Us,95.0
Alan Wake II,Alan Wake,95.0
Killing Floor 3,Killing Floor,95.0
Galactic Civilizations,Galactic Civilizations III,95.0
Valkyria Chronicles 4,Valkyria Chronicles,95.0
State of Decay 2,State of Decay,95.0
Cossacks: The Art of War,Cossacks: Art of War,95.0
Teslagrad 2,Teslagrad,95.0
Hunt: Showdown,Hunt: Showdown 1896,95.0
Sid Meier's Civilization IV: Warlords,Civilization IV: Warlords,95.0
System Shock 2,System Shock,95.0
Super Time Force,Super Time Force Ultra,95.0
Pro Cycling Manager Season 2015,Pro Cycling Manager 2015,95.0
Ghostbusters: Spirits Unleashed,Ghostbusters: Spirits Unleashed Ecto Edition,95.0
Serious Sam Double D,Serious Sam Double D XXL,95.0
The Elder Scrolls V: Skyrim - Dawnguard,The Elder Scrolls V: Skyrim,95.0
Risk of Rain,Risk of Rain 2,95.0
Crysis 2,Crysis,95.0
Tropico,Tropico 4,95.0
"Warhammer 40,000: Dawn of War","Warhammer 40,000: Dawn of War III",95.0
Dustforce,Dustforce DX,95.0
Two Worlds II,Two Worlds II HD,95.0
Battlefield: Bad Company 2 Vietnam,Battlefield: Bad Company 2,95.0
Victor Vran,Victor Vran ARPG,95.0
Europa Universalis,Europa Universalis IV,95.0
Not Tonight 2,Not Tonight,95.0
Master of Orion 3,Master of Orion,95.0
UberSoldier,UberSoldier II,95.0
Tom Clancy's Rainbow Six,Tom Clancy's Rainbow Six Siege,95.0
Saints Row IV,Saints Row,95.0
Legend of Grimrock II,Legend of Grimrock,95.0
Shadow Tactics: Blades of the Shogun - Aiko's Choice,Shadow Tactics: Blades of the Shogun,95.0
Bionic Commando (2009),Bionic Commando,95.0
The Legend of Bum-bo,The Legend of Bum-Bo,95.0
Bleed 2,Bleed,95.0
SteamWorld Heist II,SteamWorld Heist,95.0
Life is Strange,Life is Strange 2,95.0
The Blackwell Epiphany,Blackwell Epiphany,95.0
Tony Hawk's Pro Skater 2,Tony Hawk's Pro Skater 1 + 2,95.0
Q.U.B.E.,Q.U.B.E. 2,95.0
Shadow Warrior 3,Shadow Warrior,95.0
Wargroove 2,Wargroove,95.0
UFO: Extraterrestrials,UFO: Extraterrestrials Gold,95.0
Fallout,Fallout 4,95.0
The First Descendant,The Descendant,95.0
Sid Meier's Civilization IV: Beyond the Sword,Civilization IV: Beyond the Sword,95.0
Phantom Breaker: Battle Grounds,Phantom Breaker: Battle Grounds Classic,95.0
Sudden Strike,Sudden Strike 4,95.0
Call of Duty,Call of Duty 2,95.0
Microsoft Flight Simulator,Microsoft Flight Simulator 2024,95.0
Guild Wars,Guild Wars 2,95.0
Forgive Me Father 2,Forgive Me Father,95.0
Wizardry: Proving Grounds of the Mad Overlord Remaster,Wizardry: Proving Grounds of the Mad Overlord,95.0
Lords of the Fallen (2014),Lords of the Fallen,95.0
Tom Clancy's Ghost Recon Phantoms,Tom Clancy's Ghost Recon,95.0
World of Goo 2,World of Goo,95.0
Super Monday Night Combat,Monday Night Combat,95.0
Divinity: Original Sin,Divinity: Original Sin (Classic),95.0
PlanetSide,PlanetSide 2,95.0
Teenage Mutant Ninja Turtles: Shredder's Revenge - Dimension Shellshock,Teenage Mutant Ninja Turtles: Shredder's Revenge,95.0
Worms 2: Armageddon,Worms Armageddon,95.0
Eufloria,Eufloria HD,95.0
Blade of Darkness (2001),Blade of Darkness,95.0
Surgeon Simulator 2013,Surgeon Simulator,95.0
Lost Records: Bloom & Rage Tape 2,Lost Records: Bloom & Rage,95.0
Titanfall,Titanfall 2,95.0
Blood Bowl,Blood Bowl 2,95.0
The Black Mirror,Black Mirror,95.0
Frozen Synapse 2,Frozen Synapse,95.0
Geometry Wars 3: Dimensions,Geometry Wars 3: Dimensions Evolved,95.0
Assassin's Creed,Assassin's Creed Unity,95.0
Life is Strange Remastered Collection,Life is Strange Remastered,95.0
Colin McRae Rally 2.0,Colin McRae Rally,95.0
The Blackwell Deception,Blackwell Deception,95.0
Delta Force: Black Hawk Down - Team Sabre,Delta Force: Black Hawk Down,95.0
Wildlife Park,Wildlife Park 3,95.0
Red Orchestra 2: Heroes of Stalingrad,Red Orchestra 2: Heroes of Stalingrad with Rising Storm,95.0
Democracy,Democracy 3,95.0
Need for Speed World,Need for Speed,95.0
Steel Soldiers,Z Steel Soldiers,95.0
Road 96,Road 96 ,95.0
Fight Crab,Fight Crab 2,95.0
Crysis Remastered Trilogy,Crysis Remastered,95.0
The Crush House,Crush Crush,95.0
Crusader Kings,Crusader Kings II,95.0
Aliens: Colonial Marines,Aliens: Colonial Marines Collection,95.0
Super Galaxy Squadron,Super Galaxy Squadron EX Turbo,95.0
Stronghold 3,Stronghold 3 Gold,95.0
PowerWash Simulator 2,PowerWash Simulator,95.0
Colin McRae Rally 2005,Colin McRae Rally,95.0
The Outer Worlds 2,The Outer Worlds,95.0
Resident Evil 4 HD,Resident Evil 4,95.0
Green Hell VR,Green Hell,95.0
Spirit of the North 2,Spirit of the North,95.0
DISTRAINT,DISTRAINT 2,95.0
Everhood 2,Everhood,95.0
Gothic,Gothic 3,95.0
StarDrive 2,StarDrive,95.0
Sins of a Solar Empire,Sins of a Solar Empire II,95.0
Age of Empires III,Age of Empires III (2007),95.0
Sam & Max Save the World Remastered,Sam & Max Save the World,95.0
Onimusha 2: Samurai's Destiny Remaster,Onimusha 2: Samurai's Destiny,95.0
Port Royale,Port Royale 3,95.0
NHL Eastside Hockey Manager 2005,Eastside Hockey Manager,95.0
Hearts of Iron,Hearts of Iron IV,95.0
Moving Out 2,Moving Out,95.0
Sid Meier's Civilization: Beyond Earth - Rising Tide,Sid Meier's Civilization: Beyond Earth,95.0
The Lord of the Rings - Gollum,The Lord of the Rings: Gollum,94.91525423728814
Space Trader - Merchant Marine,Space Trader: Merchant Marine,94.91525423728814
Airscape: The Fall of Gravity,Airscape - The Fall of Gravity,94.91525423728814
Warlock: Master of the Arcane,Warlock - Master of the Arcane,94.91525423728814
Blood Bowl: Legendary Edition,Blood Bowl - Legendary Edition,94.91525423728814
Rush Bros,Rush Bros.,94.73684210526316
Assassin's Creed: Brotherhood,Assassin’s Creed Brotherhood,94.73684210526316
Sherlock Holmes: Crimes & Punishments,Sherlock Holmes: Crimes and Punishments,94.73684210526316
Disco Elysium: The Final Cut,Disco Elysium - The Final Cut,94.73684210526316
Cities XL,Cities XXL,94.73684210526316
Nioh 2: The Complete Edition,Nioh 2 – The Complete Edition,94.73684210526316
Nexus: The Jupiter Incident,Nexus - The Jupiter Incident,94.54545454545455
Batman: The Telltale Series,Batman - The Telltale Series,94.54545454545455
Seasons After Fall,Seasons after Fall,94.44444444444444
Fire: Ungh's Quest,Fire: Ungh’s Quest,94.44444444444444
Beyond A Steel Sky,Beyond a Steel Sky,94.44444444444444
A Game of Thrones: Genesis,A Game of Thrones - Genesis,94.33962264150944
Out of the Park Baseball 4,Out of the Park Baseball 19,94.33962264150944
Vikings: Wolves of Midgard,Vikings - Wolves of Midgard,94.33962264150944
Alfred Hitchcock: Vertigo,Alfred Hitchcock - Vertigo,94.11764705882352
TT Isle of Man: Ride On The Edge 2,TT Isle of Man: Ride on the Edge 2,94.11764705882352
Forgive me Father,Forgive Me Father,94.11764705882352
My Time At Portia,My Time at Portia,94.11764705882352
Ys: The Ark of Napishtim,Ys VI: The Ark of Napishtim,94.11764705882352
CrossFire: Legion,Crossfire: Legion,94.11764705882352
Resident Evil 7: biohazard,Resident Evil 7 Biohazard,94.11764705882352
Disney/Pixar Cars,Disney•Pixar Cars,94.11764705882352
Fable: The Lost Chapters,Fable - The Lost Chapters,93.87755102040816
Sherlock Holmes: Nemesis,Sherlock Holmes - Nemesis,93.87755102040816
Faery: Legends of Avalon,Faery - Legends of Avalon,93.87755102040816
Battlefield 2142,Battlefield 2042,93.75
Runaway: The Dream of the Turtle,"Runaway, The Dream of The Turtle",93.75
GhostWire: Tokyo,Ghostwire: Tokyo,93.75
TT Isle of Man: Ride On The Edge,TT Isle of Man: Ride on the Edge,93.75
Tiny & Big: Grandpa's Leftovers,Tiny and Big: Grandpa's Leftovers,93.75
Songs Of Silence,Songs of Silence,93.75
Far Cry 3: Blood Dragon,Far Cry 3 - Blood Dragon,93.61702127659575
Might & Magic X: Legacy,Might & Magic X - Legacy,93.61702127659575
Unreal II: The Awakening,Unreal 2: The Awakening,93.61702127659575
Dungeons & Dragons: Daggerdale,Dungeons and Dragons: Daggerdale,93.5483870967742
The Uncertain: Light at the End,The Uncertain: Light At The End,93.5483870967742
Infernal,Inferna,93.33333333333333
Dark Messiah of Might and Magic,Dark Messiah of Might & Magic,93.33333333333333
For the King II,For The King II,93.33333333333333
Besieger,Besiege,93.33333333333333
Lego Indiana Jones 2: The Adventure Continues,LEGO Indiana Jones 2: The Adventure Continues,93.33333333333333
Knights in Tight Spaces,Fights in Tight Spaces,93.33333333333333
Forza Horizon 3,Forza Horizon 4,93.33333333333333
Endzone: A World Apart,Endzone - A World Apart,93.33333333333333
Of Orcs and Men,Of Orcs And Men,93.33333333333333
Sherlock Holmes vs. Jack the Ripper,Sherlock Holmes versus Jack the Ripper,93.15068493150685
PixelJunk Monsters: Ultimate HD,PixelJunk Monsters Ultimate,93.10344827586206
PixelJunk Monsters: Ultimate HD,PixelJunk Monsters Ultimate,93.10344827586206
Lego Indiana Jones: The Original Adventures,LEGO Indiana Jones: The Original Adventures,93.02325581395348
Broken Sword 5: The Serpent's Curse,Broken Sword 5 - the Serpent's Curse,92.95774647887323
Madden NFL 2003,Madden NFL 23,92.85714285714286
Bound by Flame,Bound By Flame,92.85714285714286
Tony Hawk's Pro Skater 3 + 4,Tony Hawk's Pro Skater 1 + 2,92.85714285714286
Martha is Dead,Martha Is Dead,92.85714285714286
Madden NFL 2004,Madden NFL 24,92.85714285714286
Emergency 2012,Emergency 2017,92.85714285714286
Madden NFL 2002,Madden NFL 22,92.85714285714286
Journey to the Savage Planet,Journey To The Savage Planet,92.85714285714286
Madden NFL 2001,Madden NFL 21,92.85714285714286
Virtual Pool 3,Virtual Pool 4,92.85714285714286
Need for Speed: Hot Pursuit 2,Need For Speed: Hot Pursuit,92.85714285714286
Risen 3: Titan Lords,Risen 3 - Titan Lords,92.6829268292683
Stronghold: Crusader,Stronghold Crusader 2,92.6829268292683
Grand Theft Auto IV,Grand Theft Auto III,92.3076923076923
Borderlands 4,Borderlands 2,92.3076923076923
Assassin's Creed II,Assassin’s Creed III,92.3076923076923
Madden NFL 19,Madden NFL 21,92.3076923076923
WRC 6: World Rally Championship,WRC 6 FIA World Rally Championship,92.3076923076923
God of War: Ragnarok,God of War Ragnarök,92.3076923076923
Port Royale 4,Port Royale 3,92.3076923076923
Battlefield 6,Battlefield V,92.3076923076923
Lost Planet 3,Lost Planet 2,92.3076923076923
Heroes of Might and Magic V,Heroes of Might & Magic V,92.3076923076923
Battlefield 2,Battlefield V,92.3076923076923
Knights of Pen & Paper 2,Knights of Pen and Paper 2,92.0
Secrets of Raetikon,Secrets of Rætikon,91.89189189189189
TrackMania 2 Canyon,TrackMania² Canyon,91.89189189189189
The Golf Club 2019 featuring PGA Tour,The Golf Club 2019 featuring PGA TOUR,91.89189189189189
The Binding of Isaac: Afterbirth,The Binding of Isaac: Rebirth,91.80327868852459
Blitzkrieg 2,Blitzkrieg 3,91.66666666666666
Watch Dogs 2,Watch_Dogs 2,91.66666666666666
High on Life,High On Life,91.66666666666666
For the King,For The King,91.66666666666666
I Am Setsuna,I am Setsuna,91.66666666666666
Blade & Sword,Blade&Sword,91.66666666666666
Race the Sun,Race The Sun,91.66666666666666
DarkStar One,Darkstar One,91.66666666666666
Microsoft Flight Simulator X,Microsoft Flight Simulator 2024,91.52542372881356
Microsoft Flight Simulator X,Microsoft Flight Simulator 2024,91.52542372881356
Railroad Tycoon II,Railroad Tycoon 3,91.42857142857143
H1Z1: Battle Royale,Z1 Battle Royale,91.42857142857143
Life is Strange 2: Episode 5 - Wolves,Life is Strange - Episode 1,91.34615384615385
Life is Strange 2: Episode 4 - Faith,Life is Strange - Episode 1,91.34615384615385
Life is Strange 2: Episode 2 - Rules,Life is Strange - Episode 1,91.34615384615385
A Space For The Unbound,A Space for the Unbound,91.30434782608697
Kane & Lynch: Dead Men,Kane and Lynch: Dead Men,91.30434782608697
Magic: Duels of the Planeswalkers 2015,Magic 2015 - Duels of the Planeswalkers,91.29870129870129
Magic: Duels of the Planeswalkers 2014,Magic 2014 — Duels of the Planeswalkers,91.29870129870129
FreeStyle Street Basketball,Freestyle 2: Street Basketball,91.22807017543859
Grotesque Tactics 2: Dungeons & Donuts,Grotesque Tactics 2 – Dungeons and Donuts,91.13924050632912
Stronghold: Crusader II,Stronghold Crusader 2,90.9090909090909
Bladed Fury,Bladed fury,90.9090909090909
Industry Giant II,Industry Giant 2,90.9090909090909
NecroVisioN,NecroVision,90.9090909090909
Judge Dredd: Dredd VS Death,Judge Dredd: Dredd vs. Death,90.9090909090909
Wasteland 2,Wasteland 3,90.9090909090909
ArmA II: Operation Arrowhead,Arma 2: Operation Arrowhead,90.9090909090909
Homeworld 2,Homeworld 3,90.9090909090909
The Guild 2,The Guild 3,90.9090909090909
Tony Hawk's Pro Skater 4,Tony Hawk's Pro Skater 1 + 2,90.86956521739131
Tony Hawk's Pro Skater 3,Tony Hawk's Pro Skater 1 + 2,90.86956521739131
Heroes of Might and Magic IV,Heroes of Might & Magic V,90.56603773584906
Knights of Pen & Paper,Knights of Pen and Paper 2,90.47619047619048
RollerCoaster Tycoon 2,RollerCoaster Tycoon 3: Platinum,90.47619047619048
RollerCoaster Tycoon 3,RollerCoaster Tycoon 3: Platinum,90.47619047619048
Test Drive Unlimited 2,Test Drive Unlimited Solar Crown,90.47619047619048
Midnight Club II,Midnight Club 2,90.32258064516128
Sudden Strike II,Sudden Strike 4,90.32258064516128
Hatsune Miku: Project Diva MegaMix+,Hatsune Miku: Project DIVA Mega Mix+,90.14084507042254
Louvre: The Messenger,The Messenger,90.0
Still Wakes the Deep: Siren's Rest,Still Wakes the Deep,90.0
The Witcher 2: Assassins of Kings,The Witcher 2: Assassins of Kings Enhanced Edition,90.0
Plants vs. Zombies,Plants vs. Zombies GOTY Edition,90.0
Uncharted: Legacy of Thieves Collection,Legacy,90.0
Redux: Dark Matters,Dark Matter,90.0
Ashwalkers: A Survival Journey,Journey,90.0
The Dark Eye: Demonicon,Demonicon,90.0
Terminator: Resistance - Annihilation Line,Terminator: Resistance,90.0
The Inner World: The Last Wind Monk,The Inner World,90.0
EverQuest II: Kingdom of Sky,EverQuest II,90.0
Figment 2: Creed Valley,Figment,90.0
Figment 2: Creed Valley,Figment,90.0
The Wolf Among Us: Episode 2 - Smoke and Mirrors,Among Us,90.0
Cronos: The New Dawn,Dawn,90.0
Candleman,Candle,90.0
Far Cry 6 - Vaas: Insanity,Far Cry,90.0
Pillars of Eternity: The White March - Part 1,Pillars of Eternity,90.0
Cat Quest II: The Lupus Empire,Cat Quest,90.0
Shattered Galaxy,Shatter,90.0
Gothic II,Gothic II: Gold Edition,90.0
Crossroads Inn,Crossroads Inn Anniversary Edition,90.0
Cuphead in the Delicious Last Course,Cuphead,90.0
Mass Effect 3,Mass Effect 3 N7 Digital Deluxe Edition (2012),90.0
Majesty 2: Kingmaker,Majesty 2,90.0
Godfall,Godfall Ultimate Edition,90.0
Lucidity,Lucid,90.0
TrackMania 2 Valley,Valley,90.0
Sid Meier's Civilization VI: Rise and Fall,Sid Meier's Civilization V,90.0
XCOM 2: War of the Chosen,XCOM 2,90.0
Medieval: Total War,Medieval: Total War - Collection,90.0
Obscure: The Aftermath,Obscure II (Obscure: The Aftermath),90.0
FlatOut: Ultimate Carnage,FlatOut: Ultimate Carnage Collector's Edition,90.0
Dying Light: The Beast,Dying Light,90.0
GRID (2008),GRID,90.0
Death Rally (2012),Death Rally,90.0
Lords of EverQuest,EverQuest,90.0
Contrast (2013),Contrast,90.0
Creature Keeper,Crea,90.0
Mysterious Journey II,Journey,90.0
Dragon's Lair 3D: Return to the Lair,Dragon's Lair,90.0
F.E.A.R. Perseus Mandate,F.E.A.R.,90.0
Sym,Tales of Symphonia,90.0
Tropico 3: Absolute Power,Tropico 3,90.0
Dying Light: The Following,Dying Light,90.0
Escape From Paradise City,Escape,90.0
Project Nomads,Nomad,90.0
FINAL FANTASY TACTICS - The Ivalice Chronicles,FINAL FANTASY,90.0
Tom Clancy's Splinter Cell: Pandora Tomorrow,Tom Clancy's Splinter Cell,90.0
Burnout Paradise,Burnout Paradise: The Ultimate Box,90.0
Fallout 4: Far Harbor,Fallout 4,90.0
APB,APB Reloaded,90.0
Jane's Attack Squadron,Squad,90.0
Odyssey: The Search for Ulysses,The Search,90.0
The Deer God,The Deer,90.0
EverQuest II: Desert of Flames,EverQuest II,90.0
Total War: WARHAMMER - Realm of the Wood Elves,Total War: WARHAMMER,90.0
Resonance (2012),Resonance,90.0
Ghostrunner: Project_Hel,Ghostrunner,90.0
Escape Goat 2,Escape,90.0
Dying Light 2 Stay Human: Bloody Ties,Dying Light,90.0
Space Crew,Space Crew: Legendary Edition,90.0
DOOM 3 BFG Edition,DOOM,90.0
Deadly Premonition,Deadly Premonition: The Director's Cut,90.0
XIII Century: Death or Glory,XIII,90.0
Mercenary Kings,Mercenary Kings: Reloaded Edition,90.0
Crusader Kings III: Roads to Power,Crusader Kings II,90.0
NEON STRUCT,NEON STRUCT: Carrion Carrier,90.0
Diggles,Diggles: The Myth of Fenris,90.0
Northland,Cultures - Northland,90.0
Starfield: Shattered Space,Starfield,90.0
The Lost Chronicles of Zerzura,Lost,90.0
Back to the Future: The Game - Episode III: Citizen Brown,Back to the Future: The Game,90.0
Myst IV: Revelation,Myst,90.0
The Sims 4: Get Together,The Sims 4,90.0
Immortals Fenyx Rising: The Lost Gods,Immortals Fenyx Rising,90.0
ECHO (2017),ECHO,90.0
Resident Evil HD Remaster,Resident Evil,90.0
Resident Evil 3: Nemesis,Resident Evil 3,90.0
Echo: Secrets of the Lost Cavern,Lost,90.0
The Council - Episode 3: Ripples,The Council,90.0
FORCED,FORCED: Slightly Better Edition,90.0
HYPERGUN,GUN,90.0
Everybody's Gone to the Rapture,Gone,90.0
Dawnspire: Prelude,Dawn,90.0
Lost Empire: Immortals,Lost,90.0
Control: The Foundation,Foundation,90.0
Persona 3 Reload - Episode Aigis: The Answer,Persona 3 Reload,90.0
Gord,Gordian Quest,90.0
Tom Clancy's Ghost Recon Advanced Warfighter 2,Tom Clancy's Ghost Recon,90.0
80 Days (2005),80 Days,90.0
The Castle Doctrine,Castle,90.0
ZHEROS,Z,90.0
TOEM,TOEM: A Photo Adventure,90.0
Warface,Warface: Clutch,90.0
Dungeon Siege II: Broken World,Dungeon Siege,90.0
Mafia III,Mafia,90.0
Immortality,Ashes of Immortality,90.0
Icewind Dale,Icewind Dale: Enhanced Edition,90.0
OlliOlli World,OlliOlli,90.0
Battlefield 3: Armored Kill,Battlefield 3,90.0
Sunless Skies,Sunless Skies: Sovereign Edition,90.0
The Sims 4: Paranormal Stuff Pack,The Sims 4,90.0
The Outer Worlds: Murder on Eridanos,The Outer Worlds,90.0
Assassin's Creed Valhalla: Dawn of Ragnarok,Assassin's Creed Valhalla,90.0
Story of Seasons: A Wonderful Life,A Wonder,90.0
The Dream Machine,The Dream Machine: Chapter 1 & 2,90.0
Borderlands 2: Sir Hammerlock's Big Game Hunt,Borderlands 2,90.0
Worldwide Soccer Manager 2007,Soccer Manager,90.0
Impact Winter,Winter,90.0
No Escape (2000),Escape,90.0
Marvel vs. Capcom Fighting Collection: Arcade Classics,Capcom Fighting Collection,90.0
Prey: Mooncrash,Prey,90.0
Jotun,Jotun: Valhalla Edition,90.0
Final Fantasy XIV: Dawntrail,Dawn,90.0
Amerzone - The Explorer's Legacy,Legacy,90.0
Valiant Hearts: The Great War,Valiant Hearts: The Great War / Soldats Inconnus : Mémoires de la Grande Guerre,90.0
The Flower Collectors,Flower,90.0
Stronghold 2,Stronghold 2: Steam Edition,90.0
Mythwrecked: Ambrosia Island,Ambrosia,90.0
Silent Hill 2,Silent,90.0
Monster Hunter: World - Iceborne,Monster Hunter: World,90.0
Absolum,b,90.0
The Witcher: Enhanced Edition,The Witcher: Enhanced Edition Director's Cut,90.0
Theatre of War 2: Africa 1943,Theatre of War,90.0
WorldShift,Shift,90.0
Crashday,Crashday Redline Edition,90.0
Patrician III: Rise of the Hanse,Patrician III,90.0
The Climb 2,Climb,90.0
DNF Duel: Who's Next,DNF Duel,90.0
Imperium Romanum,Imperium Romanum Gold Edition,90.0
Republique: Episode 4 - God's Acre,Republique,90.0
Robin Hood: Defender of the Crown,Robin,90.0
Robin Hood: Defender of the Crown,Robin,90.0
Lonely Mountains: Snow Riders,Mountain,90.0
Black Mirror III: Final Fear,Mirror,90.0
Endless Dungeon,Endless,90.0
Resident Evil 4: Separate Ways,Resident Evil 4,90.0
Quake II - Enhanced Edition,Quake,90.0
Destiny 2: The Final Shape,Destiny 2,90.0
Duke Nukem 3D,Duke Nukem 3D: 20th Anniversary World Tour,90.0
Total War: WARHAMMER - Norsca Race Pack,Total War: WARHAMMER,90.0
The Council - Episode 4: Burning Bridges,The Council,90.0
Kerbal Space Program: Making History,Kerbal Space Program,90.0
Singularity (2010),Singularity,90.0
The Walking Dead: Season Two Episode 1 - All That Remains,The Walking Dead,90.0
The Journey Down: Chapter Two,Journey,90.0
Horizon (PC),Horizon,90.0
Hunter's Legacy,Legacy,90.0
The Saga of Ryzom,Ryzom,90.0
Cold War,ARMA: Cold War Assault,90.0
Officers,Police Simulator: Patrol Officers,90.0
Juiced,Kiwi Clicker - Juiced Up,90.0
Fallout 2,Fallout 2: A Post Nuclear Role Playing Game,90.0
Oddworld: Abe's Oddysee - New 'n' Tasty,Oddworld: Abe's Oddysee,90.0
SimCity,SimCity 4 Deluxe Edition,90.0
Back to the Future: The Game - Episode V: OUTATIME,Back to the Future: The Game,90.0
Battle of Britain II: Wings of Victory,Wings of Vi,90.0
Redeemer,Redeemer: Enhanced Edition,90.0
STRAFE,STRAFE: Gold Edition,90.0
Astebreed,Astebreed: Definitive Edition,90.0
Kentucky Route Zero,Kentucky Route Zero: PC Edition,90.0
EverQuest: Omens of War,EverQuest,90.0
Cities: Skylines - After Dark,Cities: Skylines,90.0
Silence: The Whispered World 2,Silence,90.0
Gears of War: Reloaded,Reload,90.0
Star Wars: Squadrons,Squad,90.0
Monster Hunter Stories,Monster Hunter Stories 2: Wings of Ruin,90.0
RAILGRADE,RAD,90.0
F.E.A.R. Extraction Point,F.E.A.R.,90.0
Pirates of the Caribbean,LEGO Pirates of the Caribbean: The Video Game,90.0
Dusty Revenge,Dusty Revenge:Co-Op Edition,90.0
Freedom Force vs The 3rd Reich,Freedom Force,90.0
Destiny 2: The Witch Queen,Destiny 2,90.0
Fallout 3: Point Lookout,Fallout 3,90.0
Test Drive Unlimited,Test Drive Unlimited Solar Crown,90.0
Escape Academy,Escape,90.0
Microsoft Flight,Microsoft Flight Simulator (2020) 40th Anniversary Edition,90.0
The Talos Principle: Reawakened,The Talos Principle,90.0
Worldwide Soccer Manager 2005,Soccer Manager,90.0
Mass Effect,Mass Effect 2 (2010 Edition),90.0
DOOM 3: Resurrection of Evil,DOOM,90.0
Lost Ember,Lost,90.0
The Sims 4: City Living,The Sims 4,90.0
ReCore,ReCore: Definitive Edition,90.0
Maelstrom: The Battle For Earth Begins,Maelstrom,90.0
Homeworld: Cataclysm,Home,90.0
Cyberpunk 2077: Phantom Liberty,Cyberpunk 2077,90.0
The Walking Dead: Episode 5 - No Time Left,The Walking Dead,90.0
Worldwide Soccer Manager 2008,Soccer Manager,90.0
Devotion,Dark Devotion,90.0
Full Throttle,Full Throttle Remastered,90.0
Jack Move,Jack Move: I.C.E. Breaker,90.0
Stellaris: MegaCorp,Stellaris,90.0
Stellaris: MegaCorp,Stellaris,90.0
The Sims 4: Snowy Escape,The Sims 4,90.0
Akimbot,b,90.0
Danger Zone,Clone Drone in the Danger Zone,90.0
Oh...Sir!,Oh...Sir!! The Insult Simulator,90.0
Jazzpunk,Jazzpunk: Director's Cut,90.0
MIND: Path to Thalamus,MIND: Path to Thalamus Enhanced Edition,90.0
Field of Glory II: Medieval,Field of Glory II,90.0
Left 4 Dead 2: The Passing,Left 4 Dead 2,90.0
The Lord of the Rings Online: Shadows of Angmar,The Lord of the Rings Online,90.0
Sea of Stars: Throes of the Watchmaker,Sea of Stars,90.0
Jack Move,Jack Move: I.C.E. Breaker,90.0
Project Wingman: Frontline 59,Project Wingman,90.0
S.W.I.N.E.,S.W.I.N.E. HD Remaster,90.0
Hoard,Hoa,90.0
Dracula 3: The Path of the Dragon,The Path,90.0
Metal Wolf Chaos XD,Chaos,90.0
Fairy Tail: Dungeons,Dungeons,90.0
Dungeon of the Endless,Endless,90.0
Wild Hearts,Sayonara Wild Hearts,90.0
Battlefield 3: Back to Karkand,Battlefield 3,90.0
A Little To The Left,A Little to the Left,90.0
BioShock Infinite: Burial at Sea - Episode Two,BioShock,90.0
The Walking Dead: Season Two - A Telltale Games Series,The Walking Dead,90.0
BloodRayne,BloodRayne: Terminal Cut,90.0
WRC 5,WRC 5 FIA World Rally Championship,90.0
Warhammer: Mark of Chaos - Battle March,Chaos,90.0
Blazing Angels: Squadrons of WWII,Squad,90.0
Axis & Allies,Axis & Allies 1942 Online,90.0
EverQuest: The Ruins of Kunark,EverQuest,90.0
Tales from the Borderlands: A Telltale Game Series,Tales from the Borderlands,90.0
Age of Mythology: Retold - Immortal Pillars,Age of Mythology: Retold,90.0
Barrow Hill: Curse of the Ancient Circle,Barro,90.0
Squad Assault: Second Wave,Squad,90.0
Maize (2016),Maize,90.0
ZombiU,b,90.0
Two Worlds,Two Worlds Epic Edition,90.0
Journey to the Center of the Earth (2003),Journey,90.0
Feist,Fe,90.0
Gotham City Impostors,Gotham City Impostors Free to Play,90.0
Fallout 3 - Operation: Anchorage,Fallout 3,90.0
Escape from Monkey Island,Escape,90.0
Immortals Fenyx Rising: Myths of the Eastern Realm,Immortals Fenyx Rising,90.0
FORGE (2012),OR,90.0
Ever Forward,Ever Forward Prologue,90.0
Haunted Dungeons: Hyakki Castle,Dungeons,90.0
Hearts of Iron III: Semper Fi,Hearts of Iron III,90.0
Remember Me (2013),Remember Me,90.0
The Legend of Nayuta: Boundless Trails,Boundless,90.0
Rustler,Rust,90.0
Falcon 4.0,Falcon,90.0
The First Templar,The First Templar - Steam Special Edition,90.0
Stronghold Legends,Stronghold Legends: Steam Edition,90.0
The Ward,The Wardrobe - Even Better Edition,90.0
Lionheart: Legacy of the Crusader,Legacy,90.0
Neverwinter Nights: Shadows of Undrentide,Neverwinter,90.0
The Walking Dead: Season Two Episode 5 - No Going Back,The Walking Dead,90.0
Wuppo,Wuppo: Definitive Edition,90.0
Chained Echoes: Ashes of Elrant,Chained Echoes,90.0
No Sleep for Kaname Date - From AI: The Somnium Files,AI: The Somnium Files,90.0
Closure (2009),Closure,90.0
Closure (2009),Closure,90.0
Diplomacy,Diplomacy is Not an Option,90.0
Jack the Ripper,Sherlock Holmes versus Jack the Ripper,90.0
Undercover: Operation Wintersun,Winter,90.0
Fade to Silence,Silence,90.0
Closer the Distance,Distance,90.0
Sword of the New World: Granado Espada,Granado Espada,90.0
Chaser (2003),Chaser,90.0
Everdeep Aurora,Aurora,90.0
Fenix Furia,Furi,90.0
Uplink: Hacker Elite,Uplink,90.0
Chernobylite,Chernobylite Complete Edition,90.0
Cities: Skylines - Natural Disaster,Cities: Skylines,90.0
Might & Magic: Heroes VI - Shades of Darkness,Might & Magic: Heroes VI,90.0
The Sims 4: Realm of Magic,The Sims 4,90.0
Lost Words: Beyond the Page,Lost,90.0
Tom Clancy's Ghost Recon Advanced Warfighter,Tom Clancy's Ghost Recon,90.0
Catherine,Catherine Classic,90.0
Diluvion,Diluvion: Resubmerged,90.0
Patrician IV: Conquest by Trade,Patrician IV,90.0
Truberbrook,Truberbrook / Trüberbrook,90.0
VED,UNLOVED,90.0
Galactic Civilizations III: Mercenaries,Galactic Civilizations III,90.0
Giants: Citizen Kabuto,Giants,90.0
Metro Exodus: Enhanced Edition,Metro Exodus,90.0
The Lord of the Rings Online: Mines of Moria,The Lord of the Rings Online,90.0
Life is Strange: Before the Storm - Episode 1: Awake,Life is Strange: Before the Storm,90.0
Game of Thrones: Episode One - Iron From Ice,Game of Thrones,90.0
Warp,World of Warplanes,90.0
Hidden & Dangerous 2,Hidden & Dangerous 2: Courage Under Fire,90.0
Harmony: The Fall of Reverie,The Fall,90.0
The Sims 4: Cats & Dogs,The Sims 4,90.0
Peggle,Peggle Deluxe,90.0
Fallout: New Vegas - Honest Hearts,Fallout: New Vegas,90.0
Blitzkrieg: Burning Horizon,Horizon,90.0
Dark Fall 3: Lost Souls,Lost,90.0
The Walking Dead: A Telltale Games Series,The Walking Dead,90.0
Age of Mythology,Age of Mythology: Extended Edition,90.0
The Elder Scrolls III: Morrowind,The Elder Scrolls III: Morrowind Game of the Year Edition,90.0
Rocksmith 2014 Edition,Rocksmith 2014 Edition REMASTERED LEARN & PLAY,90.0
Cognition: An Erica Reed Thriller Episode 3 - The Oracle,Cognition: An Erica Reed Thriller,90.0
Borderlands 3: Bounty of Blood,Borderlands 3,90.0
LEGO Star Wars,LEGO Star Wars: The Skywalker Saga,90.0
TERA,TERA - Action MMORPG,90.0
LISA,LISA: The Painful,90.0
Spintires: MudRunner,MudRunner,90.0
Soul Reaver 2,Legacy of Kain: Soul Reaver 2 (2001),90.0
The Bunker (2016),The Bunker,90.0
Merchant Prince II,Merchant,90.0
Tomb Raider: Chronicles,Tomb Raider,90.0
The Wolf Among Us: Episode 4 - In Sheep's Clothing,Among Us,90.0
The Sims 4: Werewolves,The Sims 4,90.0
Borderlands 3: Moxxi's Heist of the Handsome Jackpot,Borderlands 3,90.0
Symphony (2012),Symphony,90.0
Symphony (2012),Symphony,90.0
Sorcerer King,Sorcerer King: Rivals,90.0
Drakensang: The Dark Eye,Drakensang,90.0
Worms World Party,Worms,90.0
The Walking Dead: Michonne - Episode 2: Give No Shelter,The Walking Dead,90.0
KickBeat,KickBeat Steam Edition,90.0
Maneater: Truth Quest,Maneater,90.0
Dragon Age II: Legacy,Legacy,90.0
Control,Control Ultimate Edition,90.0
Life is Strange: Before the Storm - Episode 3: Hell is Empty,Life is Strange: Before the Storm,90.0
Carrion,NEON STRUCT: Carrion Carrier,90.0
Flock,Fox & Flock,90.0
Evoland 2: A Slight Case of Spacetime Continuum Disorder,Evoland,90.0
Sundered,Sundered: Eldritch Edition,90.0
Alone in the Dark: The New Nightmare,Alone in the Dark,90.0
Destiny 2: Lightfall,Destiny 2,90.0
Shovel Knight,Shovel Knight: Treasure Trove,90.0
Indigo Prophecy,Fahrenheit: Indigo Prophecy Remastered,90.0
Sam & Max Episode 204: Chariots of the Dogs,Chariot,90.0
Lies of P: Overture,Lies of P,90.0
Space Hulk Ascension,Ascension,90.0
Rising Storm,Rising Storm 2: Vietnam,90.0
Kathy Rain 2: Soothsayer,Kathy Rain,90.0
Darkest Dungeon: The Crimson Court,Darkest Dungeon,90.0
Need for Speed: Most Wanted (2005),Need for Speed,90.0
Battle Realms: Winter of the Wolf,Winter,90.0
Dominions 3: The Awakening,Dominion,90.0
Bulletstorm,Bulletstorm: Full Clip Edition,90.0
Borderlands 2: Mr. Torgue's Campaign of Carnage,Borderlands 2,90.0
Fallout: New Vegas - Old World Blues,Fallout: New Vegas,90.0
Battle Realms,Battle Realms: Zen Edition,90.0
Europa 1400: The Guild,140,90.0
Back to the Future: The Game - Episode II: Get Tannen!,Back to the Future: The Game,90.0
The Sims 3: Late Night Expansion Pack,The Sims 3,90.0
The Sims 3: Ambitions,The Sims 3,90.0
RoboCop: Rogue City - Unfinished Business,RoboCop: Rogue City,90.0
The Sims 4: High School Years,The Sims 4,90.0
Fallout 4: Nuka-World,Fallout 4,90.0
Pitfall: The Lost Expedition,Lost,90.0
The Wolf Among Us: Episode 1 - Faith,Among Us,90.0
Silent Hill f,Silent,90.0
The Walking Dead: Episode 3 - Long Road Ahead,The Walking Dead,90.0
Submerged: Hidden Depths,Depth,90.0
World War Z: Aftermath,World War Z,90.0
Alan Wake Remastered,Alan Wake,90.0
Syndrome,Brain Syndrome VR,90.0
TASOMACHI: Behind the Twilight,SOMA,90.0
Leisure Suit Larry: Reloaded,Reload,90.0
Postal,Postal III,90.0
Crowns and Pawns: Kingdom of Deceit,Deceit,90.0
Call of Duty: Advanced Warfare,Call of Duty: Advanced Warfare - Gold Edition,90.0
League of Legends,Ruined King: A League of Legends Story,90.0
Escape from Duckov,Escape,90.0
Three Fourths Home,Home,90.0
D-Day,Dino D-Day,90.0
The Witcher 3: Wild Hunt - Hearts of Stone,The Witcher 3: Wild Hunt,90.0
Tyranny: Bastard's Wound,Tyranny,90.0
Silence of the Sleep,Silence,90.0
Among the Sleep,Among the Sleep - Enhanced Edition,90.0
The Sims 4: Outdoor Retreat,The Sims 4,90.0
Blood Omen 2,Blood Omen 2: Legacy of Kain,90.0
The Walking Dead: Episode 4 - Around Every Corner,The Walking Dead,90.0
Back to the Future: The Game - Episode I: It's About Time,Back to the Future: The Game,90.0
The Walking Dead: The Telltale Series - A New Frontier Episode 3: Above the Law,The Walking Dead,90.0
The Walking Dead: The Telltale Series - The Final Season Episode 3: Broken Toys,The Walking Dead,90.0
Into the Pit,Five Nights at Freddy's: Into the Pit,90.0
The Way (2016),The Way,90.0
Bad North,Bad North: Jotunn Edition,90.0
Dungeons & Dragons: Dragonshard,Dungeons,90.0
The Rogue Prince of Persia,Prince of Persia,90.0
Fall Guys,Fall Guys: Ultimate Knockout,90.0
EverQuest: Gates of Discord,EverQuest,90.0
Sid Meier's Civilization V: Brave New World,Sid Meier's Civilization V,90.0
A Vampyre Story,Vampyr,90.0
SpellForce: The Order of Dawn,Dawn,90.0
Fantasy General II: Invasion,Fantasy General II,90.0
Borderlands 2: Captain Scarlett and Her Pirate's Booty,Borderlands 2,90.0
Wintermoor Tactics Club,Winter,90.0
The Sims 3: Into the Future,The Sims 3,90.0
Chime Sharp,Chime,90.0
Uncanny Valley,Valley,90.0
Help Will Come Tomorrow,Help,90.0
Earth 2150: Lost Souls,Lost,90.0
The Sims 3: Showtime,The Sims 3,90.0
Hidden & Dangerous 2: Sabre Squadron,Squad,90.0
Black Desert Online: Land of the Morning Light Edition,Black Desert,90.0
Trackmania,Trackmania United Forever,90.0
Rise of the Triad: Ludicrous Edition,Rise of the Triad,90.0
Crasher,Castle Crashers,90.0
Endless Ages,Endless,90.0
Deus Ex: Human Revolution,Deus Ex: Human Revolution - Director's Cut,90.0
Blair Witch Volume II: The Legend of Coffin Rock,Blair Witch,90.0
The Council - Episode 5: Checkmate,The Council,90.0
Evolve,ARK: Survival Evolved,90.0
Crusader Kings II: Sons of Abraham,Crusader Kings II,90.0
Observer,Observer: System Redux,90.0
Shattered Skies,Shatter,90.0
Star Trek: Legacy,Legacy,90.0
The Walking Dead Onslaught,The Walking Dead,90.0
Anarchy Online: Shadowlands,Anarchy Online,90.0
Obsidian,b,90.0
The Walking Dead: Episode 2 - Starved for Help,The Walking Dead,90.0
The Sims 4: For Rent,The Sims 4,90.0
The Club,b,90.0
Call of Cthulhu: The Official Video Game,Call of Cthulhu,90.0
Genesis Alpha One,Genesis Alpha One Deluxe Edition,90.0
Alien Shooter: Vengeance,Alien Shooter,90.0
Fallout 4: Automatron,Fallout 4,90.0
Icewind Dale: Heart of Winter,Winter,90.0
Worms 3D,Worms,90.0
Trine,Trine 2: Complete Story,90.0
Dishonored: The Knife of Dunwall,Dishonored,90.0
The Sims 3 Supernatural,The Sims 3,90.0
Outward,Outward Definitive Edition,90.0
Turok Remastered,Turok,90.0
The Thin Silence,Silence,90.0
Skyshine's Bedlam,Bedlam,90.0
Shattered Union,Shatter,90.0
Total Annihilation: Kingdoms,Total Annihilation,90.0
Icewind Dale: Heart of Winter,Winter,90.0
The Sims: House Party,House Party,90.0
Sid Meier's Civilization VI: Gathering Storm,Sid Meier's Civilization V,90.0
King's Quest Chapter 2: Rubble Without a Cause,King's Quest,90.0
King's Quest Chapter 2: Rubble Without a Cause,King's Quest,90.0
GWENT: Rogue Mage,GWENT: Rogue Mage (Single-Player Expansion),90.0
FORCED SHOWDOWN,OR,90.0
Sea of Thieves,Sea of Thieves: 2025 Edition,90.0
Neverwinter Nights: Hordes of the Underdark,Neverwinter,90.0
OlliOlli World: VOID Riders,OlliOlli,90.0
Undying,Quern - Undying Thoughts,90.0
FIFA 21,EA SPORTS FIFA 21,90.0
Europa,Europa Universalis IV,90.0
The Sims 4: Island Living,The Sims 4,90.0
Humanity,Humanity Asset,90.0
Destiny 2: Forsaken,Destiny 2,90.0
Seduce Me,Seduce Me the Otome,90.0
Chariots of War,Chariot,90.0
Xuan-Yuan Sword: Mists Beyond the Mountains,Mountain,90.0
Create,Crea,90.0
Hatoful Boyfriend: Holiday Star,Hatoful Boyfriend,90.0
Dark Horizon,Horizon,90.0
Anna,Anna's Quest,90.0
Codename: Outbreak,Outbreak,90.0
Blair Witch Volume III: The Elly Kedward Tale,Blair Witch,90.0
Medal of Honor: Warfighter,Medal of Honor,90.0
Endless Space,Endless,90.0
Lost Soul Aside,Lost,90.0
Elven Legacy,Legacy,90.0
Dustborn,b,90.0
The Lost Crown: A Ghost-hunting Adventure,The Lost Crown,90.0
Incoming Forces,Incoming + Incoming Forces,90.0
Silent Hill 4: The Room,The Room,90.0
Pure,Pure Farming 2018,90.0
The Walking Dead: The Telltale Series - A New Frontier Episode 2: Ties That Bind Part Two,The Walking Dead,90.0
Snapshot (2012),Snapshot,90.0
The Falconeer,Falcon,90.0
MechWarrior Online,MechWarrior Online Solaris 7,90.0
The Experiment (2007),The Experiment,90.0
Seeking Dawn,Dawn,90.0
Eric Young's Squad Assault: West Front,Squad,90.0
The Wolf Among Us: Episode 3 - A Crooked Mile,Among Us,90.0
Shattered - Tale of the Forgotten King,Shatter,90.0
Europa Universalis IV: Wealth of Nations,Europa Universalis IV,90.0
The Swords of Ditto,The Swords of Ditto: Mormo's Curse,90.0
Mafia: The Old Country,Mafia,90.0
TRI,OUTRIDERS,90.0
MOTHERGUNSHIP: FORGE,GUN,90.0
Chronicle of Innsmouth: Mountains of Madness,Mountain,90.0
DiRT,DiRT Rally,90.0
Kingdom Come: Deliverance - From The Ashes,Kingdom Come: Deliverance,90.0
The Great Escape (2003),Escape,90.0
The Sims 4: Eco Lifestyle,The Sims 4,90.0
Deus Ex,Deus Ex: Mankind Divided,90.0
American McGee Presents Bad Day LA,Bad Day,90.0
Falcon 4.0: Allied Force,Falcon,90.0
Raven's Cry,Vendetta - Curse of Raven's Cry,90.0
Port Royale 3: Pirates and Merchants,Port Royale 3,90.0
The Sims 4: Get Famous,The Sims 4,90.0
BORE BLASTERS,OR,90.0
Might & Magic: Clash of Heroes - Definitive Edition,Might & Magic: Clash of Heroes,90.0
Lost in Random: The Eternal Die,Lost,90.0
Super Street Fighter IV: Arcade Edition,Street Fighter IV,90.0
Dungeons & Dragons Online: Stormreach,Dungeons,90.0
eFootball 2022,eFootball,90.0
Resident Evil 0: HD Remaster,Resident Evil,90.0
Lysfanga: The Time Shift Warrior,Shift,90.0
Medal of Honor: Pacific Assault,Medal of Honor,90.0
Dishonored: The Brigmore Witches,Dishonored,90.0
The Sims 4: Enchanted by Nature,The Sims 4,90.0
Zombeer,b,90.0
The Charnel House Trilogy,House,90.0
"Time Gentlemen, Please!","Time Gentlemen, Please! and Ben There, Dan That! Special Edition  Double Pack",90.0
Total War: WARHAMMER II - Rise of the Tomb Kings,Total War: WARHAMMER II,90.0
System Shock 2: 25th Anniversary Remaster,System Shock,90.0
Diablo IV: Vessel of Hatred,Diablo IV,90.0
DEFCON: Everybody Dies,DEFCON,90.0
XIII (Remake),XIII,90.0
Age of Wonders III - Eternal Lords,Age of Wonders III,90.0
Fallout 3: Mothership Zeta,Fallout 3,90.0
Nex Machina: Death Machine,Nex Machina,90.0
SimCity 4,SimCity 4 Deluxe Edition,90.0
Gerda: A Flame in Winter,Winter,90.0
The Cave (2013),The Cave,90.0
The Sims 4: Horse Ranch,The Sims 4,90.0
Marvel's Avengers,Marvel's Avengers - The Definitive Edition,90.0
The Darkside Detective: A Fumble in the Dark,The Darkside Detective,90.0
Spiritfarer,Spiritfarer: Farewell Edition,90.0
Hulk,Space Hulk: Deathwing,90.0
The Bridge (2013),The Bridge,90.0
The Walking Dead: The Telltale Series - A New Frontier Episode 5: From The Gallows,The Walking Dead,90.0
Nom Nom Galaxy,PixelJunk Nom Nom Galaxy,90.0
Marvel's Guardians of the Galaxy - Episode 5: Don't Stop Believin',Marvel's Guardians of the Galaxy,90.0
Runers,Brigandine The Legend of Runersia,90.0
The Guest (2016),The Guest,90.0
Akaneiro: Demon Hunters,Akane,90.0
Two Thrones,Prince of Persia: The Two Thrones,90.0
Gorasul: Legacy of the Dragon,Legacy,90.0
Alone in the Dark: Illumination,Alone in the Dark,90.0
The Sims 2,The Sims 4,90.0
Slay the Princess,Slay the Princess — The Pristine Cut,90.0
Tetris Effect,Tetris Effect: Connected,90.0
The Sims 4: Growing Together,The Sims 4,90.0
Marvel's Guardians of the Galaxy - Episode 3: More Than A Feeling,Marvel's Guardians of the Galaxy,90.0
Chronos,Chronostorm: Siberian Border,90.0
The Lion's Song,The Lion's Song: Episode 1 - Silence,90.0
Surviving Mars: Green Planet,Surviving Mars,90.0
A Valley Without Wind,Valley,90.0
Reigns: Three Kingdoms,Reigns,90.0
The Ball (2010),The Ball,90.0
Sword of the Stars,Sword of the Stars: The Pit,90.0
Spacebase Startopia,Startopia,90.0
Shadowgate (2014),Shadowgate,90.0
Law & Order II: Double or Nothing,Nothing,90.0
Game of Thrones: Episode Five - A Nest of Vipers,Game of Thrones,90.0
GRID 2,GRID,90.0
The Outer Worlds: Peril on Gorgon,The Outer Worlds,90.0
Spider-Man: Shattered Dimensions,Shatter,90.0
Enemy Territory: Quake Wars,Quake,90.0
Trine 2,Trine 2: Complete Story,90.0
Crimecraft: Bleedout,Bleed,90.0
Dungeons & Dragons Neverwinter Nights 2: Enhanced Edition,Neverwinter,90.0
Seven: The Days Long Gone,Gone,90.0
Ultima Online: Third Dawn,Dawn,90.0
The Walking Dead: The Telltale Series - The Final Season Episode 2: Suffer the Children,The Walking Dead,90.0
Medal of Honor: Allied Assault - Spearhead,Medal of Honor,90.0
Endless Space 2,Endless,90.0
The Sims 4: Cottage Living,The Sims 4,90.0
Master of Orion: Conquer the Stars,Master of Orion,90.0
The Wolf Among Us: Episode 5 - Cry Wolf,Among Us,90.0
Battlefield 1942: The Road to Rome,Battlefield 1,90.0
Master of Orion II: Battle at Antares,Master of Orion,90.0
Shatter (2009),Shatter,90.0
Horizons: Empire of Istaria,Horizon,90.0
Home (2012),Home,90.0
Game of Thrones: Episode Two - The Lost Lords,Game of Thrones,90.0
Resident Evil: Revelations 2 - Episode 1: Penal Colony,Resident Evil,90.0
Company of Heroes 2: The Western Front Armies,Company of Heroes 2,90.0
Sid Meier's Civilization V: Gods & Kings,Sid Meier's Civilization V,90.0
Broken Sword: The Smoking Mirror,Mirror,90.0
FOX n FORESTS,OR,90.0
Beyond Good & Evil,Beyond Good & Evil - 20th Anniversary Edition,90.0
Flotilla (2010),Flotilla,90.0
Guild Wars 2: Path of Fire,Guild Wars 2,90.0
I Expect You To Die 2: The Spy And The Liar,I Expect You To Die,90.0
Assassin's Creed Valhalla: The Siege of Paris,Assassin's Creed Valhalla,90.0
Life Goes On,Life Goes On: Done to Death,90.0
Sanity: Aiken's Artifact,Artifact,90.0
Black Desert Online,Black Desert,90.0
MirrorMoon EP,Mirror,90.0
Far Cry 5: Hours of Darkness,Far Cry 5,90.0
Diablo,Diablo IV,90.0
Chaos League: Sudden Death,Chaos,90.0
Oblitus,b,90.0
Clash: Artifacts of Chaos,Artifact,90.0
Quake III: Team Arena,Quake,90.0
Turok 3: Shadow of Oblivion,Turok,90.0
Shadow of the Tomb Raider,Tomb Raider,90.0
Lost: Via Domus,Lost,90.0
Planescape: Torment,Planescape: Torment: Enhanced Edition,90.0
Neverwinter Nights,Neverwinter,90.0
Hollow Knight: Silksong,Hollow Knight,90.0
Disco Elysium,Disco Elysium - The Final Cut,90.0
Unreal Tournament 2004,Unreal Tournament 2004: Editor's Choice Edition,90.0
Worlds of Magic: Planar Conquest,Worlds of Magic,90.0
American Conquest: Divided Nation,American Conquest,90.0
On Rusty Trails,Rust,90.0
The Void (Ice-Pick Lodge),The Void,90.0
Minecraft,Minecraft Dungeons,90.0
Life is Strange 2: Episode 3 - Wastelands,Life is Strange 2,90.0
Tropico 4: Modern Times,Tropico 4,90.0
The Bard's Tale IV: Barrows Deep,Barro,90.0
Alan Wake II: The Lake House Expansion,Alan Wake,90.0
Mass Effect 2,Mass Effect 2 (2010 Edition),90.0
"Borderlands 3: Guns, Love, and Tentacles",Borderlands 3,90.0
Guild of Dungeoneering,Guild of Dungeoneering Ultimate Edition,90.0
Section 8,Section 8: Prejudice,90.0
The Last Express,The Last Express Gold Edition,90.0
OlliOlli2: Welcome to Olliwood,OlliOlli,90.0
Divinity II: The Dragon Knight Saga,Dragon Knight,90.0
Ghost Master (2003),Ghost Master,90.0
Europa Universalis IV: Conquest of Paradise,Europa Universalis IV,90.0
Cobalt,b,90.0
Lost Sphear,Lost,90.0
Kao the Kangaroo,Kao the Kangaroo: Round 2 (2003 re-release),90.0
Command & Conquer: Generals - Zero Hour,Zero Hour,90.0
EverQuest: The Shadows of Luclin,EverQuest,90.0
Mika and The Witch's Mountain,Mountain,90.0
Silent Storm,Silent Storm Gold Edition,90.0
Lifeless Planet,Lifeless Planet Premier Edition,90.0
The Lord of the Rings Online: Siege of Mirkwood,The Lord of the Rings Online,90.0
THE SHORE,OR,90.0
Orwell,Orwell: Keeping an Eye On You,90.0
SuperPower 2,SuperPower 2 Steam Edition,90.0
Breed,Alien Breed 2: Assault,90.0
Batman: Arkham Asylum,Batman: Arkham Asylum Game of the Year Edition,90.0
The Walking Dead: The Telltale Series - The Final Season Episode 1: Done Running,The Walking Dead,90.0
Peggle Nights (2008),Peggle Nights,90.0
Hearthstone: Heroes of Warcraft - Journey to Un'Goro,Journey,90.0
Game of Thrones: Episode Three - The Sword in the Darkness,Game of Thrones,90.0
Blade Chimera,Chime,90.0
Watch Dogs,Watch_Dogs,90.0
Magic Duels: Origins,Magic Duels,90.0
Wasteland 3: The Battle of Steeltown,Wasteland 3,90.0
Blair Witch Volume I: Rustin Parr,Blair Witch,90.0
Apocalipsis: Harry at the End of the World,Apocalipsis,90.0
No Longer Home,Home,90.0
Unexplored 2: The Wayfarer's Legacy,Legacy,90.0
Frostpunk: The Last Autumn,Frostpunk,90.0
Overgrowth (2013),Overgrowth,90.0
Eets,Eets Munchies,90.0
Outlast: Whistleblower,Outlast,90.0
Space Run (2014),Space Run,90.0
The Sims 3: Island Paradise,The Sims 3,90.0
EverQuest II: Echoes of Faydwer,EverQuest II,90.0
Sekiro: Shadows Die Twice,Sekiro: Shadows Die Twice - GOTY Edition,90.0
The Shattering,Shatter,90.0
Need for Speed: The Run,Need for Speed,90.0
Bulwark: Falconeer Chronicles,Falcon,90.0
Batora: Lost Haven,Lost,90.0
Dragon Age: Origins - Return to Ostagar,Dragon Age: Origins,90.0
Red Dead Redemption Featuring Undead Nightmare,Red Dead Redemption,90.0
Age of Empires IV,Age of Empires IV: Anniversary Edition,90.0
Tails of Iron 2: Whiskers of Winter,Tails of Iron,90.0
Penumbra: Black Plague,Penumbra: Black Plague Gold Edition,90.0
Mystery of the Druids,Myst,90.0
Myth: The Fallen Lords,The Fall,90.0
Medal of Honor: Allied Assault,Medal of Honor,90.0
IL-2 Sturmovik,IL-2 Sturmovik: Battle of Stalingrad,90.0
Theatre of War 3: Korea,Theatre of War,90.0
Crusader Kings II: The Old Gods,Crusader Kings II,90.0
Unholy,FAITH: The Unholy Trinity,90.0
Alien Rage,Alien Rage - Unlimited,90.0
Dawn of Magic,Dawn,90.0
The Waylanders,The Way,90.0
OVERKILL's The Walking Dead,The Walking Dead,90.0
Tribes 2,b,90.0
The Pathless,The Path,90.0
The Forest (2014),The Forest,90.0
Dawnfolk,Dawn,90.0
Total War: WARHAMMER II - Curse of the Vampire Coast,Total War: WARHAMMER II,90.0
Riven: The Sequel to Myst,Myst,90.0
Age of Empires,Age of Empires II (Retired),90.0
Shadowrun: Dragonfall,Shadowrun: Dragonfall - Director's Cut,90.0
AI: The Somnium Files - nirvanA Initiative,AI: The Somnium Files,90.0
Streets of Rage 4: Mr. X Nightmare,Streets of Rage 4,90.0
Oxenfree II: Lost Signals,Oxenfree,90.0
AGON: The Mysterious Codex,Myst,90.0
The Walking Dead: The Telltale Series - A New Frontier,The Walking Dead,90.0
The Walking Dead: Michonne - Episode 1: In Too Deep,The Walking Dead,90.0
Ashes of the Singularity,Singularity,90.0
Fallout 76: Wastelanders,Fallout 76,90.0
Neighbors From Hell,From Hell,90.0
Laser Squad Nemesis,Squad,90.0
The Council - Episode 1: The Mad Ones,The Council,90.0
Surgeon Simulator 2: Access All Areas,Surgeon Simulator,90.0
Shadows of the Damned: Hella Remastered,Damned,90.0
The Bard's Tale,The Bard's Tale ARPG: Remastered and Resnarkled,90.0
Warhammer: Mark of Chaos,Chaos,90.0
Neverwinter Nights 2: Mysteries of Westgate,Neverwinter,90.0
Worms Blast,Worms,90.0
Dungeon Siege: Legends of Aranna,Dungeon Siege,90.0
RIVE,GUILTY GEAR -STRIVE-,90.0
Fatal Frame: Mask of the Lunar Eclipse,Eclipse,90.0
Hitman,Hitman: Absolution,90.0
Prey (2006),Prey,90.0
Chrome,Blazing Chrome,90.0
Total War: WARHAMMER III - Forge of the Chaos Dwarfs,Total War: WARHAMMER II,90.0
The Cub,b,90.0
Layers of Fear,Layers of Fear (2016),90.0
Battlefield 3: Close Quarters,Battlefield 3,90.0
StarLancer,Starmancer,90.0
Earth 2150,Earth 2160,90.0
Remnant: From the Ashes - Subject 2923,Remnant: From the Ashes,90.0
The Walking Dead: Season Two Episode 4 - Amid the Ruins,The Walking Dead,90.0
Rome: Total War,Rome: Total War - Collection,90.0
Thief: The Dark Project,Thief,90.0
Sid Meier's Alpha Centauri,Sid Meier's Alpha Centauri Planetary Pack,90.0
The Witcher 3: Wild Hunt - Blood and Wine,The Witcher 3: Wild Hunt,90.0
Fez,Fe,90.0
Call of Juarez: The Cartel,Call of Juarez,90.0
Yume Nikki: Dream Diary,Yume Nikki,90.0
America,American Truck Simulator,90.0
Lara Croft Tomb Raider: The Angel of Darkness,Tomb Raider,90.0
Worms Forts: Under Siege,Forts,90.0
Anarchy Online: Alien Invasion,Anarchy Online,90.0
Star Trek: Deep Space Nine: The Fallen,The Fall,90.0
Lost Planet: Extreme Condition Colonies Edition,Lost Planet: Extreme Condition,90.0
Septerra Core: Legacy of the Creator,Septerra Core,90.0
Between Horizons,Between Horizons – A Sci-Fi Detective Adventure,90.0
Worldwide Soccer Manager 2009,Soccer Manager,90.0
The Moment of Silence,Silence,90.0
ete,New World: Aeternum,90.0
ete,New World: Aeternum,90.0
The Council - Episode 2: Hide and Seek,The Council,90.0
Marvel's Guardians of the Galaxy - Episode 1: Tangled Up in Blue,Marvel's Guardians of the Galaxy,90.0
Stray Blade,Stray,90.0
Watch Dogs: Legion - Bloodline,Watch Dogs: Legion,90.0
Destiny 2: Beyond Light,Destiny 2,90.0
EverQuest: The Planes of Power,EverQuest,90.0
Watchmen: The End Is Nigh,The End Is Nigh,90.0
Game of Thrones: Episode Six - The Ice Dragon,Game of Thrones,90.0
The Whispered World,The Whispered World Special Edition,90.0
Shadow Blade: Reload,Reload,90.0
RACE 07: Official WTCC Game,RACE 07,90.0
EverQuest II: Rise of Kunark,EverQuest II,90.0
FORM,OR,90.0
Super Meat Boy Forever,Super Meat Boy,90.0
Cognition: An Erica Reed Thriller Episode 4 - The Cain Killer,Cognition: An Erica Reed Thriller,90.0
The Fall (2014),The Fall,90.0
Spore Creature Creator,Crea,90.0
Pathfinder: Wrath of the Righteous,Pathfinder: Wrath of the Righteous - Enhanced Edition,90.0
Full Spectrum Warrior: Ten Hammers,Full Spectrum Warrior,90.0
Demon's Mirror,Mirror,90.0
Sniper Elite: Resistance,Sniper Elite,90.0
Strayed Lights,Stray,90.0
Trainz,Trainz Simulator 12,90.0
Time of Defiance,Defiance,90.0
SpellForce 3,SpellForce 3 Reforced,90.0
Wildfire (2020),Wildfire,90.0
The Sims 3 Seasons,The Sims 3,90.0
Weird West,Weird West: Definitive Edition,90.0
Fallout 3: Broken Steel,Fallout 3,90.0
Magicka: Vietnam,Magicka,90.0
Jamestown: Legend of the Lost Colony,Jamestown,90.0
Oddworld: Soulstorm,Oddworld: Soulstorm Enhanced Edition,90.0
The Sims 4: Get to Work,The Sims 4,90.0
Hard Reset,Hard Reset Extended Edition,90.0
The Eternal Castle Remastered,Castle,90.0
Destiny 2: The Edge of Fate,Destiny 2,90.0
Assassin's Creed Valhalla: Wrath of the Druids,Assassin's Creed Valhalla,90.0
The Sims 4: Star Wars - Journey to Batuu,The Sims 4,90.0
Dead Cells: Return to Castlevania,Dead Cells,90.0
BioShock Infinite: Burial at Sea - Episode One,BioShock,90.0
WWI: Verdun - Western Front,Verdun,90.0
Humankind,Ancestors: The Humankind Odyssey,90.0
The Walking Dead: The Telltale Series - The Final Season,The Walking Dead,90.0
Sword of the Stars II: Lords of Winter,Winter,90.0
Watchmen: The End Is Nigh Part 2,The End Is Nigh,90.0
Gun,Enter the Gungeon,90.0
Waking,Waking Mars,90.0
Salt Lake 2002,Lake,90.0
Gothic 3: Forsaken Gods,Gothic 3,90.0
Ghostbusters: Sanctum of Slime,Sanctum,90.0
Arkham Horror: Mother's Embrace,Embr,90.0
Dominions II: The Ascension Wars,Ascension,90.0
Rebels: Prison Escape,Escape,90.0
Starship Troopers,Starship Troopers: Extermination,90.0
Guild Wars 2: Heart of Thorns,Guild Wars 2,90.0
Space Hulk: Tactics,Space Hulk,90.0
Victoria II: Heart of Darkness,Victoria II,90.0
The Sims 4: Businesses & Hobbies Expansion Pack,The Sims 4,90.0
L.A. Noire: The Complete Edition,L.A. Noire,90.0
Independence War 2: Edge of Chaos,Chaos,90.0
New World,New World: Aeternum,90.0
The Walking Dead: Season Two Episode 2 - A House Divided,The Walking Dead,90.0
The Walking Dead: The Telltale Series - A New Frontier Episode 1: Ties That Bind Part One,The Walking Dead,90.0
Need for Speed: ProStreet,Need for Speed,90.0
Saints Row: The Third Remastered,Saints Row: The Third,90.0
The Sims 3: Generations,The Sims 3,90.0
Tales From Off-Peak City Vol. 1,Off-Peak,90.0
The Sims 3: Pets,The Sims 3,90.0
Tomb Raider IV-VI Remastered,Tomb Raider,90.0
Fallout: New Vegas - Dead Money,Fallout: New Vegas,90.0
Prototype (2009),Prototype,90.0
Stronghold,Stronghold Crusader 2,90.0
Neverwinter Nights 2: Storm of Zehir,Neverwinter,90.0
Broken Age: Act 2,Broken Age,90.0
Stellaris: Apocalypse,Stellaris,90.0
ATOM RPG,ATOM RPG: Post-apocalyptic indie game,90.0
DOOMBLADE,DOOM,90.0
Crusader Kings III: The Royal Court,Crusader Kings II,90.0
Dying Light 2 Stay Human,Dying Light,90.0
Battlefield 1: They Shall Not Pass,Battlefield 1,90.0
Violett,Violett Remastered,90.0
Warcraft III: Reign of Chaos,Chaos,90.0
Legacy: Dark Shadows,Legacy,90.0
Timeline (2000),Timeline,90.0
DARK (2013),DARK,90.0
Squad Leader,Squad,90.0
Soldiers: Heroes of World War II,Soldiers: Heroes of World War II - Enhanced Edition,90.0
Alien Swarm (2010),Alien Swarm,90.0
Red Faction: Guerrilla,Red Faction,90.0
ITORAH,OR,90.0
Pathfinder: Kingmaker,Pathfinder: Kingmaker — Enhanced Plus Edition,90.0
Blues and Bullets - Episode 1: The End of Peace,Blues and Bullets,90.0
Last Year: The Nightmare,Last Year,90.0
Mutant Mudds,Mutant Mudds Deluxe,90.0
Vessel (2012),Vessel,90.0
Metro 2033,Metro 2033 Redux,90.0
Windward (2012),Windward,90.0
Blur,迷离 Blurred,90.0
Hitman 2,Hitman 2: Silent Assassin,90.0
Desperate Housewives: The Game,House,90.0
Aurion: Legacy of the Kori-Odan,Legacy,90.0
Flintlock: The Siege of Dawn,Dawn,90.0
Dreamfall Chapters Book One: Reborn,Dreamfall Chapters,90.0
Majesty 2: The Fantasy Kingdom Sim,Majesty 2,90.0
Borderlands 3: Psycho Krieg and the Fantastic Fustercluck,Borderlands 3,90.0
Uru: Ages Beyond Myst,Myst,90.0
DARQ,DARQ: Complete Edition,90.0
Dead State,Dead State: Reanimated,90.0
Sokobond,b,90.0
Wylde Flowers,Flower,90.0
Silent Hill 2: Director's Cut,Silent,90.0
Pillars of Eternity: The White March - Part 2,Pillars of Eternity,90.0
Sanctum (2011),Sanctum,90.0
Impossible Creatures,Impossible Creatures Steam Edition,90.0
Cultures 2: The Gates of Asgard,The Gate,90.0
Silent Hill 3,Silent,90.0
Medal of Honor: Allied Assault - Breakthrough,Medal of Honor,90.0
The Elder Scrolls Online: Dragonhold,The Elder Scrolls Online,90.0
Resident Evil Village: Winters' Expansion,Resident Evil Village,90.0
Back to the Future: The Game - Episode IV: Double Visions,Back to the Future: The Game,90.0
The Walking Dead: Michonne - Episode 3: What We Deserve,The Walking Dead,90.0
Birth of America,Birth,90.0
39 Days to Mars,9 Days,90.0
Atlas Fallen,Atlas Fallen: Reign Of Sand,90.0
Company of Heroes 2: Ardennes Assault,Company of Heroes 2,90.0
Gigantic Army,Gigantic,90.0
Battlefield 1942: Secret Weapons of WWII,Battlefield 1,90.0
Chaos League,Chaos,90.0
Kingdom Come: Deliverance II - Brushes with Death,Kingdom Come: Deliverance II,90.0
Project Eden,Everreach: Project Eden,90.0
The Sims 3: University Life,The Sims 3,90.0
Remnant: From the Ashes - Swamps of Corsus,Remnant: From the Ashes,90.0
Lone Survivor,Lone Survivor: The Director's Cut,90.0
Cibele,b,90.0
Black Mirror II: Reigning Evil,Mirror,90.0
ShellShock 2: Blood Trails,Blood Trail,90.0
Deep Black: Reloaded,Reload,90.0
SuperPower,SuperPower 2 Steam Edition,90.0
Sonic Generations,Sonic Generations Collection,90.0
Mafia II,Mafia II (Classic),90.0
The Walking Dead: The Telltale Series - The Final Season Episode 4: Take Us Back,The Walking Dead,90.0
EverQuest: Lost Dungeons of Norrath,EverQuest,90.0
WRC Generations,WRC Generations – The FIA WRC Official Game,90.0
Abermore,b,90.0
Raven Squad: Operation Hidden Dagger,Squad,90.0
Destiny 2: Curse of Osiris,Destiny 2,90.0
The Walking Dead: Survival Instinct,The Walking Dead,90.0
MindsEye,Mind,90.0
The Sinking City,The Sinking City Remastered,90.0
The Climb,Climb,90.0
Fashion Police Squad,Squad,90.0
Indiana Jones and the Great Circle: The Order of Giants,Indiana Jones and the Great Circle,90.0
Sea Dogs,Sea Dogs: To Each His Own,90.0
Act of Aggression,Act of Aggression - Reboot Edition,90.0
Death's Gambit,Death's Gambit: Afterlife,90.0
The Witcher,The Witcher 3: Wild Hunt,90.0
Hitman GO,Hitman GO: Definitive Edition,90.0
Cognition: An Erica Reed Thriller Episode 1 - The Hangman,Cognition: An Erica Reed Thriller,90.0
The Wardrobe,The Wardrobe - Even Better Edition,90.0
Mass Effect: Andromeda,Mass Effect: Andromeda Deluxe Edition,90.0
Gamedec,Gamedec - Definitive Edition,90.0
Conway: Disappearance at Dahlia View,Dahlia View,90.0
Gemini Rue: Verschworung auf Barracus,Gemini Rue,90.0
Keeper,Dome Keeper,90.0
Neverwinter Nights 2,Neverwinter,90.0
Dragon Age: Origins - Awakening,Dragon Age: Origins,90.0
Hearthstone: Heroes of Warcraft - Blackrock Mountain,Mountain,90.0
Jade Empire,Jade Empire: Special Edition,90.0
Cognition: An Erica Reed Thriller Episode 2 - The Wise Monkey,Cognition: An Erica Reed Thriller,90.0
A New Beginning,A New Beginning - Final Cut,90.0
Convoy: A Tactical Roguelike,Convoy,90.0
Chasm (2018),Chasm,90.0
King's Quest Chapter 1: A Knight to Remember,King's Quest,90.0
Dragon Age II,Dragon Age II: Ultimate Edition,90.0
StarDrive (2012),StarDrive,90.0
Far Cry 5: Lost on Mars,Far Cry 5,90.0
Neverwinter Nights 2: Mask of The Betrayer,Neverwinter,90.0
Tom Clancy's Ghost Recon: Desert Siege,Tom Clancy's Ghost Recon,90.0
TimeShift (2007),TimeShift,90.0
Venetica,Venetica - Gold Edition,90.0
Batbarian: Testament of the Primordials,Primordia,90.0
Quake Remastered,Quake,90.0
Shadowrun: Hong Kong,Shadowrun: Hong Kong - Extended Edition,90.0
Guild Wars 2: End of Dragons,Guild Wars 2,90.0
The Walking Dead: Season Two Episode 3 - In Harm's Way,The Walking Dead,90.0
The Sims 4: Seasons,The Sims 4,90.0
Panzer General III: Scorched Earth,Scorch,90.0
Felix the Reaper,Fe,90.0
Aporia: Beyond The Valley,Valley,90.0
Abyssus,b,90.0
The Talos Principle: Road To Gehenna,The Talos Principle,90.0
Stellaris: Utopia,Stellaris,90.0
Need for Speed: Underground,Need for Speed,90.0
Outer Wilds: Echoes of the Eye,Outer Wilds,90.0
Need for Speed: Underground 2,Need for Speed,90.0
The Sims 4: Discover University,The Sims 4,90.0
Starcraft II: Legacy of the Void,Legacy,90.0
Yuppie Psycho,Yuppie Psycho: Executive Edition,90.0
The Sims 3: World Adventures,The Sims 3,90.0
Shin Megami Tensei: Persona 3 Portable,Persona 3 Portable,90.0
EVE Online: Special Edition,EVE Online,90.0
Marvel's Guardians of the Galaxy - Episode 4: Who Needs You,Marvel's Guardians of the Galaxy,90.0
Rad,Radical Heights,90.0
Tom Clancy's Ghost Recon: Island Thunder,Tom Clancy's Ghost Recon,90.0
Endless Legend,Endless,90.0
Broken Age: Act 1,Broken Age,90.0
Corpse Party,Corpse Party (2021),90.0
Dreamfall Chapters Book Two: Rebels,Dreamfall Chapters,90.0
The Fall of the Dungeon Guardians,The Fall,90.0
The Sims 4: Lovestruck,The Sims 4,90.0
The Walking Dead: The Telltale Series - A New Frontier Episode 4: Thicker than Water,The Walking Dead,90.0
Worms 4: Mayhem,Worms,90.0
Black & White: Creature Isle,Crea,90.0
Immortals Fenyx Rising: A New God,Immortals Fenyx Rising,90.0
Age of Wonders III - Golden Realms,Age of Wonders III,90.0
Uru: The Path of the Shell,The Path,90.0
Creatures of Ava,Crea,90.0
Marvel's Guardians of the Galaxy - Episode 2: Under Pressure,Marvel's Guardians of the Galaxy,90.0
Total War: WARHAMMER - Call of the Beastmen,Total War: WARHAMMER,90.0
Dead Island: Riptide,Dead Island: Riptide Definitive Edition,90.0
Deadly Dozen: Pacific Theater,Deadly Dozen,90.0
All Walls Must Fall,All Walls Must Fall - A Tech-Noir Tactics Game,90.0
Cities: Skylines - Snowfall,Cities: Skylines,90.0
Legendary Gary,Legendary,90.0
Shadow Harvest: Phantom Ops,Phantom Ops,90.0
Fast & Furious Crossroads,Furi,90.0
Elden Ring,Elder Ring,90.0
EverQuest: The Scars of Velious,EverQuest,90.0
The Walking Dead: Episode 1 - A New Day,The Walking Dead,90.0
Mutant Year Zero: Road to Eden - Seed of Evil,Mutant Year Zero: Road to Eden,90.0
Battlefield 3: End Game,Battlefield 3,90.0
Titan Quest,Titan Quest Anniversary Edition,90.0
World of Van Helsing: Deathtrap,Deathtrap,90.0
Republique: Episode 1 - Exordium,Republique,90.0
Need for Speed: Carbon,Need for Speed,90.0
The Walking Dead: 400 Days,The Walking Dead,90.0
DeathSpank: Thongs of Virtue,DeathSpank,90.0
Fallout 3: The Pitt,Fallout 3,90.0
AR-K Episode 3: The Great Escape,Escape,90.0
Dawn of Discovery: Venice,Dawn,90.0
Destiny 2: Shadowkeep,Destiny 2,90.0
Date Everything!,Everything,90.0
Dungelot: Shattered Lands,Shatter,90.0
Grim Fandango,Grim Fandango Remastered,90.0
