Brand,Model,Kilometers,Year,Fuel Type,Transmission Type,Engine Capacity (CC),Body Type,Price_EGP,fabrika,zero_condition,rasha,accident,excellent_condition,service_center,full_service_history,sunroof,leather,screen,sensors,rear_camera,cruise,alloy,push_start,abs,airbags,air_condition,bluetooth,full_option,first_owner
Ford,Escort,130000,1998,Benzine,Manual,1300,Sedan,140000.0,1,0,1,0,0,0,0,0,0,0,0,0,0,0,0,0,0,0,0,0,0
Speranza,A113,83000,2012,Benzine,Manual,1300,Hatchback,243000.0,0,1,0,0,0,0,0,0,0,0,0,0,0,0,0,0,0,1,0,0,0
Honda,City,100000,2008,Benzine,Automatic,1500,Sedan,240000.0,0,0,1,1,0,0,0,0,0,0,0,0,0,0,0,0,0,0,0,0,0
Volkswagen,Pointer,180000,2006,Benzine,Manual,1600,Hatchback,155000.0,1,0,1,0,0,0,0,0,0,0,0,0,0,0,0,0,0,0,0,0,0
Geely,Emgrand 7,215000,2017,Diesel,Manual,1600,Sedan,380000.0,1,1,0,0,0,0,0,0,0,0,0,0,0,0,0,0,0,0,0,0,0
Skoda,Kodiaq,22000,2023,Benzine,Automatic,1400,Estate,2000000.0,0,0,0,0,0,0,0,0,0,0,0,0,0,0,0,0,0,0,0,0,0
Peugeot,RCZ,127000,2011,Benzine,Manual,1600,Sports / Coupe,975000.0,0,0,0,0,0,0,0,0,0,1,1,0,1,0,0,0,0,0,1,0,0
Seat,Ibiza,200000,1999,Benzine,Manual,1600,Hatchback,190000.0,0,1,0,0,0,0,0,0,1,0,0,0,0,0,0,0,0,1,0,0,0
BYD,F3,73000,2025,Natural Gas,Manual,1500,Sedan,620000.0,1,0,0,0,0,0,0,0,0,0,0,0,0,0,0,0,0,0,0,0,0
Hyundai,I20,230000,2012,Benzine,Automatic,1400,Hatchback,465000.0,0,0,0,0,0,0,0,0,0,0,0,0,0,0,0,0,0,0,0,0,0
Nissan,Juke,142000,2015,Benzine,Automatic,1600,SUV,660000.0,1,0,0,0,0,0,0,0,0,0,0,0,0,0,0,0,0,0,0,0,0
Seat,Ibiza,50000,2021,Benzine,Automatic,1600,Hatchback,900000.0,1,0,0,0,0,1,0,0,0,0,0,0,0,0,0,0,0,0,0,0,0
Fiat,Panda,123000,2017,Benzine,Manual,1200,Hatchback,400000.0,0,1,1,0,0,0,0,0,0,0,0,0,0,0,0,0,0,0,0,0,0
Seat,Toledo,99000,2017,Benzine,Automatic,1600,Sedan,700000.0,1,0,0,0,0,0,0,0,0,0,0,0,0,0,0,0,0,0,0,1,0
Seat,Ibiza,230000,2014,Benzine,Automatic,1600,Hatchback,500000.0,1,0,1,0,0,0,0,0,1,0,0,0,0,0,0,0,0,0,0,0,0
Mercedes-Benz,C180,29000,2017,Benzine,Automatic,1600,Convertible,2350000.0,1,0,0,0,0,1,0,0,0,0,0,0,0,0,0,0,0,0,0,0,0
Hyundai,Accent,275,2015,Benzine,Automatic,1600,Sedan,550000.0,0,1,0,0,0,0,0,0,0,0,0,0,0,0,0,0,0,0,0,0,0
Opel,Corsa,43000,2022,Benzine,Automatic,1300,Hatchback,825000.0,1,0,1,0,0,0,0,0,0,0,0,0,0,0,0,0,0,0,0,0,0
Peugeot,407,92000,2008,Diesel,Manual,1600,Sedan,400000.0,0,0,0,0,0,0,0,0,0,1,0,0,0,0,0,0,0,0,0,0,0
Hyundai,Elantra,110000,2019,Benzine,Automatic,1600,Sedan,690000.0,1,0,1,0,0,0,0,0,1,0,0,0,0,0,0,0,0,0,0,0,0
Mercedes-Benz,GLA 200,94000,2021,Benzine,Automatic,1600,SUV,2000000.0,0,0,1,0,0,0,0,0,0,0,0,0,0,0,0,0,0,0,0,0,0
BMW,525,150000,2007,Benzine,Automatic,2500,Sedan,870000.0,0,0,0,0,0,0,0,0,0,0,0,0,0,0,0,0,0,1,0,0,0
BYD,F3,70000,2025,Benzine,Manual,1500,Sedan,620000.0,1,0,0,0,0,0,0,0,0,0,0,0,0,0,0,0,0,0,0,0,0
Opel,Grandland,20000,2024,Benzine,Automatic,1600,SUV,1550000.0,0,0,0,0,0,0,0,0,0,0,0,0,0,0,0,0,0,0,0,0,0
Nissan,Sunny,38000,2023,Benzine,Automatic,1500,Sedan,670000.0,0,0,0,0,0,0,0,0,0,0,0,0,0,0,0,0,0,0,0,0,0
Kia,Sportage,68000,2022,Benzine,Automatic,1600,SUV,1530000.0,0,1,0,0,0,0,0,0,0,0,0,0,0,0,0,0,0,1,0,0,0
Mercedes-Benz,E230,190000,2008,Benzine,Automatic,2500,Sedan,1030000.0,0,0,0,0,0,0,0,0,0,0,0,0,0,0,0,0,0,0,0,0,0
Volkswagen,Tiguan,66000,2023,Benzine,Automatic,1400,SUV,1770000.0,1,0,0,0,0,0,0,0,0,0,0,0,0,0,0,0,0,0,0,0,0
Hyundai,Verna,208000,2010,Hybrid,Automatic,1600,Sedan,310000.0,0,0,0,0,1,0,0,0,0,0,0,0,0,0,0,0,0,0,0,0,0
Daihatsu,Terios,300000,2012,Benzine,Automatic,1500,Hatchback,485000.0,1,0,0,0,0,0,0,0,0,0,0,0,0,0,0,0,0,0,0,0,0
Hyundai,Verna,250000,2015,Benzine,Manual,1600,Sedan,400000.0,1,0,0,0,0,0,0,0,0,0,0,0,0,0,0,0,0,1,0,0,0
Renault,Logan,163000,2016,Benzine,Automatic,1600,Sedan,340000.0,0,0,1,0,0,0,0,0,0,0,0,0,0,0,0,0,0,0,0,0,1
Chevrolet,Lanos,30000,2013,Benzine,Manual,1600,Sedan,315000.0,0,1,1,0,0,0,0,0,0,0,0,0,0,0,0,0,0,1,0,0,0
Daewoo,Lanos,300000,2008,Natural Gas,Manual,1500,Sedan,260000.0,1,0,0,0,0,0,0,0,0,0,0,0,0,0,0,0,0,0,0,0,0
Renault,Clio,320000,2002,Benzine,Manual,1200,Sedan,185000.0,1,0,0,0,0,0,0,0,0,0,0,0,0,0,0,0,0,0,0,0,0
Volkswagen,Eos,59000,2007,Benzine,Manual,1600,Convertible,800000.0,0,0,0,0,1,0,0,0,0,0,0,0,0,0,0,0,0,0,0,0,0
Kia,Sportage,100000,2018,Benzine,Automatic,1600,SUV,1140000.0,1,1,0,0,0,1,0,0,0,0,0,0,0,0,0,0,0,0,0,0,0
Renault,Duster,166000,2020,Benzine,Automatic,1600,Hatchback,650000.0,1,1,0,0,0,0,0,0,0,0,0,0,0,0,0,0,0,0,0,0,0
Renault,11,69000,2011,Benzine,Manual,1600,Sedan,250000.0,0,0,0,0,0,0,0,0,0,0,0,0,0,0,0,0,0,0,0,0,0
Mitsubishi,Lancer,180000,2017,Benzine,Manual,2000,Sedan,830000.0,0,0,0,0,1,0,0,0,0,0,0,0,0,0,0,0,0,1,0,0,0
Nissan,Sunny,350000,2009,Natural Gas,Automatic,1600,Sedan,400000.0,0,0,1,0,0,0,0,0,1,0,1,0,0,0,0,0,0,0,0,0,0
Kia,Rio,250000,2004,Benzine,Manual,1300,Sedan,175000.0,1,0,1,0,0,0,0,0,0,0,0,0,0,0,0,0,0,0,0,0,0
Opel,Corsa,147000,2022,Benzine,Automatic,1300,Sedan,720000.0,0,0,1,1,1,0,0,0,0,0,0,0,0,0,0,0,0,1,0,0,0
Mitsubishi,Mirage,310222,1998,Benzine,Automatic,1600,Sedan,310000.0,0,0,0,0,0,0,0,1,0,0,0,0,0,0,0,1,1,0,0,0,0
BYD,F3,120000,2022,Benzine,Manual,1600,Other,475000.0,1,0,0,0,0,0,0,0,0,0,0,0,0,0,0,0,0,0,0,0,0
Ford,Mondeo,260000,2008,Benzine,Manual,1600,Sedan,530000.0,1,0,1,0,0,0,0,0,1,0,0,0,0,0,0,0,0,0,0,0,0
Kia,Carnival,13000,2025,Hybrid,Automatic,1600,SUV,2450000.0,1,0,1,0,1,0,0,0,1,0,1,0,1,1,0,0,0,0,0,1,0
BMW,118,142000,2019,Benzine,Automatic,1500,Hatchback,1100000.0,0,0,0,0,0,0,0,1,0,0,1,0,1,0,1,0,1,1,0,0,0
Fiat,500X,15000,2021,Benzine,Automatic,1400,Hatchback,930000.0,0,1,0,0,0,0,0,0,0,0,1,1,0,0,0,1,1,0,0,0,0
Mitsubishi,Atrage,175000,2014,Benzine,Automatic,1100,Sedan,380000.0,0,0,0,0,0,0,0,0,0,0,0,0,0,0,0,0,0,0,0,0,0
Mercedes-Benz,C200,35000,2022,Hybrid,Automatic,1500,Sedan,2550000.0,1,0,0,0,0,0,0,0,1,0,0,0,0,0,0,0,0,1,0,0,0
Opel,Insignia,287000,2014,Benzine,Automatic,1600,Sedan,550000.0,0,0,0,0,0,0,0,0,0,0,0,0,0,0,0,0,0,0,0,0,0
Volkswagen,Passat,180000,2018,Benzine,Automatic,1400,Sedan,1100000.0,0,0,0,0,0,1,0,0,0,0,0,0,0,0,0,0,0,0,0,0,0
Chevrolet,Aveo,208000,2017,Benzine,Automatic,1500,Sedan,445000.0,1,0,0,0,0,0,0,0,0,0,0,0,0,0,0,0,0,0,0,1,0
Toyota,Yaris,152000,2008,Benzine,Automatic,1300,Sedan,420000.0,1,0,1,0,0,1,0,0,0,0,0,0,0,0,0,1,0,0,0,0,1
Renault,Sandero Stepway,185000,2016,Benzine,Automatic,1600,SUV,415000.0,0,0,1,0,0,0,0,0,1,0,0,0,1,0,0,1,0,1,0,0,0
Chevrolet,Optra,14600,2006,Benzine,Automatic,1600,Sedan,350000.0,0,0,1,0,0,0,0,0,0,0,1,0,0,0,0,0,0,0,0,0,0
Jeep,Wrangler,300000,2010,Benzine,Automatic,3800,4X4,820000.0,1,0,0,0,0,0,1,0,0,0,0,0,0,0,0,0,0,0,0,1,0
BMW,520,145000,2019,Benzine,Automatic,2000,Sedan,1750000.0,1,0,0,0,0,0,0,0,0,0,0,0,0,0,0,0,0,0,0,0,0
Hyundai,Elantra,60000,2023,Benzine,Automatic,4600,Sedan,1250000.0,1,0,0,0,0,0,0,0,0,0,0,0,0,0,0,0,0,0,0,0,0
BMW,418,90000,2016,Natural Gas,Automatic,1500,Sedan,1600000.0,0,0,0,0,0,0,0,0,0,0,0,0,0,0,0,0,0,0,0,0,0
Nissan,Sunny,84000,2018,Benzine,Automatic,1600,Sedan,450000.0,1,0,1,0,0,0,0,0,0,0,0,0,0,0,0,0,0,0,0,0,0
Fiat,Siena,105000,2008,Benzine,Manual,1500,Sedan,180000.0,0,0,0,0,1,0,0,0,0,0,0,0,0,0,0,0,0,0,0,0,0
Volkswagen,Golf,22000,1991,Benzine,Manual,2000,Hatchback,225000.0,1,1,0,0,0,0,0,0,1,0,0,0,0,0,0,0,0,0,0,0,0
Ford,B-Max,165000,2015,Benzine,Automatic,1600,SUV,450000.0,0,0,0,0,0,0,0,0,0,0,0,0,0,0,0,0,0,0,0,0,0
Chevrolet,Optra,200000,2008,Benzine,Automatic,1600,Sedan,345000.0,0,0,1,0,0,0,0,0,0,0,0,0,0,0,0,0,0,0,0,0,0
Kia,Cerato,90000,2022,Benzine,Automatic,1600,Sedan,950000.0,0,0,0,0,0,1,0,0,0,0,0,0,0,0,0,0,0,0,0,0,0
Chery,Arrizo 5,48000,2023,Benzine,Automatic,1600,Sedan,610000.0,0,0,0,0,0,0,0,0,0,0,0,0,0,0,0,0,0,0,0,0,0
Mercedes-Benz,190,250000,1984,Benzine,Manual,2000,Sedan,270000.0,0,0,1,0,0,0,0,0,0,0,0,0,0,0,0,0,0,0,0,0,0
Skoda,Kodiaq,14000,2024,Benzine,Automatic,1500,SUV,2400000.0,0,0,0,0,0,0,0,0,0,0,0,0,0,0,0,0,0,0,0,0,0
Proton,Gen-2,95000,2015,Benzine,Automatic,1600,Sedan,475000.0,0,0,0,0,0,0,0,0,0,0,0,0,0,0,0,0,0,0,0,0,0
Opel,Astra,54000,2021,Benzine,Automatic,1400,Sedan,760000.0,1,0,1,0,0,0,0,0,1,0,0,0,0,0,0,0,0,0,0,0,0
Ford,Focus,380000,2009,Benzine,Automatic,1600,Sedan,550000.0,1,0,1,0,0,0,0,0,1,0,0,0,0,0,0,0,0,0,0,0,0
Peugeot,208,222000,2014,Benzine,Automatic,1600,Hatchback,450000.0,1,0,0,0,0,0,0,1,0,0,0,0,0,0,0,0,0,0,0,0,0
Daewoo,Juliet,335000,1999,Benzine,Manual,1500,Hatchback,250000.0,1,0,0,0,1,0,0,0,0,0,0,0,0,1,0,0,0,1,0,0,0
Mercedes-Benz,C Class,61000,2017,Benzine,Automatic,1600,Sedan,1850000.0,0,1,0,0,0,0,0,0,0,0,0,0,0,0,0,0,0,0,0,0,0
Opel,Mokka,5000,2024,Benzine,Automatic,1200,SUV,1270000.0,0,0,0,0,0,0,0,0,0,0,0,0,0,0,0,0,0,0,0,0,0
Toyota,Corolla,97000,2019,Benzine,Automatic,1600,Sedan,850000.0,1,0,0,0,0,0,0,0,0,0,0,0,0,0,0,0,0,0,0,0,0
Toyota,Yaris,270000,2008,Benzine,Automatic,1300,Sedan,380000.0,1,0,1,0,0,0,0,0,0,0,0,0,0,0,0,0,0,0,0,0,0
Opel,Corsa,178000,2005,Benzine,Manual,1600,Sedan,280000.0,1,0,1,0,0,0,0,0,0,0,0,0,0,0,0,0,0,0,1,0,0
Opel,Insignia,48000,2018,Benzine,Automatic,1500,Sedan,1200000.0,1,0,0,0,0,1,0,0,0,0,0,0,0,0,0,0,0,0,0,0,0
Chevrolet,Lanos,223000,2010,Benzine,Manual,1600,Sedan,220000.0,1,0,1,1,0,0,0,0,1,0,0,0,0,0,0,0,0,0,0,0,0
Speranza,A516,131000,2008,Natural Gas,Manual,1600,Sedan,155000.0,1,0,1,0,0,0,0,0,0,0,0,0,0,0,0,0,0,0,0,0,0
Renault,Logan,168000,2016,Benzine,Automatic,1600,Sedan,480000.0,1,0,1,0,1,1,0,0,1,0,0,0,0,0,0,0,0,0,0,0,0
Mercedes-Benz,C180,20000,2023,Benzine,Automatic,1600,Sports / Coupe,2500000.0,0,0,0,0,0,0,0,1,0,0,0,0,0,0,0,0,0,0,0,0,0
Chery,Tiggo 3,79000,2023,Benzine,Automatic,1500,4X4,655000.0,0,1,0,0,0,0,0,0,0,0,0,0,0,0,0,0,0,0,0,0,1
Renault,Logan,222000,2016,Benzine,Automatic,1600,Sedan,375000.0,1,0,1,0,0,0,0,0,0,0,0,0,0,0,0,0,0,0,0,0,0
Mercedes-Benz,C200,170000,2002,Benzine,Automatic,2000,Sedan,680000.0,0,0,1,0,0,0,0,0,0,0,0,0,0,0,0,0,1,1,0,0,0
Fiat,Brava,180000,1998,Benzine,Manual,1600,Hatchback,165000.0,1,0,1,0,0,0,0,0,1,0,0,0,0,0,0,0,0,1,0,0,0
Hyundai,Matrix,189000,2006,Benzine,Automatic,1600,Hatchback,430000.0,1,1,1,0,0,0,0,0,0,0,0,0,0,0,0,0,0,0,0,0,0
Kia,Sportage,50000,2024,Benzine,Automatic,1600,Hatchback,1600000.0,0,0,0,0,1,0,0,0,0,0,0,0,0,0,0,0,0,0,0,0,0
Kia,Sportage,95000,2021,Benzine,Automatic,1600,SUV,1260000.0,0,0,0,0,0,1,0,0,0,1,0,0,0,0,0,0,0,0,0,0,0
Volkswagen,T-Roc,11000,2022,Benzine,Automatic,1400,SUV,1500000.0,0,0,0,0,0,0,0,1,0,0,0,1,0,0,0,0,0,1,0,0,0
Kia,Xceed,5000,2025,Benzine,Automatic,1500,Hatchback,1440000.0,0,1,0,0,0,0,0,0,0,0,0,0,0,0,0,0,0,0,0,0,0
Hyundai,Excel,300000,1997,Benzine,Manual,1300,Sedan,150000.0,0,0,0,0,0,0,0,0,0,0,0,0,0,0,0,0,0,0,0,0,0
Chevrolet,Lanos,150000,2012,Benzine,Manual,1600,Sedan,245000.0,1,1,0,0,0,0,0,0,0,0,0,0,0,0,0,0,0,1,0,0,0
Mitsubishi,Lancer,320,1999,Benzine,Automatic,1300,Sedan,265000.0,0,0,0,0,0,0,0,0,0,0,0,0,0,0,0,0,0,0,0,0,0
Nissan,Sunny,70000,2017,Benzine,Automatic,1500,Sedan,465000.0,1,1,1,0,0,0,0,0,0,0,0,0,0,0,0,0,0,0,0,0,0
Speranza,A113,128000,2011,Benzine,Manual,1300,Hatchback,220000.0,1,0,1,0,1,0,0,0,0,0,0,0,0,0,0,0,0,1,0,0,0
Peugeot,206,325000,2004,Benzine,Automatic,1600,Sedan,325000.0,0,0,0,0,0,0,0,0,0,0,0,0,0,0,0,0,0,0,0,0,0
BMW,320,115000,2020,Benzine,Automatic,2000,Sedan,1875000.0,1,0,1,0,0,0,0,0,0,0,0,0,0,0,0,0,0,0,0,0,0
Toyota,Corolla,112000,2018,Benzine,Automatic,1600,Sedan,820000.0,0,1,0,0,0,0,0,0,0,0,0,0,0,0,0,0,0,0,0,0,0
Audi,A4,102000,2019,Benzine,Automatic,1400,Sedan,1350000.0,0,0,0,0,0,0,0,0,0,0,0,0,0,0,0,0,0,0,0,0,0
Mercedes-Benz,E180,65000,2018,Benzine,Automatic,2000,Sedan,2380000.0,1,1,0,0,0,1,0,0,0,0,0,0,0,0,0,0,0,0,0,0,0
Seat,Ibiza,56000,2021,Benzine,Automatic,1600,Hatchback,870000.0,1,0,0,0,1,0,0,0,0,0,0,0,0,0,0,0,0,0,0,0,0
Renault,Sandero,200000,2014,Benzine,Manual,1600,Hatchback,340000.0,1,0,0,0,0,0,0,0,0,0,1,0,1,0,0,0,0,0,0,0,0
Geely,Emgrand 7,25000,2013,Benzine,Manual,1500,Sedan,250000.0,1,1,1,0,0,0,0,0,0,0,0,0,0,0,0,0,1,0,0,0,0
Hyundai,Excel,100000,1994,Benzine,Manual,1300,Sedan,150000.0,1,0,0,0,0,0,0,0,0,0,0,0,0,0,0,0,0,1,0,0,0
Audi,A3,140000,2020,Benzine,Automatic,1000,Sedan,1200000.0,1,0,0,0,0,0,0,0,0,0,0,0,0,0,0,0,0,0,0,0,0
Volvo,XC40,200,2021,Benzine,Automatic,2000,SUV,1380000.0,1,0,0,0,0,1,0,0,0,0,0,0,0,0,0,0,0,0,0,0,0
Mercedes-Benz,C180,146000,2020,Benzine,Automatic,1500,Sedan,2075000.0,0,0,0,0,0,0,0,1,0,0,0,0,1,0,0,1,1,1,1,0,0
Geely,Okavango,22000,2024,Hybrid,Automatic,1500,SUV,1250000.0,0,0,0,0,0,0,0,0,0,0,0,0,0,0,0,0,0,0,0,0,0
Opel,Vectra,265000,2008,Benzine,Automatic,1600,Sedan,460000.0,1,0,1,0,0,0,0,0,0,0,0,0,0,0,0,0,0,0,0,0,0
Opel,Vectra,180500,1996,Benzine,Automatic,2000,Sedan,265000.0,1,0,1,0,0,0,0,0,1,0,1,0,0,0,0,0,0,0,0,0,0
Mercedes-Benz,C180,48000,2018,Benzine,Automatic,1600,Sedan,2090000.0,0,0,0,0,0,0,0,0,0,0,0,0,0,0,0,0,0,0,0,0,0
Volkswagen,Tiguan,194800,2015,Benzine,Automatic,1400,SUV,945000.0,0,1,0,0,0,0,0,0,0,0,0,0,0,0,0,0,0,0,0,1,0
Mercedes-Benz,C180,125000,2012,Benzine,Automatic,1600,Sedan,1250000.0,0,0,0,0,0,0,0,0,0,0,0,0,0,0,0,0,0,0,0,0,0
Fiat,Tipo,28000,2022,Benzine,Automatic,1600,Sedan,750000.0,0,0,0,0,0,0,0,0,0,0,0,0,0,0,0,0,0,0,0,0,0
BMW,316,236000,2006,Benzine,Manual,1600,Sedan,550000.0,1,0,1,0,0,0,0,0,0,0,0,0,0,0,0,0,1,1,0,0,0
Toyota,C-HR,65000,2022,Benzine,Automatic,1200,Hatchback,1370000.0,1,0,0,0,0,1,0,0,0,0,0,0,0,0,0,0,0,0,0,0,0
Skoda,Octavia,8000,2024,Benzine,Automatic,1400,Sedan,1550000.0,0,1,0,0,0,0,0,0,0,0,0,0,0,0,0,0,0,0,0,0,0
Opel,Vectra,150000,2008,Benzine,Automatic,1600,Sedan,410000.0,1,0,1,0,0,0,0,0,1,0,0,0,1,0,0,0,1,1,0,0,0
Opel,Astra,123000,2019,Benzine,Automatic,1400,Sedan,610000.0,0,0,0,0,0,1,0,0,0,0,0,0,0,0,0,0,0,0,0,0,0
Mercedes-Benz,E350,290000,2007,Benzine,Automatic,3000,Sedan,1250000.0,0,0,0,0,0,0,0,0,0,0,0,0,0,0,0,0,0,0,0,0,0
Kia,Picanto,130,2019,Benzine,Automatic,1250,Hatchback,550000.0,1,0,0,0,0,0,0,0,0,0,1,0,0,0,0,0,0,0,0,0,0
MG,MG 5,113000,2021,Benzine,Automatic,1600,Sedan,690000.0,0,0,0,0,0,0,0,0,0,0,0,0,0,0,0,0,0,0,0,0,0
Renault,Optima,100000,1997,Benzine,Manual,1300,Sedan,100000.0,1,0,1,0,0,0,0,0,0,0,0,0,0,0,0,0,0,0,0,0,0
Hyundai,Excel,102222,1997,Benzine,Manual,1500,Sedan,140000.0,0,1,1,0,0,0,0,0,0,0,0,0,0,0,0,0,0,0,0,0,0
Daihatsu,Grand Terios,214000,2010,Benzine,Automatic,1600,Hatchback,500000.0,0,0,0,0,0,0,0,0,0,0,0,0,0,0,0,0,0,0,0,0,0
BMW,318,200000,2016,Benzine,Automatic,1800,Sedan,900000.0,0,0,0,0,1,0,0,0,0,0,0,0,0,0,0,0,0,0,0,0,0
Opel,Astra,104000,2021,Benzine,Automatic,1400,Sedan,750000.0,1,0,0,0,1,0,0,0,0,0,0,0,0,0,0,0,0,1,0,0,1
Citroen,C4X,32000,2024,Benzine,Automatic,1200,SUV,1200000.0,0,0,0,0,1,0,0,0,0,0,0,0,0,0,0,0,0,0,0,0,0
Hyundai,Elantra,315000,1995,Benzine,Manual,1600,Sedan,160000.0,1,0,1,0,0,0,0,0,1,0,0,0,0,0,0,1,1,1,0,0,0
BMW,X1,140000,2018,Benzine,Automatic,2000,SUV,1500000.0,0,0,0,0,0,0,0,0,0,0,0,0,0,0,0,0,0,0,0,0,0
Chevrolet,Lanos,290000,2011,Benzine,Manual,1500,Sedan,250000.0,1,0,1,0,0,0,0,0,0,0,0,0,0,0,0,0,0,0,0,0,0
Seat,Ibiza,110000,2006,Benzine,Automatic,1400,Hatchback,330000.0,0,0,0,0,0,0,0,0,0,0,0,0,0,1,0,0,0,0,0,0,0
Kia,Cerato,100,2013,Benzine,Automatic,1600,Sedan,690000.0,1,0,0,0,0,0,0,0,0,0,0,0,0,0,0,0,0,0,0,0,0
Suzuki,Swift,180000,1996,Benzine,Manual,1300,Sedan,125000.0,0,1,0,0,0,0,0,0,0,0,0,0,0,0,0,0,0,0,0,0,0
Mitsubishi,Pajero,100000,2014,Benzine,Automatic,3500,4X4,1700000.0,0,0,0,0,0,0,0,0,0,0,0,0,0,0,0,0,0,0,0,0,0
Speranza,A516,100000,2009,Benzine,Manual,1800,Sedan,168000.0,0,0,0,0,0,0,0,0,0,0,0,0,0,0,0,0,0,0,0,0,0
BMW,320,200000,2012,Benzine,Automatic,2000,Sedan,800000.0,1,0,1,0,1,0,0,0,1,0,0,0,0,0,0,0,0,0,0,0,0
Kia,Sportage,49000,2024,Hybrid,Automatic,1600,SUV,1750000.0,0,1,0,0,0,0,0,0,0,0,0,0,0,0,0,0,0,0,0,0,0
Skoda,Octavia,7000,2022,Benzine,Automatic,1400,Sedan,1400000.0,0,0,1,0,0,0,0,0,0,0,0,0,0,0,0,0,0,0,0,0,0
Volkswagen,Passat,156000,2014,Benzine,Automatic,1400,Sedan,850000.0,1,0,1,0,0,0,0,0,0,0,0,0,0,0,0,0,0,0,0,0,0
BMW,316,1000,1992,Benzine,Manual,2000,Sedan,320000.0,1,0,0,0,0,0,0,0,0,0,0,0,0,0,0,0,0,0,0,0,0
Senova,A1,140000,2016,Benzine,Automatic,1500,Sedan,300000.0,1,0,0,0,0,0,0,0,0,0,0,0,0,0,0,0,0,0,0,0,0
Volkswagen,Jetta,198000,2008,Benzine,Automatic,1600,Sedan,520000.0,1,0,1,0,0,0,0,0,1,1,0,0,1,0,0,0,0,0,0,0,0
Opel,Corsa,290000,2006,Benzine,Manual,1600,Sedan,250000.0,1,0,1,0,0,0,0,0,0,0,0,0,0,0,0,0,0,0,0,0,0
Chevrolet,Lanos,193000,2014,Benzine,Manual,1500,Sedan,320000.0,1,0,1,0,0,0,0,0,0,0,0,0,0,0,0,0,0,0,0,0,0
BMW,318,126000,2018,Benzine,Automatic,1500,Sedan,1200000.0,1,1,1,0,1,0,0,0,0,0,0,0,0,0,0,0,0,0,0,0,0
Volvo,s60,127000,2018,Benzine,Automatic,1500,Sedan,1050000.0,1,0,0,0,0,0,0,0,0,0,0,0,0,0,0,0,0,0,0,0,0
Chery,Tiggo 7,210000,2022,Benzine,Automatic,1500,SUV,700000.0,1,0,0,0,0,1,0,0,0,0,0,0,0,0,0,0,0,0,0,0,0
Kia,Sorento Hybrid,61000,2022,Benzine,Automatic,1600,SUV,2150000.0,0,0,0,0,1,0,0,1,0,1,0,0,1,0,1,0,1,1,1,0,0
Daewoo,Lanos,260000,2015,Benzine,Manual,1300,Sedan,280000.0,1,0,0,0,0,0,0,0,0,0,0,0,0,0,0,0,0,0,0,0,0
Citroen,C-Elysée,33000,2022,Benzine,Automatic,1600,Sedan,750000.0,0,0,0,0,0,0,0,0,0,0,0,0,0,0,0,0,0,0,0,0,0
Renault,Sandero Stepway,50000,2023,Benzine,Automatic,1600,Hatchback,690000.0,1,0,0,0,0,0,0,0,0,0,0,0,0,0,0,0,0,0,0,0,0
Volkswagen,Passat,12000,2022,Benzine,Automatic,1400,Sedan,2000000.0,1,1,0,0,0,1,0,0,0,0,0,0,0,0,0,0,0,0,0,0,0
Chrysler,Neon,160000,1999,Benzine,Automatic,2000,Sedan,170000.0,0,0,0,0,0,0,0,0,0,0,0,0,0,0,0,0,0,0,0,0,0
Mercedes-Benz,C180,53000,2015,Benzine,Automatic,1600,Sedan,2150000.0,0,0,0,0,0,0,0,1,0,0,0,0,0,0,0,0,0,1,0,0,0
Renault,Logan,181000,2010,Benzine,Manual,1600,Sedan,285000.0,0,0,1,0,0,0,0,0,0,0,0,0,0,0,0,0,0,0,0,0,0
Hyundai,Verna,370000,2011,Benzine,Manual,1600,Sedan,295000.0,0,0,1,1,0,0,0,0,0,0,0,0,0,0,0,0,0,0,0,0,0
Daewoo,Nubira,214000,1997,Benzine,Automatic,1600,Sedan,170000.0,0,0,0,0,0,0,0,0,0,0,0,0,0,0,0,0,0,0,0,0,0
Mercedes-Benz,C180,360000,2000,Benzine,Automatic,2000,Sedan,450000.0,1,0,0,0,0,0,0,0,0,0,0,0,0,0,0,0,0,1,0,0,0
Subaru,XV,190000,2015,Benzine,Automatic,1600,SUV,790000.0,0,1,0,0,0,0,0,0,0,0,0,0,0,0,0,0,0,0,0,0,0
Daewoo,Nubira,348456,2006,Benzine,Manual,1589,Sedan,210000.0,0,0,1,0,0,0,0,0,0,0,0,0,0,0,0,0,0,0,0,0,0
Seat,Ibiza,240000,1999,Benzine,Manual,1600,Hatchback,160000.0,1,0,0,0,0,0,0,0,0,0,0,0,0,0,0,0,0,1,0,0,0
MG,ZS,85000,2021,Benzine,Automatic,1500,SUV,780000.0,1,0,0,0,0,0,0,0,0,0,0,0,0,0,0,0,0,0,0,0,0
Toyota,Yaris,324000,2014,Benzine,Automatic,1400,Hatchback,400000.0,0,0,0,0,0,0,0,0,0,0,0,0,0,0,0,0,0,0,0,0,0
Seat,Ibiza,9000,1994,Benzine,Manual,1300,Hatchback,200000.0,0,0,0,0,0,0,0,0,0,0,0,0,0,0,0,0,0,0,0,0,0
Renault,Logan,187000,2015,Benzine,Manual,1600,Sedan,550000.0,0,0,0,0,0,0,0,0,0,0,0,0,0,0,0,0,0,0,0,0,0
Chevrolet,Optra,136000,2009,Benzine,Automatic,1600,Sedan,395000.0,1,1,0,0,0,0,0,0,1,0,0,0,0,1,0,0,0,0,0,0,0
Hyundai,Atos,52000,2011,Diesel,Manual,1100,Hatchback,290000.0,1,1,0,0,0,0,0,0,0,0,0,0,0,0,0,0,0,0,0,0,0
Peugeot,406,250000,2000,Benzine,Automatic,2000,Sedan,210000.0,1,0,1,0,0,0,0,0,0,0,0,0,0,0,0,0,0,0,0,0,0
BYD,F3,182000,2020,Benzine,Manual,1500,Sedan,480000.0,0,0,0,0,0,0,0,0,0,0,0,0,0,0,0,0,0,0,0,0,0
Skoda,Superb,3000,2024,Benzine,Automatic,1400,Sedan,2400000.0,0,0,0,0,0,1,0,0,0,0,0,0,0,0,0,0,0,0,0,0,0
BMW,520,85000,2018,Benzine,Automatic,2000,Sedan,2390000.0,0,1,0,0,0,0,0,0,0,0,0,0,0,0,0,0,0,0,0,0,0
Kia,Sportage,163000,2019,Benzine,Automatic,1600,SUV,1300000.0,0,0,0,0,0,0,0,0,0,0,0,0,0,0,0,0,0,1,0,0,0
Chevrolet,Aveo,370000,2020,Benzine,Automatic,1500,Sedan,450000.0,0,0,0,0,0,0,0,0,0,0,0,0,0,0,0,0,0,0,0,0,0
Nissan,Sunny,91000,2022,Benzine,Automatic,1500,Sedan,670000.0,1,0,0,0,0,1,0,0,0,0,0,0,0,0,0,0,0,0,0,0,0
MINI,Cooper,230000,2015,Benzine,Automatic,1500,Hatchback,650000.0,0,0,1,0,0,0,0,0,0,0,0,0,0,0,0,0,0,0,0,0,0
Suzuki,Vitara,11000,1997,Benzine,Automatic,1600,Hatchback,180000.0,0,0,1,0,0,0,0,0,0,0,0,0,0,0,0,0,0,0,0,0,0
MG,ZS,30000,2022,Benzine,Automatic,1500,SUV,875000.0,1,0,0,0,0,0,0,0,0,0,0,0,0,0,0,0,0,0,0,0,0
Mercedes-Benz,C180,210000,2014,Benzine,Automatic,1600,Sedan,1250000.0,0,0,0,0,0,0,0,0,0,0,0,0,0,0,0,0,0,0,0,0,0
Opel,Mokka,50000,2022,Benzine,Automatic,1400,SUV,910000.0,1,0,0,0,0,0,0,0,0,0,0,0,0,0,0,0,0,0,0,0,0
Proton,Saga,165000,2013,Benzine,Automatic,1300,Sedan,350000.0,0,0,0,0,0,0,0,0,0,0,0,0,0,0,0,0,0,1,0,0,0
Speranza,Tiggo,400000,2009,Natural Gas,Manual,1600,4X4,270000.0,1,0,0,0,0,0,0,0,0,0,0,0,0,0,0,0,0,0,0,0,0
Audi,A4,120000,2016,Benzine,Automatic,1400,Sedan,1350000.0,0,0,0,0,0,0,0,0,0,0,0,0,0,0,0,0,0,0,0,0,0
Renault,Kadjar,160000,2018,Benzine,Automatic,1200,SUV,725000.0,1,0,0,0,0,0,0,0,0,0,0,0,0,0,0,0,0,0,0,0,0
Jetour,T2,16000,2025,Benzine,Automatic,1600,SUV,1700000.0,0,1,0,0,1,0,0,0,1,1,1,0,0,0,0,0,0,1,1,0,0
Speranza,A213,350000,2009,Benzine,Manual,1300,Sedan,1700000.0,1,1,0,0,0,0,0,0,0,1,0,0,0,0,0,1,0,1,0,0,0
Opel,Astra,176000,2016,Benzine,Automatic,1600,Sedan,630000.0,1,0,1,0,0,1,0,0,1,0,0,0,0,0,0,0,0,0,0,0,0
Chevrolet,Optra,350000,2009,Benzine,Automatic,1600,Sedan,360000.0,1,0,1,0,0,0,0,0,0,0,0,0,0,0,0,0,0,0,0,0,0
Fiat,Tipo,146000,2021,Benzine,Automatic,1600,Sedan,695000.0,1,0,1,0,0,0,0,0,1,0,0,0,0,0,0,0,0,0,0,0,0
Peugeot,405,420,1991,Benzine,Manual,1500,Sedan,140000.0,0,0,0,0,0,0,0,0,0,0,0,0,0,0,0,0,0,0,0,0,0
MG,HS,55000,2022,Benzine,Automatic,1500,SUV,1100000.0,1,0,0,0,0,0,0,1,1,0,1,0,1,0,1,0,0,1,0,0,0
Opel,Insignia,175000,2016,Benzine,Automatic,1600,Sedan,700000.0,0,0,1,0,0,1,0,0,0,0,0,0,0,0,0,0,0,0,0,0,0
Renault,Megane,77000,2022,Benzine,Automatic,1600,Sedan,880000.0,1,0,0,0,0,1,0,0,0,0,0,0,0,0,0,0,0,0,0,0,0
Chevrolet,Cruze,193000,2009,Benzine,Automatic,1600,Sedan,425000.0,0,0,0,0,0,0,0,0,0,0,0,0,0,0,0,0,0,0,0,0,0
Geely,Ck2,190,2008,Benzine,Manual,1600,Sedan,130000.0,1,0,1,0,0,0,0,0,1,0,0,0,0,1,0,0,0,0,0,0,0
Chery,Tiggo 7,20000,2025,Benzine,Automatic,1500,Hatchback,980000.0,1,0,0,0,0,0,0,0,0,0,0,0,0,0,0,0,0,0,0,0,0
Daewoo,Lanos,254030,1999,Natural Gas,Manual,1200,Sedan,180000.0,0,0,0,0,0,0,0,0,0,0,0,0,0,0,0,0,0,0,0,0,0
Chevrolet,Lanos,191000,2014,Benzine,Manual,1500,Sedan,325000.0,1,0,1,0,0,0,0,0,0,1,0,1,0,0,0,0,0,0,0,0,0
Chevrolet,Optra,17500,2020,Benzine,Automatic,1500,Sedan,650000.0,0,1,1,0,0,0,0,0,1,0,0,0,0,0,0,0,0,0,0,0,0
Chevrolet,Lanos,150000,2016,Benzine,Manual,1500,Sedan,350000.0,1,0,0,0,0,0,0,0,0,0,0,0,0,0,0,0,0,0,0,0,0
Jeep,Cherokee,186000,2010,Benzine,Automatic,3700,4X4,835000.0,1,0,1,0,0,0,0,0,0,1,0,1,0,0,0,0,0,0,0,0,0
Daewoo,Lanos,300000,1999,Benzine,Manual,1500,Sedan,230000.0,1,1,0,0,0,0,0,0,0,0,0,0,0,0,0,0,0,0,0,0,0
Hyundai,Elantra,65000,2021,Benzine,Automatic,1600,Sedan,1040000.0,1,1,0,0,1,0,0,1,0,1,1,1,1,1,1,1,0,1,1,0,0
Opel,Corsa,300,2004,Benzine,Manual,1600,Sedan,270000.0,1,0,0,0,0,0,0,0,0,0,0,0,0,0,0,0,0,0,0,0,0
Skoda,Fabia,160000,2002,Benzine,Manual,1000,Hatchback,210000.0,0,0,0,0,0,0,0,0,0,0,0,0,0,0,0,0,0,0,0,0,0
Skoda,Kodiaq,4000,2025,Benzine,Automatic,1400,SUV,2300000.0,1,0,0,0,0,0,0,0,0,0,0,0,0,0,0,0,0,0,0,0,0
Hyundai,Accent,300200,1999,Benzine,Manual,1500,Other,240000.0,1,0,0,0,0,0,0,0,0,0,0,0,0,0,0,0,0,1,0,0,0
Fiat,Florida,150000,2006,Benzine,Manual,1600,Hatchback,115000.0,1,0,0,0,0,0,0,0,0,0,0,0,0,0,0,0,0,0,0,0,0
Ford,Focus,225000,2015,Benzine,Automatic,1600,Sedan,620000.0,1,0,0,0,0,0,0,0,0,0,0,0,0,0,0,0,0,0,0,0,0
Daewoo,Nubira,230000,2007,Benzine,Manual,1600,Sedan,230000.0,1,0,1,0,1,0,0,0,0,0,0,0,0,0,0,0,0,1,0,0,0
Audi,A3,22000,2024,Benzine,Automatic,1400,Sedan,2000000.0,0,1,0,0,0,0,0,0,0,0,0,0,0,0,0,0,0,1,0,0,0
Peugeot,508,110000,2021,Benzine,Automatic,1600,Sedan,1300000.0,1,0,0,0,0,0,0,0,0,0,0,0,0,0,0,0,0,0,0,0,0
Toyota,Corolla,132000,2017,Benzine,Automatic,1600,Sedan,800000.0,1,0,0,0,0,0,0,0,0,0,0,0,0,0,0,0,0,0,0,0,0
Renault,Captur,51700,2019,Benzine,Automatic,1200,SUV,750000.0,1,0,0,0,0,0,0,1,0,0,0,0,0,0,0,0,0,0,0,1,0
Brilliance,V5,195000,2013,Benzine,Automatic,1600,Hatchback,550000.0,1,1,1,0,0,0,0,1,0,1,0,1,0,1,1,0,0,1,0,0,0
Kia,Cerato,86000,2016,Benzine,Automatic,1600,Sedan,780000.0,0,0,0,0,0,0,0,0,0,0,0,0,0,0,0,0,0,0,0,0,0
Fiat,Punto,200000,2016,Benzine,Automatic,1500,Hatchback,460000.0,1,1,0,0,0,0,0,0,0,0,0,0,0,0,0,0,0,0,0,0,0
Seat,Ibiza,203000,1998,Benzine,Manual,1400,Hatchback,230000.0,1,0,1,0,0,0,0,0,1,0,0,0,0,0,0,0,0,1,0,0,0
Toyota,Yaris,440000,2007,Benzine,Automatic,1300,Sedan,430000.0,0,0,0,0,0,0,0,0,0,0,0,0,0,1,0,0,0,0,0,0,0
Chevrolet,Aveo,145000,2012,Benzine,Automatic,1500,Sedan,405000.0,1,1,1,0,0,0,0,0,0,0,0,0,0,0,0,0,0,1,0,0,0
Citroen,C4,135000,2007,Benzine,Automatic,1600,Hatchback,350000.0,0,1,1,0,1,0,0,0,0,0,0,0,0,0,0,0,0,0,0,0,0
Mitsubishi,Pajero,160000,2016,Benzine,Automatic,3800,4X4,2250000.0,1,0,0,0,0,0,0,0,0,0,0,0,0,0,0,0,0,0,0,0,0
Chevrolet,Pickup/Dababa,20000,2007,Diesel,Manual,2200,Van / Bus,370000.0,1,0,1,0,0,0,0,0,0,0,0,0,0,0,0,0,0,0,0,0,0
Chevrolet,Lanos,200000,2009,Benzine,Manual,1500,Sedan,300000.0,0,1,1,0,0,0,0,0,0,0,0,0,0,0,0,0,0,1,0,0,0
BMW,528,155000,2015,Benzine,Automatic,2000,Sedan,1750000.0,1,1,0,0,0,0,0,0,0,0,0,0,0,0,0,0,0,0,0,0,0
Daewoo,Nubira,240000,2006,Benzine,Manual,1600,Sedan,245000.0,1,0,0,0,0,0,0,0,0,0,0,0,0,0,0,0,0,0,0,0,0
Hyundai,Verna,188000,2015,Benzine,Manual,1600,Sedan,370000.0,1,0,1,0,0,0,0,0,1,0,0,0,0,0,0,0,0,0,0,0,0
Chevrolet,Aveo,28655,2010,Benzine,Automatic,1500,Sedan,340000.0,0,0,0,0,0,0,0,0,0,0,0,0,0,0,0,0,0,0,0,0,0
Hyundai,Matrix,290000,2007,Benzine,Manual,1600,Hatchback,400000.0,1,0,0,0,0,0,0,0,0,0,0,0,0,0,0,0,0,0,0,0,0
Jeep,Other,212000,2007,Diesel,Automatic,2900,4X4,950000.0,1,1,1,0,0,0,1,0,1,1,0,1,1,0,0,0,0,0,0,1,0
Peugeot,2008,280000,2015,Benzine,Automatic,1600,SUV,485000.0,0,0,0,0,0,0,0,0,0,0,0,0,0,0,0,0,0,0,0,0,0
Cupra,Formentor,14000,2024,Benzine,Automatic,2000,SUV,2040000.0,0,0,0,0,0,0,0,0,0,0,0,0,0,0,0,0,0,0,0,0,0
Kia,Sportage,100000,2020,Benzine,Automatic,1600,Hatchback,1260000.0,1,1,0,0,0,1,0,1,0,0,1,1,0,0,0,1,1,1,0,0,0
Hyundai,Verna,350000,2011,Benzine,Manual,1600,Sedan,350000.0,0,0,0,0,0,0,0,0,0,0,0,0,0,0,0,0,0,0,0,0,0
Jeep,Wrangler,170000,2013,Benzine,Automatic,3600,4X4,1225000.0,1,0,0,0,0,1,0,0,0,0,0,0,0,0,0,0,0,0,0,1,0
Kia,Sportage,138000,2018,Benzine,Automatic,1600,SUV,1300000.0,1,0,0,0,0,1,0,0,1,0,0,0,0,0,0,0,0,0,0,0,0
Chery,Tiggo 3,130000,2023,Benzine,Automatic,1600,Hatchback,675000.0,0,0,1,0,0,0,0,0,0,0,0,0,0,0,0,0,0,0,0,0,0
Chevrolet,Lanos,25649,2017,Benzine,Manual,1500,Sedan,365000.0,0,1,1,0,0,0,0,0,1,0,1,0,0,0,0,0,0,1,0,0,0
Chevrolet,Equinox,270000,2018,Benzine,Automatic,1500,SUV,800000.0,1,0,0,0,0,0,0,0,0,0,0,0,0,0,0,0,0,0,0,1,0
Kia,Soul,175000,2010,Benzine,Automatic,1600,Hatchback,625000.0,0,1,0,0,0,0,0,0,0,1,1,1,1,0,0,1,0,0,0,0,0
Chevrolet,Cruze,121000,2017,Benzine,Automatic,1600,Sedan,570000.0,0,1,1,0,1,0,0,0,0,0,0,0,0,0,0,0,0,0,0,0,0
Peugeot,207,184000,2008,Benzine,Automatic,1600,Hatchback,400000.0,1,0,0,0,0,0,0,0,0,0,0,0,0,0,0,0,0,0,0,0,0
Mercedes-Benz,GLA 200,48000,2022,Benzine,Automatic,1300,Hatchback,2500000.0,0,0,0,0,0,0,0,0,1,0,0,0,0,1,0,1,1,1,1,0,0
Mitsubishi,Lancer,285000,2012,Benzine,Automatic,1300,Sedan,500000.0,0,0,0,0,0,0,0,0,0,0,0,0,0,0,0,0,0,0,0,0,0
Chevrolet,Aveo,160000,2018,Benzine,Automatic,1500,Sedan,490000.0,1,0,0,0,0,0,0,0,0,0,0,0,0,0,0,0,0,0,0,0,0
MG,ZS,294000,2021,Benzine,Automatic,1500,SUV,670000.0,0,0,0,0,0,0,0,0,0,0,0,0,0,0,0,0,0,0,0,0,0
Skoda,Fantasia,135000,2013,Benzine,Automatic,1400,Sedan,800000.0,1,0,0,0,0,1,0,0,0,0,0,0,0,0,0,0,0,0,0,0,0
Jeep,Wrangler,175000,2012,Benzine,Automatic,3600,4X4,1050000.0,1,0,0,0,0,0,1,0,0,1,0,0,0,0,0,0,0,0,0,1,0
Renault,Duster,150000,2021,Benzine,Automatic,1600,SUV,750000.0,0,1,0,0,0,0,0,0,0,0,0,0,0,0,0,0,0,0,0,0,0
Opel,Vectra,118000,2008,Benzine,Automatic,1600,Sedan,550000.0,1,1,1,0,0,0,0,0,1,0,1,0,0,0,0,1,1,1,0,0,1
Hyundai,Tucson,20000,2024,Hybrid,Automatic,1600,SUV,2100000.0,1,0,0,0,0,0,0,0,0,0,0,0,0,0,0,0,0,0,0,0,0
Daewoo,Juliet,211000,1999,Benzine,Manual,1500,Hatchback,250000.0,0,1,1,0,0,0,0,0,1,1,0,0,0,1,0,0,0,0,0,0,0
Renault,Megane,330000,2004,Benzine,Automatic,1600,Hatchback,350000.0,0,0,0,0,0,0,0,0,0,0,0,0,0,0,0,0,0,0,0,0,0
Mercedes-Benz,CLA 180,82000,2020,Benzine,Automatic,1300,Sedan,1800000.0,0,0,0,0,0,0,0,1,0,0,1,0,0,1,0,0,0,1,0,0,0
Hyundai,Verna,240000,2007,Benzine,Manual,1500,Sedan,295000.0,1,0,0,0,0,0,0,0,0,0,0,0,0,0,0,0,0,0,0,0,0
Renault,Logan,130000,2020,Benzine,Automatic,1600,Sedan,550000.0,0,0,1,0,0,0,0,0,0,0,0,0,0,0,0,0,0,0,0,0,0
Skoda,Octavia,150000,2010,Benzine,Automatic,1600,Sedan,650000.0,1,1,1,0,1,0,0,0,1,0,0,0,0,1,0,0,0,1,0,0,0
BMW,525,200000,2009,Benzine,Automatic,2500,Sedan,850000.0,1,0,1,0,0,0,0,0,0,0,0,0,0,0,0,0,0,0,0,0,0
Chevrolet,Aveo,170000,2018,Benzine,Automatic,1500,Sedan,420000.0,1,1,0,0,0,0,0,0,0,0,0,0,0,0,0,0,0,0,0,0,0
BMW,320,285000,2006,Benzine,Automatic,2000,Sedan,590000.0,0,1,1,0,0,0,0,0,0,0,0,0,0,0,0,0,0,0,0,1,0
Alfa Romeo,Giulia,76000,2021,Benzine,Automatic,2000,Sedan,1750000.0,0,0,0,0,0,0,0,0,0,0,0,0,0,0,0,0,0,0,0,0,0
Opel,Crossland,50000,2023,Benzine,Automatic,1500,Hatchback,880000.0,1,0,0,0,0,0,0,0,0,0,0,0,0,0,0,0,0,0,0,0,0
Peugeot,405,100000,2003,Benzine,Manual,1600,Sedan,175000.0,0,1,0,0,0,0,0,0,0,0,0,0,0,0,0,0,0,0,0,0,0
Chery,Envy,190000,2017,Benzine,Manual,1500,Sedan,290000.0,1,0,1,0,1,0,0,0,0,0,0,0,0,0,0,1,0,0,0,0,0
Renault,Duster,110000,2018,Benzine,Automatic,1600,Hatchback,670000.0,1,0,0,0,1,0,0,0,0,0,0,0,0,0,0,0,0,0,0,0,0
Peugeot,508,110000,2016,Benzine,Automatic,1600,Sedan,750000.0,1,1,0,0,0,0,0,0,0,0,0,0,0,0,0,0,0,0,0,0,0
Speranza,A516,223000,2008,Benzine,Manual,1600,Other,210000.0,0,0,1,0,0,0,0,0,0,0,0,0,0,0,0,0,0,0,0,0,0
Peugeot,508,10000,2022,Benzine,Automatic,1600,Sedan,2200000.0,1,0,0,0,0,1,0,0,0,0,0,0,0,0,0,0,0,0,0,0,0
BMW,520,320000,1990,Benzine,Manual,2000,Sedan,230000.0,1,0,0,0,0,0,0,0,0,0,0,0,0,0,0,0,0,0,0,0,0
Kia,Sephia,400000,2000,Benzine,Automatic,1400,Sedan,215000.0,0,0,1,0,0,0,0,0,1,0,0,0,0,0,0,0,0,1,0,0,0
Chery,Tiggo 7,13000,2023,Benzine,Automatic,1600,SUV,900000.0,1,0,0,0,0,0,0,0,0,0,0,0,0,0,0,0,0,0,0,0,0
GAC,EMPOW,32000,2024,Benzine,Automatic,1500,Sedan,1180000.0,0,0,0,0,0,1,0,0,0,0,1,1,0,0,0,0,0,1,0,0,0
BMW,525,420000,1999,Benzine,Automatic,2500,Sedan,400000.0,0,0,1,0,0,0,0,0,0,0,0,0,0,0,0,0,0,0,0,0,0
Mazda,3,353000,2007,Benzine,Automatic,1500,Sedan,380000.0,1,0,0,0,0,0,0,0,0,1,0,0,0,0,0,0,0,1,0,0,0
Hyundai,Verna,230,2006,Benzine,Manual,1500,Sedan,260000.0,1,0,0,0,0,0,0,0,0,0,0,0,0,0,0,0,0,0,0,0,0
Daewoo,Lanos,100000,2001,Benzine,Manual,1600,Sedan,215000.0,0,0,0,0,0,0,0,0,0,0,0,0,0,0,0,0,0,0,0,0,0
Senova,A1,250000,2016,Benzine,Automatic,1500,Sedan,380000.0,0,0,1,0,0,0,0,0,0,0,0,0,0,0,0,0,0,0,0,0,0
Volkswagen,Polo,160000,2004,Benzine,Automatic,1400,Hatchback,300000.0,0,0,1,0,0,0,0,0,0,0,0,0,0,0,0,0,0,0,0,0,0
Chery,Tiggo 8 Pro,24000,2024,Benzine,Automatic,1600,SUV,1330000.0,0,0,0,0,0,1,0,0,0,0,0,0,0,0,0,0,0,0,0,0,0
Toyota,Rush,500,2023,Benzine,Automatic,1500,SUV,1300000.0,1,0,0,0,0,0,0,0,0,0,0,0,0,0,0,0,0,0,0,0,0
Nissan,Qashqai,110000,2020,Benzine,Automatic,1200,SUV,880000.0,1,0,1,0,0,0,0,0,1,0,0,0,0,0,1,0,0,0,0,0,0
Volkswagen,Tiguan,29000,2024,Benzine,Automatic,1400,SUV,2100000.0,0,0,0,0,0,1,0,0,0,0,0,0,0,0,0,0,0,0,0,0,0
BMW,320,200000,2014,Benzine,Automatic,2000,Sedan,1000000.0,1,0,0,0,0,0,0,0,0,0,0,0,0,0,0,0,0,0,0,0,0
Mazda,3,222000,2017,Benzine,Automatic,1600,Sedan,690000.0,0,0,1,0,1,1,0,0,0,0,0,0,0,0,0,0,0,0,0,0,0
Chevrolet,Lanos,131000,2013,Benzine,Manual,1600,Sedan,300000.0,1,0,0,0,0,0,0,0,1,0,0,1,0,1,0,0,0,1,0,0,0
BMW,316,192000,2014,Benzine,Automatic,1600,Sedan,995000.0,1,1,1,0,0,0,0,0,0,0,0,0,0,0,0,0,0,0,0,0,0
Opel,Corsa,240000,1998,Benzine,Manual,1400,Hatchback,130000.0,1,0,1,0,0,0,0,0,1,0,0,0,0,0,0,0,0,0,1,0,0
Hyundai,Elantra,18000,2025,Benzine,Automatic,1600,Sedan,1070000.0,0,1,1,0,0,0,0,1,1,1,1,0,1,0,1,0,0,1,0,0,0
Audi,Q7,130000,2019,Benzine,Automatic,2000,SUV,2300000.0,1,0,0,0,1,0,0,0,0,0,0,0,0,1,0,0,0,0,0,0,0
Opel,Crossland,50000,2022,Benzine,Automatic,1300,Hatchback,780000.0,0,0,0,0,0,0,0,0,0,0,0,1,1,0,0,0,0,0,0,0,0
BMW,318,250000,1992,Benzine,Manual,1800,Sedan,310000.0,1,0,1,0,0,0,0,0,0,0,0,0,0,0,0,0,0,0,0,0,0
MG,MG 5,70,2022,Benzine,Automatic,1500,Sedan,680000.0,0,0,0,0,0,0,0,0,0,0,0,0,0,0,0,0,0,0,0,0,0
Honda,Civic,150000,1992,Benzine,Manual,1600,Sedan,240000.0,1,0,1,0,0,0,0,0,0,0,0,0,0,0,0,0,0,0,0,0,0
Mercedes-Benz,E300,310000,2010,Benzine,Automatic,3000,Sedan,450000.0,0,0,0,0,0,0,0,0,0,0,0,0,0,0,0,0,0,0,0,0,0
Toyota,Avanza,300,2008,Benzine,Automatic,1500,Estate,300000.0,0,0,0,0,0,0,0,0,0,0,0,0,0,0,0,0,0,0,0,0,0
Volkswagen,Polo,90000,2009,Benzine,Manual,1400,Sedan,270000.0,0,0,1,0,1,0,0,0,0,0,0,0,0,0,0,0,0,0,0,0,0
Hyundai,Matrix,265000,2008,Benzine,Automatic,1600,Hatchback,420000.0,0,0,0,0,0,0,0,0,0,0,0,0,0,0,0,0,0,0,0,0,0
BYD,F3,190000,2020,Benzine,Manual,1500,Sedan,420000.0,1,0,1,0,0,0,0,0,1,1,0,0,0,0,0,0,0,1,0,0,0
Speranza,A516,148000,2010,Benzine,Manual,1600,Sedan,245000.0,1,0,1,0,0,0,0,0,1,0,0,0,0,0,0,0,0,1,1,0,0
Honda,Civic,104000,2020,Benzine,Automatic,1600,Sedan,1200000.0,0,0,0,0,0,0,0,1,1,0,1,0,0,0,0,0,0,0,0,0,0
MG,ZS,85000,2021,Benzine,Automatic,1400,SUV,750000.0,0,0,0,0,0,0,0,0,0,0,0,0,0,0,0,0,0,0,0,0,0
Skoda,Kodiaq,115000,2021,Benzine,Automatic,1400,SUV,2050000.0,1,0,0,0,0,0,0,0,0,0,0,0,0,0,0,0,0,0,0,0,0
Mercedes-Benz,C180,350000,2012,Benzine,Automatic,1600,Sedan,1050000.0,0,0,0,0,0,0,0,0,0,0,0,0,0,0,0,0,0,1,0,0,0
Daewoo,Lanos,137000,2007,Benzine,Manual,1500,Sedan,240000.0,1,0,0,0,0,0,0,0,1,0,0,0,0,0,0,0,0,1,0,0,0
Chevrolet,Cruze,115000,2010,Benzine,Automatic,1600,Sedan,415000.0,1,0,1,0,0,0,0,0,0,0,0,0,0,0,0,0,0,0,0,0,0
Hyundai,I10,172000,2010,Benzine,Manual,1100,Small city car,250000.0,1,0,1,0,0,0,0,0,0,0,0,0,0,0,0,0,0,0,0,0,0
Seat,Tarraco,48000,2023,Benzine,Automatic,1400,SUV,1740000.0,1,0,0,0,0,1,0,0,0,0,0,0,0,0,0,0,0,0,0,0,0
Mercedes-Benz,C180,145000,2010,Benzine,Automatic,1600,Sedan,1100000.0,1,0,0,0,0,0,0,0,0,0,0,0,0,0,0,0,0,0,0,0,0
Kia,Cerato,210000,2013,Benzine,Automatic,1600,Sedan,560000.0,1,0,0,0,0,0,0,0,0,0,0,0,0,0,0,0,0,0,0,0,0
Renault,Logan,92000,2019,Benzine,Automatic,1600,Sedan,470000.0,1,0,1,0,0,0,0,0,0,0,0,0,0,0,0,0,0,0,0,0,0
Mercedes-Benz,GLK 250,200000,2015,Benzine,Automatic,2000,SUV,1600000.0,1,0,1,0,0,0,0,0,0,0,0,0,0,0,0,1,1,0,0,0,0
Skoda,Felecia,100000,1995,Benzine,Manual,1300,Hatchback,120000.0,1,0,0,0,0,0,0,0,0,0,0,0,0,1,0,0,0,0,0,0,0
Mercedes-Benz,CLA 180,90000,2018,Benzine,Automatic,1600,Sedan,1600000.0,1,0,0,0,0,0,0,0,0,0,0,0,0,0,0,0,0,0,0,0,0
Dodge,Dart,220000,2013,Benzine,Automatic,1400,Sedan,650000.0,0,0,0,0,0,0,0,0,0,0,0,0,0,0,0,0,0,0,0,0,0
Hyundai,Matrix,36000,2008,Benzine,Manual,1600,Hatchback,390000.0,1,0,1,0,0,0,0,0,0,0,0,0,0,0,0,0,0,0,0,0,0
Kia,Picanto,13000,2023,Benzine,Automatic,1200,Hatchback,810000.0,0,0,0,0,0,1,0,0,0,0,0,0,0,0,0,0,0,0,0,0,0
Seat,Ibiza,197500,2015,Benzine,Automatic,1600,Hatchback,530000.0,1,0,0,0,0,0,0,0,0,0,0,0,0,0,0,0,0,1,0,0,0
Daewoo,Leganza,380000,1999,Benzine,Automatic,1800,Sedan,180000.0,0,0,0,0,0,0,0,0,0,0,1,0,0,0,0,0,0,0,0,0,0
Renault,Logan,220000,2018,Benzine,Automatic,1500,Sedan,488000.0,1,0,0,0,0,0,0,0,0,0,0,0,0,0,0,0,0,0,0,0,0
Mitsubishi,Lancer,490000,1999,Benzine,Manual,1600,Hatchback,220000.0,0,0,0,0,0,0,0,0,0,0,0,0,0,0,0,0,0,0,0,0,0
Hyundai,Matrix,122000,2002,Benzine,Automatic,1500,Hatchback,470000.0,0,1,1,0,0,0,0,0,0,0,0,0,0,0,0,0,1,1,0,1,0
Toyota,Yaris,148000,2014,Benzine,Automatic,1500,Sedan,585000.0,1,0,0,0,0,0,0,0,0,0,0,0,0,0,1,1,1,0,0,0,0
Citroen,C Elysee,200000,2019,Benzine,Automatic,1600,Sedan,450000.0,1,0,1,1,0,0,0,0,0,0,0,0,0,0,0,0,1,0,0,0,0
Chevrolet,Spark,100000,2007,Benzine,Manual,1100,Hatchback,200000.0,0,0,0,0,0,0,0,0,0,0,0,0,0,0,0,0,0,0,0,0,0
BMW,118,6000,2025,Benzine,Automatic,1500,Hatchback,2250000.0,0,1,0,0,0,0,0,0,0,0,0,0,0,0,0,0,0,1,0,0,0
Hyundai,Elantra,153000,2019,Benzine,Automatic,1600,Sedan,840000.0,1,0,1,0,0,0,0,0,1,0,1,0,0,0,0,1,1,0,0,0,0
Kia,Ceed,90000,2019,Benzine,Automatic,1600,Hatchback,650000.0,0,0,0,0,0,0,0,0,0,0,0,0,0,0,0,0,0,0,0,0,1
Mercedes-Benz,C180,60000,2022,Benzine,Automatic,1600,Hatchback,2550000.0,0,1,0,0,0,0,0,0,0,0,0,0,0,0,0,0,0,0,0,0,0
Peugeot,3008,50000,2021,Benzine,Automatic,1600,SUV,1350000.0,0,0,0,0,0,0,0,0,0,0,0,0,0,0,0,0,0,0,0,0,0
Chevrolet,Cruze,220000,2010,Benzine,Automatic,1600,Sedan,450000.0,0,0,1,0,0,0,0,0,0,0,0,0,0,0,0,0,0,0,0,0,0
Saipa,Pride,80000,2014,Benzine,Manual,1300,Hatchback,210000.0,1,1,1,0,0,0,0,0,0,0,0,0,0,0,0,0,0,0,0,0,1
Brilliance,Galena,130000,2007,Benzine,Automatic,1800,Sedan,250000.0,1,1,1,0,0,0,0,0,1,0,0,0,0,0,0,0,0,0,0,0,0
Speranza,A113,158000,2008,Benzine,Manual,1300,Hatchback,165000.0,1,0,0,0,0,0,0,0,0,0,0,0,0,0,0,0,0,1,0,0,0
Volkswagen,Passat,43500,2022,Benzine,Automatic,1400,Sedan,2000000.0,1,0,0,0,0,0,0,0,0,0,0,0,0,0,0,0,0,0,0,0,0
Fiat,Tipo,12000,2024,Benzine,Manual,1400,Sedan,730000.0,0,0,0,0,0,0,0,0,0,0,0,0,0,0,0,0,0,0,0,0,0
Renault,Kadjar,204000,2019,Benzine,Automatic,1600,SUV,780000.0,1,0,0,0,1,0,1,0,0,0,0,0,0,0,0,0,0,0,0,0,0
Skoda,Octavia,38000,2024,Benzine,Automatic,1400,Sedan,1450000.0,0,1,0,0,0,0,0,0,0,0,0,0,0,0,0,0,0,0,0,0,0
Chevrolet,Optra,242000,2008,Benzine,Automatic,1600,Sedan,350000.0,0,0,1,0,0,0,0,0,0,1,0,1,0,0,0,0,0,0,0,1,0
BMW,320,150000,2017,Benzine,Automatic,2000,Sedan,1310000.0,0,0,0,0,0,0,0,0,0,0,0,0,0,0,0,0,0,0,0,1,0
BMW,X1,74000,2014,Benzine,Automatic,2000,SUV,1255000.0,0,0,0,0,0,0,0,0,0,0,0,0,0,0,0,0,0,0,0,0,0
Suzuki,Van,60000,2013,Benzine,Manual,1000,Van / Bus,255000.0,0,0,0,0,0,0,0,0,0,0,0,0,0,0,0,0,0,0,0,0,0
Jeep,Renegade,126000,2017,Benzine,Automatic,1400,SUV,850000.0,0,0,0,0,0,0,0,0,0,0,0,0,0,0,0,0,0,0,0,0,0
Hyundai,Verna,280000,2012,Benzine,Manual,1600,Sedan,285000.0,1,1,1,0,0,0,0,0,0,0,0,0,0,0,0,0,0,0,0,0,0
Hyundai,Verna,250000,2010,Natural Gas,Manual,1600,Sedan,310000.0,1,1,1,0,0,0,0,0,1,0,0,0,0,0,0,0,0,0,0,0,0
Volkswagen,Tiguan,11000,2024,Benzine,Automatic,1500,SUV,2150000.0,1,1,0,0,0,0,0,0,0,0,0,0,0,0,0,0,0,0,0,0,0
Renault,Logan,44000,2016,Benzine,Automatic,1600,Sedan,500000.0,1,0,0,0,1,0,0,0,0,0,0,0,0,0,0,0,0,0,0,0,0
Renault,Megane,200000,2001,Benzine,Manual,1600,Sedan,199000.0,1,0,1,0,0,0,0,0,0,0,0,0,0,0,0,0,0,0,0,0,0
Geely,Pandido,76000,2012,Benzine,Manual,1300,Hatchback,170000.0,0,0,1,0,0,0,0,0,0,0,0,0,0,0,0,0,0,1,0,0,0
Hyundai,Accent,200000,1998,Electric,Manual,1500,Sedan,180000.0,1,0,1,0,1,0,0,0,0,0,0,0,0,0,0,0,0,0,0,0,0
Mercedes-Benz,C180,113000,2015,Benzine,Automatic,1600,Sedan,1650000.0,1,0,1,0,0,1,0,0,1,0,1,0,0,1,0,0,0,0,0,0,0
Renault,Megane,149000,2021,Benzine,Automatic,1200,Sedan,850000.0,1,0,1,0,1,1,0,1,1,1,1,1,1,0,0,1,0,1,0,0,0
Chevrolet,Malibu,111000,2021,Benzine,Automatic,1500,Sedan,1050000.0,0,0,1,0,0,0,0,1,1,1,1,1,0,1,1,0,0,1,1,0,0
Daewoo,Lanos,280000,1997,Benzine,Manual,1600,Sedan,230000.0,1,0,0,0,0,0,0,0,0,0,0,0,0,0,0,0,0,0,0,0,0
Kia,Xceed,18000,2025,Benzine,Automatic,1500,SUV,1450000.0,0,1,0,0,0,0,0,0,0,0,0,0,0,0,0,0,0,0,0,0,0
BMW,525,460000,1999,Benzine,Automatic,2500,Sedan,480000.0,1,0,0,0,0,0,0,0,0,0,0,0,0,0,0,1,1,1,0,0,0
Daewoo,Nubira,310000,2000,Benzine,Automatic,5000,Hatchback,235000.0,1,0,1,0,0,0,0,0,0,0,0,0,0,0,0,0,0,0,0,0,0
Jeep,Wrangler,195000,2017,Benzine,Automatic,3600,4X4,1375000.0,1,1,0,0,0,0,0,0,0,0,0,0,0,0,0,0,0,0,0,0,0
BMW,X1,19000,2019,Benzine,Automatic,2000,SUV,1750000.0,0,1,0,0,0,0,0,0,0,0,0,0,0,0,0,0,0,0,0,0,0
Mercedes-Benz,C180,30000,2023,Benzine,Automatic,1500,Sedan,2600000.0,0,0,0,0,0,0,0,0,0,0,0,0,0,0,0,0,0,0,0,0,0
Mercedes-Benz,C180,142000,2015,Benzine,Automatic,1600,Sedan,1850000.0,1,1,0,0,0,0,0,1,0,0,0,0,1,0,1,0,1,1,1,0,0
Kia,Sportage,100000,2021,Benzine,Automatic,1600,SUV,1690000.0,1,0,1,0,0,1,0,1,1,1,1,1,0,0,1,0,0,1,1,0,0
Hyundai,Verna,180000,2016,Benzine,Manual,1600,Sedan,350000.0,1,0,0,0,0,0,0,0,0,0,0,0,0,0,0,0,0,0,0,0,0
Daewoo,Lanos,200000,1997,Benzine,Manual,1500,Sedan,190000.0,0,0,0,0,0,0,0,0,0,0,0,0,0,0,0,0,0,1,0,0,0
Renault,Logan,132000,2010,Benzine,Manual,1600,Sedan,270000.0,1,0,1,0,0,0,0,0,0,0,0,0,0,0,0,0,1,0,0,0,0
Skoda,Octavia,195000,2016,Benzine,Automatic,1600,Sedan,890000.0,1,0,0,0,0,0,0,1,0,0,1,0,0,0,1,0,0,0,0,0,0
Kia,Cerato,94000,2016,Benzine,Automatic,1600,Sedan,740000.0,1,0,0,0,0,0,0,0,0,1,0,0,0,0,1,0,0,0,0,0,0
Skoda,Felecia,300000,1997,Benzine,Manual,1300,Hatchback,115000.0,0,0,0,0,0,0,0,0,1,0,0,0,0,0,0,0,0,0,0,0,0
Daewoo,Lanos,250000,2004,Benzine,Automatic,1500,Sedan,345000.0,0,0,0,0,0,0,0,0,0,0,0,0,0,0,0,0,0,0,0,0,0
Alfa Romeo,147,130000,1997,Benzine,Manual,1600,Sedan,120000.0,0,0,0,0,0,0,0,0,0,0,0,0,0,0,0,0,0,0,0,0,0
Chevrolet,Optra,240000,2007,Benzine,Automatic,1600,Sedan,350000.0,1,0,1,0,0,0,0,0,0,1,0,1,0,0,0,0,0,0,1,0,0
Chery,Envy,107000,2017,Benzine,Manual,1500,Sedan,320000.0,0,0,0,0,0,0,0,0,0,0,0,0,0,0,0,0,0,0,0,0,0
Suzuki,Swift,200000,1994,Benzine,Manual,1300,Sedan,145000.0,0,1,1,0,0,0,0,0,1,0,0,0,0,0,0,0,0,0,0,1,0
BMW,528,131000,2015,Benzine,Automatic,2000,Sedan,1580000.0,0,1,0,0,0,0,0,0,0,0,0,0,0,0,0,0,0,0,0,0,0
Hyundai,Verna,270000,2008,Natural Gas,Manual,1600,Sedan,250000.0,0,0,0,0,0,0,0,0,0,0,0,0,0,0,0,0,0,0,0,0,0
Opel,Astra,150000,2019,Benzine,Automatic,1400,Sedan,680000.0,1,0,0,0,0,1,0,0,0,0,1,0,0,1,0,1,0,1,0,1,0
Opel,Grandland,250000,2018,Benzine,Automatic,1600,SUV,850000.0,0,0,0,0,0,0,0,0,0,0,0,0,0,0,0,0,0,0,0,0,0
Hyundai,Creta,19000,2023,Benzine,Automatic,1500,SUV,1200000.0,0,1,0,0,0,0,0,0,0,0,0,0,0,0,0,0,0,0,0,0,0
Chevrolet,Lanos,242000,2010,Benzine,Manual,1500,Sedan,295000.0,1,0,1,0,1,0,0,0,0,0,0,0,0,0,0,0,0,1,0,0,0
Renault,Logan,111000,2010,Benzine,Manual,1600,Sedan,330000.0,0,0,0,0,0,0,0,0,0,0,0,0,0,0,0,0,0,0,0,0,0
Suzuki,Swift,15000,1993,Benzine,Manual,1300,Sedan,110000.0,0,0,0,0,0,0,0,0,0,0,0,0,0,0,0,0,0,0,0,0,0
Renault,Logan,79000,2018,Benzine,Automatic,1600,Sedan,485000.0,0,0,1,0,0,0,0,0,1,0,0,0,0,0,0,0,0,0,0,0,0
Fiat,Tipo,120000,2020,Benzine,Manual,1600,Sedan,530000.0,0,0,0,0,0,0,0,0,0,0,0,0,0,0,0,0,0,0,0,0,0
Kia,Rio,113000,2015,Benzine,Automatic,1400,Hatchback,650000.0,1,0,1,0,0,0,0,0,1,0,0,0,0,0,0,0,0,0,0,0,0
Jeep,Cherokee,231500,2010,Benzine,Automatic,3700,4X4,800000.0,1,0,0,0,0,0,0,1,0,0,0,0,1,0,0,0,0,1,0,0,0
Kia,Cerato,150000,2014,Benzine,Automatic,1600,Sedan,700000.0,1,0,0,0,0,0,0,0,0,0,0,0,0,0,0,0,0,0,0,0,0
Seat,Ateca,165000,2019,Benzine,Automatic,1400,SUV,1050000.0,0,0,0,0,1,1,0,1,0,0,0,0,0,0,0,0,0,0,0,1,0
Mitsubishi,Pajero,240,2009,Benzine,Automatic,3800,4X4,1000000.0,0,0,0,0,0,0,0,0,0,0,0,0,0,0,0,0,0,0,0,0,0
Daewoo,Nubira,200000,2003,Benzine,Manual,1600,Sedan,240000.0,0,0,0,0,0,0,0,0,0,0,0,0,0,0,0,0,0,0,0,0,0
Audi,Q3,79000,2021,Benzine,Automatic,1400,SUV,1950000.0,1,0,0,0,0,0,0,0,0,0,0,0,0,0,0,0,0,0,0,0,0
Speranza,A516,280000,2010,Benzine,Manual,1800,Sedan,200000.0,1,0,1,0,0,0,0,0,0,0,0,0,0,0,0,0,0,0,0,0,0
Hyundai,Verna,340000,2006,Benzine,Manual,1500,Sedan,320000.0,0,0,0,0,0,0,0,0,0,0,0,0,0,0,0,0,0,0,0,0,0
Opel,Grandland,120000,2018,Benzine,Automatic,1600,Hatchback,930000.0,1,0,0,0,0,1,0,0,0,0,0,0,0,0,0,0,0,0,0,0,0
Kia,Cerato,230000,2007,Benzine,Automatic,1600,Sedan,450000.0,1,0,0,0,0,0,0,0,0,0,0,0,0,0,0,0,0,0,0,0,0
BYD,F3,24000,2025,Benzine,Manual,1600,Sedan,610000.0,0,1,0,1,0,0,0,0,0,0,0,0,0,0,0,0,0,0,0,0,0
Nissan,Qashqai,105000,2022,Benzine,Automatic,1300,SUV,1080000.0,1,0,0,0,0,0,0,0,0,1,1,0,0,0,1,0,0,0,0,0,0
Kia,Carens,170,2014,Benzine,Automatic,1600,Hatchback,750000.0,0,0,1,0,0,0,0,0,0,0,0,0,0,0,0,1,1,0,1,0,1
Volkswagen,Golf,500000,1989,Benzine,Manual,1600,Hatchback,135000.0,0,1,1,0,0,0,0,0,0,0,0,0,0,0,0,0,0,0,0,0,0
Renault,Optima,50000,1999,Benzine,Manual,1400,Sedan,120000.0,0,0,0,0,0,0,0,0,0,0,0,0,0,0,0,0,0,0,0,0,0
Chevrolet,Aveo,160000,2011,Benzine,Manual,1500,Sedan,320000.0,0,0,1,0,0,0,0,0,0,0,0,0,0,0,0,0,0,0,0,0,0
Speranza,A113,135000,2011,Benzine,Manual,1300,Hatchback,215000.0,1,0,1,0,1,0,0,0,0,0,0,0,0,0,0,0,0,0,0,0,0
Geely,Emgrand 7,265000,2018,Benzine,Manual,1500,Sedan,380000.0,1,0,0,0,0,0,0,0,0,0,0,0,0,0,0,0,0,0,0,0,0
Volkswagen,Jetta,144000,2019,Benzine,Automatic,1400,Sedan,1400000.0,0,0,0,0,0,0,0,0,0,0,0,0,0,0,0,0,0,0,0,0,0
Renault,Logan,88000,2016,Benzine,Automatic,1600,Sedan,450000.0,1,0,0,0,0,0,0,0,0,0,0,0,0,0,0,1,1,0,1,1,0
BMW,218,69000,2021,Benzine,Automatic,1500,Sports / Coupe,1850000.0,0,0,0,0,0,0,0,1,1,1,0,0,0,0,0,0,0,1,0,1,0
MINI,Convertible,50000,2019,Benzine,Automatic,1500,Convertible,1700000.0,1,0,0,0,0,0,0,0,1,1,0,0,0,0,0,0,0,0,0,0,0
Chevrolet,Spark,430000,2009,Benzine,Manual,1000,Hatchback,210000.0,0,0,0,0,0,0,0,0,0,0,0,0,0,0,0,0,0,0,0,0,0
Renault,Rainbow,50000,1997,Benzine,Manual,1600,Sedan,900000.0,1,0,0,0,0,0,0,0,0,0,0,0,0,0,0,0,0,0,0,0,0
Mercedes-Benz,E180,53000,2018,Benzine,Automatic,1600,Sedan,2650000.0,0,0,0,0,0,0,0,0,0,0,0,0,0,0,0,0,0,0,0,0,0
Volkswagen,Passat,235000,2008,Benzine,Automatic,1600,Sedan,540000.0,0,0,1,0,0,0,0,0,0,0,0,0,0,0,0,0,0,0,0,0,1
Hyundai,I10,62000,2014,Benzine,Automatic,1000,Hatchback,480000.0,1,0,0,0,0,0,0,0,0,0,0,0,0,0,0,0,0,0,0,0,0
Mercedes-Benz,C180,25000,2020,Benzine,Automatic,1500,Sedan,2400000.0,0,1,0,0,0,0,0,0,0,0,0,0,0,0,0,0,0,0,0,0,0
Volkswagen,CrossFox,300000,2007,Benzine,Manual,1600,Hatchback,300000.0,0,0,1,1,1,0,0,0,0,0,0,0,0,0,0,0,0,1,0,0,0
Skoda,Kodiaq,107000,2020,Benzine,Automatic,1400,SUV,1690000.0,1,0,0,0,0,0,0,0,0,0,0,0,0,0,0,0,0,0,0,0,0
Hyundai,Elantra,250000,2010,Benzine,Automatic,1600,Sedan,525000.0,0,0,0,0,1,0,0,0,0,0,0,0,0,0,0,0,0,0,0,0,0
Renault,Kadjar,130000,2019,Benzine,Automatic,1300,SUV,790000.0,1,0,0,0,0,0,0,0,0,0,0,0,0,0,0,0,0,0,0,0,0
Hyundai,Elantra,28000,2022,Benzine,Automatic,1600,Sedan,1180000.0,0,0,0,0,0,1,0,0,0,0,0,0,0,0,0,0,0,0,0,0,0
Seat,Cordoba,225000,1996,Benzine,Manual,1400,Sedan,200000.0,0,0,0,0,0,0,0,0,0,0,0,0,0,0,0,0,0,0,0,0,0
Hyundai,Elantra,85000,2021,Benzine,Automatic,1600,Sedan,960000.0,1,0,0,0,0,0,0,0,0,0,0,0,0,0,0,0,0,0,0,0,0
Opel,Astra,225000,2014,Benzine,Automatic,1600,Sedan,575000.0,1,0,1,0,0,0,0,0,0,0,0,0,0,0,0,0,0,0,0,0,0
Nissan,Sunny,13000,2025,Benzine,Automatic,1500,Sedan,735000.0,1,0,1,0,0,0,0,0,1,0,0,0,0,0,0,0,0,0,0,0,0
Kia,Soul,230000,2010,Benzine,Automatic,1600,Hatchback,535000.0,0,1,1,0,0,0,0,0,0,0,0,0,0,0,0,0,0,0,0,0,0
Kia,Sportage,20100,2023,Benzine,Automatic,1600,SUV,1830000.0,0,0,0,0,0,0,0,0,1,0,1,0,0,0,0,0,0,0,1,0,0
Audi,A3,157000,2017,Benzine,Automatic,1500,Sedan,1030000.0,0,0,0,0,0,0,0,0,0,0,0,0,0,0,0,0,0,0,0,0,0
Honda,Civic,240000,2009,Benzine,Automatic,1600,Sedan,575000.0,1,0,0,0,1,0,0,0,0,0,0,0,0,0,0,0,0,0,0,0,0
Opel,Astra,170000,2005,Benzine,Automatic,1600,Sedan,335000.0,1,0,1,0,1,0,0,0,1,0,0,0,0,0,0,0,0,0,0,0,0
Nissan,Juke,151000,2013,Benzine,Automatic,1600,SUV,620000.0,1,0,0,0,1,0,0,0,0,0,0,0,0,0,1,0,0,0,0,0,0
Speranza,A113,80000,2010,Benzine,Manual,1300,Hatchback,275000.0,1,0,0,0,0,0,0,0,0,0,0,0,0,0,0,0,0,0,0,0,0
Hyundai,Verna,2,2008,Benzine,Manual,1600,Sedan,300000.0,0,0,1,0,0,0,0,0,0,0,0,0,0,0,0,0,0,0,0,0,0
Opel,Astra,270000,2013,Benzine,Automatic,1600,Sedan,495000.0,0,0,0,0,0,0,0,0,0,0,0,0,0,0,0,0,0,0,0,0,0
Toyota,Corolla,128000,2017,Benzine,Automatic,1600,Sedan,1025000.0,1,1,0,0,0,0,0,0,0,0,0,0,0,0,0,0,0,0,0,0,0
Nissan,Juke,70000,2021,Benzine,Automatic,1000,SUV,850000.0,1,0,0,0,0,1,0,0,0,0,0,0,0,0,0,0,0,0,0,0,0
Opel,Corsa,174000,2001,Benzine,Manual,1200,Hatchback,250000.0,0,0,0,0,0,0,0,0,0,0,0,0,0,0,0,0,0,0,0,0,0
BMW,218 i,127000,2015,Benzine,Automatic,1500,Hatchback,820000.0,1,0,0,0,0,0,0,0,0,0,0,0,0,0,0,0,0,0,0,0,0
Daewoo,Juliet,210000,2004,Benzine,Automatic,1600,Hatchback,290000.0,0,0,0,0,0,0,0,0,0,0,0,0,0,0,0,0,0,0,0,0,0
Chevrolet,Lanos,161000,2017,Benzine,Manual,1500,Sedan,350000.0,0,1,0,0,0,0,0,0,0,0,0,0,0,0,0,0,0,0,0,0,0
Fiat,Punto,178000,2012,Benzine,Manual,1300,Hatchback,273000.0,1,0,1,0,0,0,0,0,0,0,0,0,0,0,0,0,0,0,0,0,0
Daewoo,Nubira,120000,2005,Benzine,Manual,1400,Other,270000.0,0,0,0,0,0,0,0,0,0,0,1,0,0,0,0,0,0,1,0,0,0
Hyundai,Tucson,50000,2021,Benzine,Automatic,1600,SUV,1500000.0,1,1,0,0,0,1,0,0,0,0,0,0,0,0,0,0,0,0,0,0,0
Renault,19,120000,1999,Benzine,Manual,1400,Sedan,120000.0,0,1,0,0,0,0,0,0,0,1,0,0,0,0,0,0,0,1,0,0,0
Kia,Picanto,135000,2009,Benzine,Automatic,1100,Hatchback,415000.0,1,0,1,0,1,0,0,0,0,0,0,0,0,0,0,0,0,0,0,0,0
Peugeot,508,175000,2017,Benzine,Automatic,1600,Sedan,770000.0,1,0,0,0,0,1,0,0,1,0,0,0,0,0,1,0,0,0,0,0,0
Peugeot,307,268000,2007,Benzine,Automatic,1600,Hatchback,350000.0,1,0,0,0,0,0,0,0,1,0,0,0,0,0,0,1,1,0,1,1,0
Mercedes-Benz,C180,150000,2019,Benzine,Automatic,2000,Sedan,1970000.0,1,0,1,0,0,0,0,0,1,0,0,0,0,0,0,0,0,0,0,0,0
Hyundai,Verna,165000,2007,Benzine,Automatic,1600,Sedan,335000.0,1,0,1,0,0,0,0,0,1,0,0,0,0,0,0,0,0,0,0,0,0
Opel,Grandland,72000,2021,Benzine,Automatic,1600,SUV,1300000.0,1,0,0,0,0,0,0,0,0,0,0,0,0,0,0,0,0,0,0,0,0
Geely,Emgrand 7,150000,2015,Benzine,Manual,1500,Sedan,305000.0,1,0,0,0,0,0,0,0,1,0,0,0,0,0,0,0,0,0,1,0,0
Hyundai,Verna,150000,2007,Benzine,Manual,1500,Sedan,350000.0,1,0,0,0,0,0,0,0,0,0,0,0,0,0,0,0,0,0,0,0,0
Peugeot,308 SW,240000,2011,Benzine,Automatic,1600,Hatchback,500000.0,0,0,0,0,0,0,0,0,0,0,0,0,0,0,0,0,0,1,0,0,0
Toyota,Yaris,118000,2014,Benzine,Automatic,1300,Sedan,540000.0,1,0,1,0,0,0,0,0,0,0,0,0,0,0,0,0,0,0,0,0,0
Kia,Xceed,5000,2025,Benzine,Automatic,1500,SUV,1350000.0,1,1,1,0,0,0,0,1,1,0,1,0,0,1,0,1,1,1,1,0,0
Hyundai,Elantra,210000,2017,Benzine,Automatic,1600,Sedan,710000.0,0,0,0,0,0,0,0,0,0,0,0,0,0,0,0,0,0,0,0,0,0
Alfa Romeo,Mito,105000,2015,Benzine,Automatic,1400,Sports / Coupe,570000.0,1,0,0,0,0,0,0,0,0,0,0,0,0,0,0,0,0,0,0,0,0
Volkswagen,Tiguan,55000,2022,Benzine,Automatic,1500,SUV,1850000.0,0,0,0,0,1,1,0,0,0,0,0,0,0,0,0,0,0,0,0,0,0
Fiat,131,100000,1980,Benzine,Manual,1300,Sedan,110000.0,1,0,0,0,0,0,0,0,0,0,0,0,0,0,0,0,0,0,0,0,0
Toyota,Corolla,275000,2013,Benzine,Automatic,1600,Sedan,620000.0,0,1,1,0,0,0,0,0,0,0,0,0,0,0,0,0,0,0,0,0,0
Hyundai,Excel,200000,1996,Benzine,Manual,1500,Sedan,140000.0,0,1,1,0,0,0,0,0,0,0,0,0,0,0,0,0,0,0,0,0,0
Mercedes-Benz,E240,159,2004,Benzine,Automatic,2600,Sedan,1200000.0,0,0,0,0,0,0,0,0,0,0,0,0,0,0,0,0,0,0,0,0,0
Jeep,Wrangler,128000,2015,Benzine,Automatic,3600,4X4,1250000.0,0,0,0,0,1,0,0,0,0,0,0,0,0,0,0,0,0,1,0,0,0
Hyundai,Verna,29200,2008,Benzine,Manual,1600,Sedan,280000.0,1,0,0,0,0,0,0,0,0,0,0,0,0,0,0,0,0,0,0,0,0
Opel,Corsa,250000,1994,Benzine,Manual,1200,Hatchback,150000.0,0,0,0,0,0,0,0,0,0,0,0,0,0,0,0,0,0,1,0,0,0
Peugeot,405,180000,2009,Benzine,Manual,1600,Sedan,160000.0,1,0,0,0,0,0,0,0,0,0,0,0,0,1,0,0,0,1,0,0,0
GAC,GS5,30000,2024,Benzine,Automatic,1500,Hatchback,1050000.0,1,0,0,0,1,0,0,0,0,0,0,0,0,0,0,0,0,0,0,0,0
BMW,320,163000,2020,Benzine,Automatic,2000,Sedan,1580000.0,1,1,0,0,0,1,0,0,0,0,0,0,0,0,0,0,0,0,0,0,0
Chevrolet,Aveo,124600,2013,Benzine,Automatic,1500,Sedan,450000.0,0,0,0,0,0,0,0,0,0,0,0,0,0,0,0,0,0,0,0,0,0
Mercedes-Benz,E250,160000,2011,Benzine,Automatic,1800,Sedan,1390000.0,0,0,0,0,0,0,0,0,0,0,0,0,0,0,0,0,0,0,0,0,0
Daewoo,Lanos,100000,1999,Benzine,Manual,1500,Sedan,170000.0,0,0,0,0,1,0,0,0,0,0,0,0,0,0,0,0,0,0,0,0,0
Daewoo,Nubira,300000,2003,Benzine,Manual,1600,Sedan,265000.0,1,0,1,0,0,0,0,0,0,0,0,0,0,0,0,0,0,0,0,0,0
Kia,Other,396910,2000,Diesel,Manual,2700,Pickup,370000.0,0,0,0,0,0,0,0,0,0,0,0,0,0,0,0,0,0,0,0,0,0
Peugeot,2008,96000,2021,Benzine,Automatic,1200,SUV,1000000.0,1,1,0,0,1,0,0,0,0,0,0,0,0,0,0,0,0,0,0,0,0
Mercedes-Benz,200,460000,1989,Benzine,Automatic,2000,Sedan,380000.0,0,0,0,0,0,0,0,0,0,0,0,0,0,0,0,0,0,0,0,0,0
Land Rover,Discovery,122000,2015,Benzine,Automatic,2000,SUV,1250000.0,1,0,0,0,0,0,0,0,0,0,0,0,0,0,0,0,0,1,0,0,0
Opel,Vectra,270000,1997,Benzine,Automatic,2000,Sedan,250000.0,1,0,1,0,0,0,0,0,0,0,1,0,0,0,0,0,0,1,0,1,0
Mercedes-Benz,C180,40000,2022,Benzine,Automatic,1500,Sedan,2650000.0,0,0,0,0,0,0,0,1,0,0,0,0,0,0,0,0,0,0,0,0,0
Hyundai,Getz,137500,2009,Benzine,Automatic,1600,Hatchback,392000.0,1,0,1,0,0,0,0,0,0,1,0,1,0,0,0,0,0,0,0,0,0
Renault,Logan,90000,2015,Benzine,Manual,1600,Sedan,365000.0,1,0,0,0,0,0,0,0,0,0,0,0,0,0,0,0,0,0,0,0,0
Seat,Ateca,190000,2018,Benzine,Automatic,1400,SUV,1120000.0,1,0,0,0,0,0,0,1,0,0,0,0,0,0,1,0,0,0,0,0,0
Hyundai,Elantra,151000,2017,Benzine,Automatic,1600,Sedan,560000.0,0,0,0,0,0,0,0,0,0,0,0,0,0,0,0,0,0,0,0,0,0
Chevrolet,Aveo,460185,2007,Benzine,Manual,1300,Sedan,280000.0,0,0,0,0,0,0,0,0,0,0,0,0,0,0,0,0,0,0,0,0,0
Renault,Megane,192000,2008,Benzine,Automatic,1600,Sedan,380000.0,0,0,0,0,1,0,1,0,1,0,0,0,0,0,0,0,0,1,0,1,0
Peugeot,301,185000,2021,Benzine,Automatic,1600,Sedan,580000.0,1,0,0,0,0,0,0,0,0,0,0,0,0,0,0,0,0,0,0,0,0
Renault,Duster,135000,2019,Benzine,Automatic,1600,SUV,680000.0,1,1,1,0,0,0,0,0,0,1,1,0,1,1,0,1,1,0,1,0,0
Lada,Granta,121000,2019,Benzine,Manual,1600,Sedan,325000.0,1,0,0,0,0,0,0,0,0,0,0,0,0,0,0,0,0,0,0,0,0
Kia,Pride,270000,1999,Benzine,Manual,1300,Sedan,115000.0,0,0,1,0,0,0,0,0,0,0,0,0,0,0,0,0,0,0,0,0,0
Kia,Cerato,123000,2015,Benzine,Automatic,1600,Sedan,650000.0,0,0,1,1,0,0,0,0,0,0,0,0,0,0,0,0,0,0,0,0,0
Chevrolet,Optra,332000,2006,Benzine,Manual,1500,Sedan,285000.0,1,0,1,0,0,0,0,0,0,0,0,0,0,0,0,0,0,1,0,0,0
BMW,X3,140000,2018,Benzine,Automatic,2000,SUV,1800000.0,1,0,0,0,0,0,0,0,0,0,0,0,0,0,0,0,0,0,0,0,0
Geely,MK,99999,2008,Benzine,Manual,1598,Sedan,160000.0,1,0,1,0,0,0,0,0,1,0,0,0,0,0,0,0,0,0,0,0,0
BMW,520,3000,2013,Benzine,Automatic,2000,Sedan,1700000.0,1,0,0,0,0,0,0,0,1,0,0,0,0,1,0,1,0,1,0,0,0
Speranza,A620,290000,2009,Natural Gas,Automatic,2000,Sedan,350000.0,0,0,0,0,0,0,0,1,1,0,0,0,0,0,0,0,0,0,0,0,0
Kia,Cerato,60000,2021,Benzine,Automatic,1600,Sedan,940000.0,1,0,0,0,0,0,0,0,0,0,0,0,0,0,0,0,0,0,0,0,0
Proton,Gen-2,282000,2013,Benzine,Automatic,1500,Sedan,420000.0,1,0,1,0,0,1,0,0,1,1,1,0,0,0,0,0,0,0,0,0,0
Geely,Emgrand 7,84000,2016,Benzine,Manual,1600,Sedan,360000.0,1,1,0,0,1,0,0,0,0,0,0,0,0,0,0,0,0,0,0,0,0
Fiat,Fiorino,315000,2008,Benzine,Manual,1600,Van / Bus,135000.0,0,0,0,0,0,0,0,0,0,0,0,0,0,0,0,0,0,0,0,0,0
Volkswagen,Passat,155000,2012,Benzine,Automatic,1400,Sedan,720000.0,0,0,0,0,0,0,0,0,0,0,0,0,0,0,0,0,0,0,0,0,0
Mercedes-Benz,C180,158000,2018,Benzine,Automatic,1600,Sedan,1950000.0,1,0,0,0,0,0,0,0,0,0,0,0,0,0,0,0,0,0,0,0,0
Nissan,Sunny,300000,2002,Benzine,Manual,1300,Sedan,290000.0,0,0,0,1,0,0,0,0,0,0,0,0,0,0,0,0,0,0,0,0,0
Volkswagen,Golf,139000,1999,Benzine,Automatic,1600,Hatchback,550000.0,0,0,0,0,0,0,0,0,0,0,0,0,0,0,0,0,0,0,0,0,0
Ford,Focus,166000,2017,Benzine,Automatic,1000,Sedan,500000.0,0,0,1,0,0,0,0,0,0,0,0,0,0,0,0,0,0,0,0,0,0
Renault,Duster,130000,2018,Benzine,Automatic,1600,SUV,525000.0,1,1,0,0,0,1,0,0,0,1,1,1,0,0,0,1,0,1,0,0,1
Chevrolet,Pickup/Dababa,50000,2015,Diesel,Manual,2500,SUV,700000.0,1,0,0,0,0,1,0,0,1,0,0,0,0,0,0,0,0,0,0,0,1
Mercedes-Benz,C180,95000,2019,Benzine,Automatic,1600,Sports / Coupe,2300000.0,0,0,0,0,0,0,0,0,0,0,0,0,0,0,0,0,0,0,0,0,0
Volkswagen,Polo,173000,2006,Benzine,Automatic,1400,Hatchback,310000.0,1,0,1,0,0,0,0,0,0,0,0,0,0,0,0,0,0,0,0,0,0
Lancia,Dedra,180000,1993,Benzine,Manual,1600,Sedan,130000.0,1,0,0,0,0,0,0,0,0,0,0,0,0,0,0,0,0,0,0,0,0
BMW,320,106000,2019,Benzine,Automatic,2000,Sedan,1800000.0,0,0,0,0,1,0,0,0,0,0,0,0,0,0,0,0,0,0,0,0,0
Kia,Carens,450000,2015,Benzine,Automatic,1500,Estate,700000.0,1,0,0,0,0,0,0,0,0,0,0,0,0,0,0,0,0,0,0,0,0
Mercedes-Benz,C180,148000,2020,Benzine,Automatic,1500,Sedan,2050000.0,1,0,0,0,0,0,0,0,0,0,0,0,0,0,0,0,0,0,0,0,0
Hyundai,Tucson,50000,2021,Benzine,Automatic,1600,SUV,1380000.0,1,0,0,0,0,1,0,0,0,0,0,0,0,0,0,0,0,0,0,0,0
Mitsubishi,Mirage,25000,2023,Benzine,Automatic,1300,Hatchback,600000.0,1,0,1,0,0,1,0,0,1,1,0,0,0,0,0,0,0,0,0,0,0
Nissan,Qashqai,180000,2018,Benzine,Automatic,1200,Hatchback,750000.0,1,0,1,0,0,0,0,0,0,0,0,0,0,0,0,0,0,0,0,0,0
MG,MG 6,73000,2023,Benzine,Automatic,1600,Sedan,960000.0,0,0,0,0,0,1,0,0,0,0,0,0,0,0,0,0,0,0,0,0,0
BMW,X5,340000,2008,Benzine,Automatic,4800,4X4,1000000.0,1,0,0,0,0,0,0,0,0,0,0,0,0,0,0,0,0,0,0,0,0
Hyundai,Accent,342650,2000,Benzine,Manual,1300,Sedan,165000.0,1,0,0,0,0,0,0,0,0,0,0,0,0,0,0,0,0,0,0,0,0
Citroen,C-Elysée,145000,2021,Benzine,Automatic,1600,Sedan,615000.0,1,0,0,0,1,0,0,0,0,0,0,0,0,0,0,0,0,0,0,0,0
BYD,L3,200000,2016,Benzine,Automatic,1500,Sedan,390000.0,1,0,1,0,0,0,0,0,0,0,0,0,0,0,0,0,0,0,0,0,0
Brilliance,Splendor,278000,2011,Benzine,Manual,1600,Sedan,325000.0,1,1,1,0,0,0,0,0,0,0,0,0,0,0,0,0,0,0,0,0,0
Peugeot,508,50000,2020,Benzine,Automatic,1600,Sedan,1400000.0,1,0,0,0,0,0,0,0,0,0,0,0,0,0,0,0,0,0,0,0,1
Kia,Sportage,155000,2019,Benzine,Automatic,1600,SUV,1175000.0,0,0,0,0,0,0,0,0,0,0,0,0,0,0,0,0,0,0,0,0,0
Daewoo,Nubira,164000,2006,Benzine,Manual,1600,Sedan,305000.0,1,0,0,0,0,0,0,0,0,0,0,0,0,0,0,0,0,0,0,0,0
Hyundai,Verna,195000,2011,Benzine,Manual,1600,Sedan,330000.0,1,0,1,0,0,0,0,0,0,0,0,0,0,0,0,0,0,0,0,0,0
Hyundai,Elantra,35000,2021,Benzine,Automatic,1600,Sedan,950000.0,1,0,0,0,0,0,0,0,0,0,0,0,0,0,0,0,0,0,0,0,0
Peugeot,406,180000,2003,Benzine,Manual,2000,Sedan,310000.0,0,0,0,0,0,0,0,0,0,0,0,0,0,0,0,0,0,0,0,0,1
Chevrolet,Cruze,240000,2010,Benzine,Automatic,1600,Sedan,375000.0,1,0,1,0,0,0,0,0,0,0,0,0,0,0,0,0,0,0,0,0,0
BYD,F3,200000,2019,Benzine,Manual,1500,Sedan,440000.0,0,0,1,0,0,0,0,0,0,0,0,0,0,0,0,0,0,0,0,0,0
Opel,Astra,211000,2016,Benzine,Automatic,1600,Sedan,560000.0,1,0,0,0,0,0,0,0,0,0,0,0,0,0,0,1,1,0,0,0,0
Renault,Logan,142000,2015,Benzine,Automatic,1600,Sedan,410000.0,1,0,1,0,0,0,1,0,0,0,0,0,0,0,0,0,0,1,0,0,0
Kia,Sportage,74000,2021,Hybrid,Automatic,1600,Hatchback,1420000.0,0,0,0,0,0,0,0,0,0,0,0,0,0,0,0,0,0,0,0,0,0
Renault,Megane,200000,2010,Benzine,Manual,1600,Sedan,300000.0,1,0,1,0,0,0,0,0,0,0,0,0,0,0,0,0,0,0,0,0,0
Fiat,Tipo,78000,2020,Benzine,Automatic,1600,Sedan,700000.0,1,0,0,1,0,0,0,0,0,0,0,0,0,0,0,0,0,0,0,0,0
Mazda,121,100000,1998,Benzine,Manual,1300,Sedan,100000.0,1,0,0,0,0,0,0,0,0,0,0,0,0,0,0,0,0,0,0,0,0
Geely,Emgrand 7,135000,2014,Benzine,Manual,1500,Sedan,300000.0,0,0,1,0,0,0,0,0,0,0,0,0,0,0,0,0,0,0,0,0,0
Nissan,Qashqai,110000,2020,Benzine,Automatic,1200,SUV,850000.0,1,0,0,0,0,0,0,0,0,0,0,0,0,0,0,0,0,0,0,0,0
Hyundai,Matrix,280000,2008,Benzine,Automatic,1600,Hatchback,400000.0,1,0,1,0,0,0,0,0,0,0,0,0,0,0,0,0,0,0,0,0,0
Renault,Logan,220000,2012,Benzine,Manual,1600,Sedan,240000.0,0,1,1,1,0,0,0,0,1,0,0,0,0,0,0,0,0,1,0,0,0
Peugeot,405,120000,2007,Benzine,Manual,1600,Sedan,150000.0,0,0,0,0,0,0,0,0,0,0,0,0,0,0,0,0,0,0,0,0,0
Kia,Shuma,250,1999,Benzine,Automatic,1500,Hatchback,250000.0,1,0,0,0,0,0,0,0,0,0,0,0,0,0,0,0,0,0,0,0,0
Opel,Insignia,166000,2017,Benzine,Automatic,1600,Sedan,735000.0,0,1,0,0,0,0,0,0,0,0,0,0,0,0,0,0,0,0,0,0,0
Mercedes-Benz,C180,60000,2018,Benzine,Automatic,1600,Sports / Coupe,2250000.0,0,0,0,0,0,0,0,0,0,0,0,0,0,0,0,0,0,1,0,0,0
Hyundai,Verna,200000,2012,Benzine,Manual,1600,Sedan,350000.0,1,0,1,0,0,0,0,0,1,0,0,0,0,0,0,0,0,1,0,0,0
Chevrolet,Optra,151000,2013,Benzine,Automatic,1500,Sedan,450000.0,1,1,1,0,0,0,0,0,1,0,0,0,0,0,0,0,0,1,0,0,0
Renault,Megane,200000,1999,Benzine,Manual,1600,Sedan,190000.0,0,0,1,0,0,0,0,0,0,0,0,0,0,0,0,0,0,0,0,0,0
Mercedes-Benz,C180,288000,2003,Benzine,Automatic,1800,Sedan,700000.0,0,0,0,0,0,0,0,0,0,0,0,0,0,0,0,0,0,0,0,0,0
Chevrolet,Optra,120000,2009,Benzine,Automatic,1600,Sedan,430000.0,0,1,0,0,0,0,0,0,0,0,0,0,0,0,0,0,0,0,0,0,0
Seat,Toledo,230000,2015,Benzine,Automatic,1600,Sedan,540000.0,1,0,0,0,0,0,0,0,0,0,0,0,0,0,0,0,0,0,0,0,0
Kia,Sportage,150000,2017,Benzine,Automatic,1600,SUV,1220000.0,0,0,1,0,0,0,0,0,1,0,1,1,1,0,0,0,1,0,0,1,0
Chery,Arrizo 5,184000,2019,Benzine,Automatic,1600,Sedan,400000.0,0,0,1,0,0,0,0,0,0,0,0,0,0,0,0,0,0,0,0,0,0
Opel,Insignia,150000,2017,Benzine,Automatic,1800,Sedan,780000.0,1,0,0,0,0,0,0,0,0,0,1,0,0,0,0,0,0,0,0,0,0
Daewoo,Lanos,22000,2000,Benzine,Manual,1500,Sedan,200000.0,0,0,0,0,0,0,0,0,0,0,0,0,0,0,0,0,0,0,0,0,0
Toyota,Celica,84000,1999,Benzine,Manual,2000,Sports / Coupe,600000.0,0,0,0,0,1,0,0,0,0,0,0,0,0,0,0,0,0,0,0,0,0
Seat,Cordoba,1444,2001,Benzine,Manual,1500,Sedan,210000.0,0,0,0,0,0,0,0,0,0,0,0,0,0,0,0,0,0,0,0,0,0
Peugeot,308,133000,2020,Benzine,Automatic,1600,Hatchback,800000.0,0,0,0,0,0,0,0,0,0,0,0,0,0,0,0,0,0,1,0,0,0
Opel,Grandland,13500,2025,Benzine,Automatic,1600,SUV,1800000.0,0,1,0,0,0,0,0,0,0,0,0,0,0,0,0,0,0,0,0,0,0
Kia,Cerato,84000,2013,Benzine,Automatic,1600,Sedan,620000.0,1,0,0,0,1,0,0,0,0,0,0,0,0,0,0,1,0,0,0,0,0
Skoda,Octavia,260000,2015,Benzine,Automatic,1600,Sedan,750000.0,1,1,0,0,0,0,0,0,0,0,0,0,0,0,0,0,1,0,0,0,0
MG,MG 5,15000,2025,Benzine,Automatic,1600,Sedan,870000.0,0,0,0,0,0,0,0,0,0,0,0,0,0,0,0,0,0,0,0,0,0
Fiat,Uno,200000,1998,Benzine,Manual,1000,Hatchback,135000.0,1,0,0,0,0,0,0,0,0,0,0,0,0,0,0,0,0,0,0,0,0
Geely,Emgrand 7,240000,2013,Benzine,Manual,1600,Sedan,230000.0,0,0,1,0,0,0,0,0,0,0,0,0,0,0,0,0,0,0,0,0,0
Kia,Rio,5000,2001,Benzine,Manual,1300,Sedan,185000.0,1,1,1,0,0,0,0,0,0,0,0,0,0,0,0,0,0,0,0,0,0
Subaru,XV,295000,2016,Benzine,Automatic,1600,SUV,595000.0,1,1,1,0,0,1,0,0,0,0,0,0,0,0,0,0,0,0,0,0,0
Peugeot,405,175000,2005,Benzine,Manual,1600,Sedan,120000.0,0,0,0,0,0,0,0,0,0,0,0,0,0,0,0,0,0,0,0,0,0
Kia,Sportage,21000,2025,Benzine,Automatic,1600,SUV,1950000.0,0,0,0,0,0,0,0,0,0,0,0,0,0,0,0,0,0,0,0,0,0
Skoda,Octavia,3000,1999,Benzine,Manual,2000,Sedan,285000.0,1,1,1,0,0,0,0,0,0,0,0,0,0,0,0,0,1,1,0,0,0
Chery,Envy,169000,2017,Benzine,Manual,1500,Sedan,280000.0,0,0,0,0,1,0,0,0,0,0,0,0,0,0,0,0,0,0,0,0,0
Fiat,Tipo,69000,2021,Benzine,Automatic,1600,Sedan,750000.0,1,1,0,0,0,0,0,0,0,0,0,0,0,0,0,0,0,0,0,0,0
Mercedes-Benz,E240,200000,2003,Benzine,Automatic,3200,Sedan,790000.0,1,0,1,0,0,0,0,0,0,0,0,0,0,0,0,0,0,0,0,0,0
Opel,Astra,92000,2019,Benzine,Automatic,1400,Sedan,670000.0,0,0,0,0,0,0,0,0,0,0,0,0,0,0,0,0,0,0,0,0,1
Speranza,A516,13232,2009,Benzine,Automatic,1800,Sedan,250000.0,1,1,1,0,0,0,0,0,1,0,0,0,0,0,0,0,0,0,0,1,0
Renault,Logan,190000,2013,Benzine,Automatic,1600,Sedan,380000.0,1,0,0,0,0,0,0,0,0,0,0,0,0,0,0,0,0,0,0,0,0
Kia,Sephia,220000,2003,Benzine,Automatic,1600,Sedan,290000.0,1,0,0,0,1,0,0,0,1,0,0,0,0,0,0,0,0,0,0,0,0
Chrysler,PT Cruiser,150000,2005,Benzine,Automatic,2400,Sports / Coupe,470000.0,1,0,0,0,0,0,0,0,0,0,0,0,0,0,0,0,0,0,0,0,0
Speranza,A516,219000,2012,Benzine,Manual,1600,Sedan,230000.0,0,1,0,0,0,0,0,0,0,0,0,0,0,0,0,0,0,0,0,0,0
Suzuki,Swift,150000,2022,Benzine,Automatic,1200,Hatchback,520000.0,0,0,1,1,0,0,0,0,0,0,0,0,0,0,0,0,1,0,0,0,0
Ford,Focus,290000,2007,Benzine,Automatic,1600,Sedan,370000.0,1,0,0,0,0,0,0,0,0,0,0,0,0,0,0,0,0,0,0,0,0
Citroen,C3 Aircross,101000,2021,Benzine,Automatic,1200,SUV,730000.0,0,0,0,0,0,1,0,0,0,0,0,0,0,0,0,0,0,0,0,0,0
Nissan,Sunny,290000,2009,Benzine,Automatic,1600,Sedan,400000.0,1,0,0,0,0,0,0,0,0,0,0,0,0,0,0,0,0,1,0,0,0
MG,MG 5,155000,2021,Benzine,Automatic,1500,Sedan,650000.0,1,0,0,0,0,1,0,0,0,0,0,0,0,0,0,0,0,0,0,0,0
Chery,Envy,300000,2017,Benzine,Manual,1600,Sedan,250000.0,1,0,0,0,0,0,0,0,0,0,0,0,0,0,0,0,0,0,0,0,0
Toyota,Corolla,500000,2005,Benzine,Automatic,1300,Sedan,550000.0,0,0,0,0,0,0,0,0,0,0,0,0,0,0,0,0,0,0,0,0,0
BYD,F3,152000,2022,Benzine,Automatic,1500,Sedan,510000.0,1,1,0,0,0,0,0,0,0,0,0,0,0,0,0,0,0,0,0,0,0
Chery,Envy,10000,2017,Natural Gas,Automatic,1600,Sedan,330000.0,0,0,0,0,0,0,0,0,0,0,0,0,0,0,0,0,0,0,0,0,0
Mitsubishi,Pajero,317000,2003,Benzine,Automatic,3500,4X4,450000.0,0,0,1,0,0,0,0,0,0,0,0,0,0,0,0,0,0,0,0,0,0
BYD,F3,130000,2023,Benzine,Manual,1500,Sedan,520000.0,1,0,0,0,1,0,0,0,1,0,0,0,0,0,0,0,0,0,0,0,0
Renault,Scenic,200,2009,Benzine,Automatic,1600,Hatchback,370000.0,1,0,0,0,0,0,0,0,0,0,0,0,0,0,0,0,0,0,0,0,0
Lada,Granta,76300,2019,Benzine,Manual,1600,Sedan,350000.0,1,0,1,0,0,0,0,0,1,0,0,0,0,0,0,0,0,0,0,0,0
Seat,Leon,170000,2018,Benzine,Automatic,1600,Hatchback,880000.0,0,0,0,0,1,0,0,0,0,0,0,0,0,0,0,0,0,0,0,0,0
Renault,Fluence,140000,2016,Benzine,Automatic,1600,Sedan,548000.0,1,0,0,0,1,0,0,0,0,0,0,0,0,0,0,0,0,0,0,0,0
Mercedes-Benz,CLA 200,91000,2014,Benzine,Automatic,1600,Sedan,1250000.0,1,0,0,0,1,0,0,0,0,0,1,0,1,0,0,0,0,0,0,1,0
Peugeot,406,455000,2002,Benzine,Automatic,2000,Sedan,280000.0,0,0,0,0,0,0,0,0,0,0,0,0,0,0,0,0,0,0,0,0,0
Peugeot,301,92000,2016,Benzine,Automatic,1600,Sedan,510000.0,1,0,1,0,1,1,0,0,1,0,0,0,0,0,0,0,0,1,1,0,0
Skoda,Octavia,177000,1998,Benzine,Automatic,1600,Sedan,340000.0,0,0,0,0,1,0,0,0,0,0,0,0,0,0,0,0,0,1,0,0,0
Hyundai,Verna,190000,2017,Benzine,Automatic,1599,Sedan,380000.0,0,0,1,0,0,0,0,0,0,0,0,0,0,0,0,0,0,0,0,0,0
Peugeot,505,300000,1980,Benzine,Manual,2000,Sedan,160000.0,1,0,1,0,0,0,0,0,0,0,0,0,0,0,0,0,0,0,0,0,0
Peugeot,406,340000,2002,Benzine,Automatic,2000,Sedan,270000.0,0,1,1,0,0,0,0,0,0,0,0,0,0,0,0,0,0,0,0,0,0
Peugeot,405,236000,1989,Benzine,Manual,1600,Sedan,150000.0,1,0,1,0,0,0,0,0,1,0,0,0,0,0,0,0,0,0,0,0,0
Kia,Spectra,190000,2005,Benzine,Automatic,1600,Sedan,290000.0,1,0,0,0,0,0,0,0,1,0,0,0,0,0,0,0,0,0,0,0,0
Kia,Sephia,230000,2001,Benzine,Manual,1500,Sedan,185000.0,0,0,1,0,0,0,0,0,0,0,0,0,0,0,0,0,0,1,0,0,0
Daewoo,Lanos,241000,1999,Benzine,Manual,1500,Sedan,230000.0,1,0,1,0,1,0,0,0,0,0,1,0,0,1,0,0,0,1,0,0,0
Renault,Sandero Stepway,44000,2020,Benzine,Automatic,1600,Hatchback,620000.0,0,1,0,0,0,1,0,0,0,0,0,0,0,0,0,0,0,0,0,0,0
Speranza,A516,185000,2007,Benzine,Manual,1600,Sedan,210000.0,0,0,0,0,0,0,0,0,0,0,0,0,0,0,0,0,0,0,0,0,0
Skoda,Superb,165000,2021,Benzine,Automatic,1400,Sedan,1550000.0,1,0,0,0,0,0,0,0,0,0,0,0,0,0,0,0,0,0,0,0,0
Chevrolet,Optra,246000,2010,Benzine,Automatic,1600,Sedan,370000.0,1,0,1,0,0,0,0,0,1,1,1,0,0,0,0,0,0,0,0,0,0
BMW,523,197000,1998,Benzine,Automatic,2300,Sedan,390000.0,1,0,0,0,0,0,0,0,0,0,0,0,0,0,0,0,0,0,0,0,0
Fiat,Tipo,26000,2024,Benzine,Automatic,1600,Sedan,995000.0,0,1,1,0,0,0,0,0,1,0,0,0,0,0,0,0,0,0,0,0,0
Honda,Civic,88000,2018,Benzine,Automatic,1500,Sedan,1280000.0,0,0,0,0,1,0,0,0,0,0,0,0,0,0,0,0,0,0,0,0,0
Hyundai,Excel,2000,1994,Benzine,Manual,1300,Sedan,145000.0,0,0,0,0,0,0,0,0,0,0,0,0,0,0,0,0,0,0,0,0,0
Skoda,Fabia,220000,2001,Benzine,Manual,1400,Hatchback,200000.0,0,0,0,0,0,0,0,0,0,0,0,0,0,0,0,0,0,0,0,0,0
Renault,Logan,255000,2011,Benzine,Manual,1600,Sedan,230000.0,0,0,1,1,0,0,0,0,0,0,0,0,0,0,0,0,0,0,0,0,0
Mercedes-Benz,C350,310000,2012,Benzine,Automatic,3500,Sedan,1550000.0,0,0,0,0,0,0,0,0,0,0,0,0,0,0,0,0,0,0,0,0,0
Chevrolet,Optra,216000,2009,Benzine,Automatic,1600,Sedan,430000.0,1,0,0,0,0,0,0,0,0,0,0,0,0,0,0,0,0,1,0,1,0
Chevrolet,Aveo,254000,2008,Benzine,Automatic,1500,Sedan,330000.0,1,0,1,1,1,0,0,0,1,0,0,0,0,0,0,0,0,0,0,0,0
Fiat,1300,50000,2007,Benzine,Manual,1300,Hatchback,300000.0,1,0,1,0,0,0,0,0,1,0,0,0,0,0,0,0,0,1,0,0,1
Chevrolet,Lanos,328000,2011,Benzine,Manual,1500,Sedan,210000.0,0,0,0,1,0,0,0,0,0,0,0,0,0,0,0,0,0,0,0,0,0
Mercedes-Benz,E200,140000,2016,Benzine,Automatic,2000,Sedan,2450000.0,0,0,0,0,0,0,0,0,0,0,0,0,0,0,0,0,0,1,0,0,0
Skoda,Octavia,200000,2000,Benzine,Automatic,2000,Sedan,335000.0,1,0,0,0,0,0,0,0,0,0,0,0,0,0,0,1,0,1,0,0,0
Mercedes-Benz,C180,138000,2015,Benzine,Automatic,1600,Sedan,1650000.0,1,0,0,0,0,0,0,0,0,0,0,0,0,0,0,0,0,0,0,0,0
Brilliance,Galena,174000,2007,Benzine,Automatic,2000,Sedan,290000.0,1,0,1,0,0,0,0,0,0,0,0,0,0,0,0,0,0,0,0,0,0
Proton,Gen-2,380000,2007,Natural Gas,Automatic,1600,Sedan,275000.0,1,0,1,1,0,0,0,0,0,0,0,0,0,0,0,0,0,0,0,0,0
Renault,Logan,80000,2016,Benzine,Manual,1600,Sedan,300000.0,1,0,0,0,0,0,0,0,0,0,0,0,0,0,0,0,0,0,0,0,0
Opel,Mokka,5000,2024,Benzine,Automatic,1200,SUV,1250000.0,1,1,0,0,0,0,0,0,1,1,1,0,1,0,1,1,1,1,0,0,0
MG,MG 5,70000,2021,Benzine,Automatic,1600,Sedan,690000.0,0,0,0,0,0,0,0,0,0,0,0,0,0,0,0,0,0,0,0,0,0
Kia,Sportage,100000,2021,Benzine,Automatic,1600,SUV,1310000.0,1,0,0,0,0,0,0,0,0,0,0,0,0,0,0,0,0,0,0,0,0
Skoda,Superb,43000,2022,Benzine,Automatic,1400,Sedan,2000000.0,0,1,0,0,0,0,0,0,0,0,0,0,0,0,0,0,0,0,0,0,0
MG,MG 6,140000,2020,Benzine,Automatic,1500,Sedan,760000.0,1,0,0,0,1,0,0,0,0,0,0,0,0,0,0,0,0,0,0,0,0
MG,MG 1,20000,2025,Benzine,Automatic,1500,SUV,1225000.0,0,0,0,0,0,0,0,0,0,0,0,0,0,0,0,0,0,0,0,0,0
Seat,Ateca,99000,2018,Benzine,Automatic,1400,SUV,1130000.0,1,0,0,0,0,1,0,0,0,0,0,0,0,0,0,0,0,0,0,0,0
Kia,Sportage,172000,2020,Benzine,Automatic,1600,SUV,1400000.0,1,0,0,0,0,0,0,0,0,0,0,0,0,0,0,0,0,0,0,0,0
Chrysler,Neon,120000,2000,Benzine,Automatic,2000,Sedan,260000.0,0,1,1,0,0,0,0,0,0,0,0,0,0,1,0,0,0,1,0,0,0
BYD,F3,170000,2021,Benzine,Manual,1497,Sedan,450000.0,1,0,0,0,0,0,0,0,0,0,0,0,0,0,0,0,0,0,0,0,0
Toyota,Yaris,300000,2008,Benzine,Manual,1300,Sedan,350000.0,1,0,0,0,0,0,0,0,0,0,0,0,0,0,0,0,0,0,0,0,0
Mitsubishi,Lancer,85000,2017,Benzine,Automatic,1600,Sedan,680000.0,0,0,0,0,0,0,0,0,0,0,0,0,0,0,0,0,0,0,0,0,0
Seat,Leon,160000,2020,Benzine,Automatic,1600,Hatchback,875000.0,1,0,0,0,0,0,0,0,0,1,1,0,1,0,0,1,1,1,0,0,0
Renault,Megane,1400,2026,Benzine,Automatic,1600,Sedan,1070000.0,0,1,0,0,0,0,0,0,0,0,0,0,0,0,0,0,0,0,0,0,0
Nissan,Qashqai,17000,2025,Benzine,Automatic,1300,SUV,1380000.0,1,0,0,0,0,1,0,0,0,0,0,0,0,0,0,0,0,0,0,0,0
Chevrolet,Optra,107000,2008,Benzine,Automatic,1600,Sedan,350000.0,0,0,0,0,0,0,0,0,0,0,0,0,0,0,0,0,0,0,0,0,0
Nissan,Sunny,37000,2022,Benzine,Automatic,1500,Sedan,560000.0,1,0,1,0,0,0,0,0,0,0,0,0,0,0,0,0,0,0,0,0,0
Renault,Megane,149000,2019,Benzine,Automatic,1600,Sedan,690000.0,0,0,0,0,0,0,0,0,0,0,0,0,0,0,0,0,0,0,0,0,0
BMW,X1,30000,2024,Benzine,Automatic,1499,SUV,2650000.0,0,1,0,0,0,0,0,0,0,0,0,0,0,0,0,0,0,0,0,0,0
Fiat,Uno,20000,2000,Benzine,Manual,1000,Hatchback,160000.0,1,0,1,0,1,0,0,0,0,0,0,0,0,0,0,0,0,0,0,0,0
Renault,Kadjar,62000,2018,Benzine,Automatic,1200,Hatchback,830000.0,1,0,1,0,0,1,0,0,1,1,0,0,0,0,1,0,0,1,1,0,0
Skoda,Octavia,250000,2003,Benzine,Automatic,1600,Sedan,400000.0,1,1,1,0,0,0,0,0,0,0,0,0,0,0,0,0,0,1,0,0,0
BMW,320,95000,2018,Benzine,Automatic,2000,Sedan,1650000.0,1,0,0,0,0,1,0,0,0,0,0,0,0,0,0,0,0,0,0,0,0
Kia,Sorento,100000,2019,Benzine,Automatic,3500,SUV,1375000.0,1,0,0,0,1,0,0,0,0,0,0,0,0,0,0,0,0,0,0,0,0
Hyundai,Matrix,125000,2006,Benzine,Automatic,1600,Hatchback,450000.0,1,0,0,0,0,0,0,0,0,1,1,1,0,1,0,1,1,1,0,1,0
Kia,Rio,137000,2013,Benzine,Automatic,1600,Hatchback,560000.0,1,0,0,0,0,0,0,0,0,0,0,0,0,0,0,0,0,0,0,0,0
MG,HS,50000,2021,Benzine,Automatic,1500,SUV,1100000.0,0,0,1,0,0,0,0,1,1,0,1,1,1,0,0,0,1,1,0,0,0
Ford,Escort,300000,1998,Benzine,Manual,1600,Sedan,160000.0,1,0,0,0,0,0,0,0,0,0,0,0,0,0,0,0,0,0,0,0,0
Skoda,Fabia,170000,2002,Benzine,Manual,1300,Sedan,225000.0,1,1,0,0,0,0,0,0,0,0,0,0,0,0,0,0,0,0,0,0,0
Fiat,Punto,130000,2009,Benzine,Manual,1300,Hatchback,235000.0,1,0,0,0,0,0,0,0,0,0,0,0,0,0,0,0,0,1,0,0,0
Chevrolet,Spark,85000,2008,Benzine,Manual,1000,Hatchback,245000.0,1,0,0,0,0,0,0,0,0,0,0,0,0,0,0,0,0,0,0,0,0
Jetour,X95,57000,2022,Benzine,Automatic,1600,SUV,1150000.0,0,0,0,0,1,0,0,0,0,0,0,0,0,0,0,0,0,0,0,1,0
Nissan,Sunny,90000,2018,Benzine,Automatic,1600,Sedan,530000.0,0,0,1,0,0,0,0,0,1,0,0,0,0,0,0,0,0,0,0,0,0
Renault,Logan,220000,2010,Benzine,Manual,1600,Sedan,270000.0,0,0,0,0,0,0,0,0,0,0,0,0,0,0,0,0,0,1,0,0,0
Hyundai,Excel,300000,1995,Benzine,Manual,1500,Sedan,140000.0,1,0,1,0,0,0,0,0,1,0,0,0,0,1,0,0,0,0,0,0,0
Peugeot,5008,66000,2021,Benzine,Automatic,1600,Estate,1390000.0,1,0,1,0,0,1,0,0,0,0,0,0,0,0,0,0,0,0,0,0,0
Toyota,C-HR,104000,2017,Benzine,Automatic,1200,SUV,865000.0,1,0,0,0,0,0,0,0,0,0,0,0,0,0,0,0,0,0,0,0,0
Nissan,Sentra,160000,2017,Benzine,Automatic,1600,Sedan,618000.0,1,0,0,0,0,0,0,0,0,0,0,0,0,0,0,0,0,0,0,0,0
Hyundai,Grand I10,113000,2011,Benzine,Manual,1300,Hatchback,345000.0,1,0,0,0,0,0,0,0,0,0,0,0,0,0,0,0,0,0,0,0,0
BMW,520,219000,2017,Benzine,Automatic,2000,Sedan,1550000.0,1,0,0,0,0,0,0,0,0,0,0,0,0,0,0,0,0,0,0,0,0
Subaru,XV,265000,2019,Benzine,Automatic,1600,SUV,950000.0,1,1,0,0,0,0,0,0,1,0,0,0,0,0,0,0,0,0,0,0,0
Honda,Civic,220000,2012,Benzine,Automatic,1600,Sedan,675000.0,1,0,1,0,0,0,0,0,0,0,0,0,0,0,0,0,0,0,0,0,0
Renault,Kadjar,166000,2019,Benzine,Automatic,1200,SUV,775000.0,1,1,0,0,0,0,0,0,1,0,0,0,0,0,1,0,0,0,0,0,0
Seat,Toledo,108000,2019,Benzine,Automatic,1600,Sedan,800000.0,1,0,1,1,0,0,0,0,0,0,0,0,0,0,0,0,0,0,0,0,0
Skoda,Octavia,215000,1998,Benzine,Automatic,1600,Sedan,390000.0,1,0,1,0,1,0,0,0,1,0,0,0,0,1,0,0,1,1,0,0,0
Kia,Soul,140000,2015,Benzine,Automatic,1600,Hatchback,790000.0,1,0,0,0,0,0,0,0,0,0,0,0,0,0,0,0,0,0,0,0,0
Chevrolet,Lanos,250000,2009,Benzine,Manual,1500,Sedan,300000.0,1,0,0,0,0,0,0,0,0,0,0,0,0,0,0,0,0,0,0,0,0
Honda,City,155000,2016,Benzine,Automatic,1500,Sedan,750000.0,1,0,0,0,0,0,0,0,0,0,0,0,0,0,0,0,0,0,0,0,0
Renault,Fluence,180000,2016,Benzine,Automatic,1600,Sedan,560000.0,1,0,0,0,0,1,0,0,0,0,0,0,0,0,0,0,0,0,0,0,0
Opel,Grandland,156000,2022,Benzine,Automatic,1600,SUV,1250000.0,0,0,0,0,0,0,0,0,0,0,0,0,0,0,0,0,0,1,0,0,0
MG,HS,24500,2025,Benzine,Automatic,1500,SUV,1300000.0,1,0,0,1,0,0,0,0,0,0,0,0,0,0,0,0,0,0,0,0,0
Hyundai,Tucson,200000,2018,Benzine,Automatic,1600,Hatchback,1100000.0,0,0,0,0,0,0,0,0,0,0,0,0,0,0,0,0,0,0,0,0,0
Mercedes-Benz,C200,175000,2019,Benzine,Automatic,1500,Sedan,1880000.0,1,0,0,0,0,1,0,0,0,0,0,0,0,0,0,0,0,0,0,0,0
Mitsubishi,Lancer,150000,2015,Benzine,Automatic,1600,Sedan,620000.0,1,0,0,0,0,0,0,0,0,0,0,0,0,0,0,0,0,0,0,0,0
Skoda,Felecia,166000,1997,Benzine,Manual,1600,Hatchback,150000.0,1,0,0,0,0,0,0,0,0,0,0,0,0,0,0,0,0,0,0,0,0
Mitsubishi,Lancer,221500,1998,Benzine,Manual,1300,Sedan,240000.0,0,0,0,0,0,0,0,0,0,0,0,0,0,0,0,0,0,1,0,0,0
Mitsubishi,Lancer,250000,1998,Benzine,Manual,1300,Sedan,195000.0,0,0,0,0,0,0,0,0,0,0,0,0,0,0,0,0,0,0,0,0,0
Kia,Sportage,198000,2015,Benzine,Automatic,1600,SUV,880000.0,1,0,1,0,0,0,0,0,1,0,0,0,0,0,1,0,0,0,0,0,0
Kia,Shuma,180000,1999,Benzine,Automatic,1600,Sedan,225000.0,1,0,0,0,0,0,0,0,0,0,0,0,0,0,0,0,0,0,0,0,0
BMW,320,260000,2010,Benzine,Automatic,2000,Sedan,800000.0,0,0,1,0,1,0,0,0,0,0,0,0,0,0,0,0,0,1,0,0,0
Kia,Cerato,300,2010,Benzine,Automatic,1600,Sedan,530000.0,0,0,1,0,0,0,0,0,0,0,0,0,0,0,0,1,1,0,0,0,0
Proton,Saga,150000,2020,Benzine,Automatic,1300,Sedan,420000.0,0,0,0,0,0,0,0,0,0,0,0,0,0,0,0,0,0,0,0,0,1
Renault,Logan,223000,2013,Benzine,Automatic,1600,Sedan,280000.0,1,0,1,1,0,0,0,0,0,0,0,0,0,0,0,0,0,1,0,0,0
Speranza,Tiggo,77000,2010,Benzine,Manual,1600,Estate,350000.0,0,0,0,0,0,0,0,0,0,0,0,0,0,0,0,0,0,0,0,0,0
Renault,Logan,175500,2017,Benzine,Automatic,1600,Sedan,450000.0,0,0,1,0,0,0,0,0,1,0,1,0,0,1,0,0,0,1,0,0,0
Speranza,A516,400,2011,Benzine,Manual,1600,Sedan,170000.0,0,0,0,0,0,0,0,0,0,0,0,0,0,0,0,0,0,0,0,0,0
Peugeot,3008,128000,2019,Benzine,Automatic,1600,SUV,1150000.0,1,0,0,0,0,0,0,0,0,0,0,0,0,0,0,0,0,0,0,0,0
Hyundai,Verna,260000,2008,Natural Gas,Manual,1600,Sedan,300000.0,1,0,1,0,0,0,0,0,0,0,0,0,0,0,0,0,0,0,0,0,0
Mercedes-Benz,C200,193000,2009,Benzine,Automatic,2000,Sedan,1000000.0,1,0,0,0,0,1,0,0,0,0,0,0,0,0,0,0,0,0,0,0,0
Nissan,Sunny,38000,2022,Benzine,Automatic,1600,Sedan,625000.0,1,0,1,0,0,0,0,0,0,0,0,0,0,0,0,0,0,0,0,0,0
Chevrolet,Aveo,103000,2015,Benzine,Automatic,1500,Sedan,425000.0,0,0,1,0,0,0,0,0,0,0,0,0,0,0,0,0,0,0,0,0,0
Opel,Crossland,39000,2021,Benzine,Automatic,1200,SUV,850000.0,0,0,0,0,0,0,0,0,0,0,0,0,0,0,0,0,0,0,0,0,0
Fiat,Siena,27000,2001,Benzine,Manual,1400,Sedan,125000.0,1,1,1,0,0,0,0,0,0,0,0,0,0,0,0,0,0,0,0,0,0
Jaguar,XF,25000,2015,Benzine,Automatic,2000,Sedan,1350000.0,1,0,1,0,0,0,0,0,0,0,0,0,0,0,0,0,0,0,0,0,0
Fiat,Tipo,78000,2022,Benzine,Automatic,1600,Sedan,900000.0,1,0,0,0,0,0,0,0,0,1,0,1,0,1,0,0,1,0,1,0,0
Hyundai,Atos,222000,2002,Benzine,Manual,1000,Hatchback,170000.0,1,0,0,0,0,0,0,0,0,0,0,0,0,0,0,0,0,1,0,0,0
Peugeot,407,235000,2007,Benzine,Manual,1800,Sedan,360000.0,0,0,1,0,1,0,0,0,0,0,0,0,0,0,0,0,0,0,0,0,0
Skoda,Kodiaq,115000,2021,Benzine,Automatic,1400,Estate,2050000.0,1,0,0,0,0,0,0,0,0,0,0,0,0,0,0,0,0,0,0,0,0
Alfa Romeo,Giulia,55000,2022,Benzine,Automatic,2000,Sedan,2050000.0,0,0,0,0,0,0,0,0,0,0,0,0,0,0,0,0,0,1,0,0,0
Chevrolet,N300,300000,2020,Natural Gas,Manual,1600,Van / Bus,500000.0,0,1,0,0,0,0,0,0,0,0,0,0,0,0,0,0,0,0,0,0,0
BMW,316,166000,2014,Benzine,Automatic,1600,Sedan,995000.0,1,0,0,0,0,0,0,0,1,1,1,1,1,0,1,1,0,0,1,1,0
Chevrolet,Cruze,280000,2010,Benzine,Automatic,1600,Sedan,250000.0,0,1,1,0,0,0,0,0,0,0,0,0,0,0,0,0,0,0,0,0,0
Volkswagen,Jetta,330000,2009,Benzine,Automatic,1600,Sedan,625000.0,0,0,1,0,0,0,0,1,1,1,1,0,0,0,0,1,1,1,0,0,0
Renault,Duster,191000,2018,Benzine,Automatic,1600,Hatchback,530000.0,1,0,0,0,0,0,0,0,0,0,0,0,0,0,0,0,0,0,0,0,0
Jeep,Wrangler,180000,2010,Benzine,Automatic,3800,4X4,945000.0,0,1,1,0,0,0,0,0,0,0,0,0,0,0,0,0,0,0,0,0,1
BMW,X3,200000,2013,Benzine,Automatic,2000,SUV,1070000.0,1,0,0,0,1,0,0,0,0,0,0,0,0,0,0,0,0,0,0,0,0
Peugeot,308 SW,210000,2010,Benzine,Automatic,1600,Hatchback,360000.0,0,0,1,0,0,0,0,0,1,0,0,0,1,0,0,0,1,0,0,0,0
Nissan,Sunny,400000,2001,Benzine,Automatic,1300,Sedan,325000.0,1,1,0,0,0,0,0,0,0,0,0,0,0,0,0,0,0,1,0,1,0
Chevrolet,Optra,365000,2010,Benzine,Automatic,1600,Sedan,390000.0,0,0,0,0,0,0,0,0,0,0,0,0,0,0,0,0,0,0,0,0,0
Hyundai,Excel,250000,1998,Benzine,Manual,1500,Sedan,210000.0,1,1,0,0,0,0,0,0,0,0,0,0,0,0,0,0,0,0,0,0,0
Skoda,Octavia,152000,2018,Benzine,Automatic,1800,Sedan,950000.0,0,0,0,0,0,0,0,0,0,0,0,0,0,0,0,0,0,0,0,0,0
Kia,Rio,127000,2016,Benzine,Automatic,1400,Hatchback,665000.0,0,0,1,0,0,0,0,0,0,0,1,0,0,0,0,0,0,0,1,0,0
Citroen,C Elysee,100000,2021,Benzine,Automatic,1600,Sedan,570000.0,1,1,0,0,0,0,0,0,0,0,0,0,0,0,0,0,0,0,0,0,1
Volkswagen,Passat,360000,1999,Benzine,Automatic,1600,Sedan,230000.0,0,0,0,0,0,0,0,0,0,0,0,0,0,0,0,0,0,0,0,0,0
Renault,Logan,206000,2015,Benzine,Manual,1600,Sedan,340000.0,0,0,1,1,0,0,0,0,0,0,0,0,0,0,0,0,0,0,0,0,0
Mercedes-Benz,C180,130000,2020,Benzine,Automatic,1500,Sedan,2150000.0,1,0,0,0,0,0,0,0,0,0,0,0,0,0,0,0,0,0,0,0,0
Renault,Megane,115000,2005,Benzine,Automatic,2000,Sedan,350000.0,1,0,1,0,0,0,0,0,0,0,0,0,0,0,0,0,0,0,0,0,0
Nissan,Sunny,42000,2020,Benzine,Automatic,1600,Sedan,750000.0,1,0,0,0,0,0,0,0,0,0,0,0,0,0,0,0,0,0,0,0,0
Chevrolet,Lanos,300000,2018,Benzine,Manual,1500,Sedan,360000.0,0,0,0,0,0,0,0,0,0,0,0,0,0,0,0,0,0,0,0,0,0
Mercedes-Benz,C300,100000,1989,Benzine,Automatic,2969,Sedan,335000.0,1,0,0,0,0,0,0,0,0,0,0,0,0,0,0,0,0,0,0,1,0
Nissan,Qashqai,105000,2017,Benzine,Automatic,1200,SUV,690000.0,1,0,0,0,0,0,0,0,0,0,0,0,0,0,0,0,0,0,0,0,0
Chevrolet,Optra,70000,2022,Benzine,Automatic,1600,Sedan,550000.0,0,0,0,0,0,0,0,0,0,0,0,0,0,0,0,0,0,0,0,0,0
Hyundai,Excel,300000,1998,Benzine,Manual,1300,Sedan,145000.0,1,0,1,0,0,0,0,0,0,0,0,0,0,0,0,0,0,0,0,0,0
Citroen,C3,269000,2003,Benzine,Manual,1400,Hatchback,250000.0,1,0,1,0,0,0,0,0,0,0,0,0,0,0,0,0,0,1,0,0,0
BMW,418,122000,2017,Benzine,Automatic,1500,Sedan,1250000.0,1,1,1,0,0,0,0,1,1,0,0,0,0,0,0,0,0,0,0,1,0
Mercedes-Benz,A200,220000,2015,Benzine,Automatic,2000,Sedan,1650000.0,1,0,1,0,1,1,0,0,1,1,1,0,0,0,0,0,0,1,0,0,0
Toyota,Yaris,100000,2009,Benzine,Automatic,1300,Sedan,500000.0,1,0,0,0,0,0,0,0,0,0,0,0,0,0,0,0,0,0,0,1,0
Renault,Logan,120000,2017,Natural Gas,Manual,1600,Sedan,300000.0,0,0,1,0,0,0,0,0,0,0,0,0,0,0,0,0,0,0,0,0,0
Kia,Pride,144000,2001,Benzine,Automatic,1300,Sedan,175000.0,1,0,0,0,0,0,0,0,0,0,0,0,0,0,0,0,0,0,0,0,0
Mitsubishi,Lancer,122000,2015,Benzine,Automatic,1600,Sedan,760000.0,1,0,0,0,0,0,0,0,0,1,1,0,0,0,0,0,0,0,0,0,0
Renault,19,200000,1999,Benzine,Manual,1400,Sedan,185000.0,0,0,0,0,0,0,0,0,0,0,0,0,0,0,0,0,0,1,1,0,0
Skoda,Octavia,193000,2003,Benzine,Automatic,1600,Sedan,400000.0,0,0,0,0,0,0,0,0,0,0,0,0,0,0,0,0,0,0,0,0,0
Toyota,Corolla,300000,2014,Benzine,Automatic,1800,Sedan,670000.0,0,0,0,0,0,0,0,0,0,0,0,0,0,0,0,0,0,0,0,0,0
BYD,F3,230000,2022,Benzine,Manual,1500,Sedan,420000.0,1,1,1,1,0,0,0,0,0,0,0,0,0,0,0,0,0,0,0,0,0
Daewoo,Lanos,350000,2005,Benzine,Manual,1500,Sedan,180000.0,1,0,1,0,0,0,0,0,0,0,0,0,0,0,0,0,0,0,0,0,0
Peugeot,405,246000,2004,Benzine,Manual,1600,Sedan,270000.0,1,0,0,0,0,0,0,0,0,0,0,0,0,0,0,0,0,0,0,0,0
MINI,Cooper,160000,2018,Benzine,Automatic,1500,Hatchback,950000.0,0,0,0,0,0,0,0,0,0,0,0,0,0,0,0,0,0,0,0,0,0
Ford,Focus,220000,2005,Benzine,Manual,1600,Sedan,290000.0,0,0,1,1,0,0,0,0,0,0,0,0,0,0,0,0,0,0,0,0,0
Nissan,Sunny,270000,2017,Benzine,Automatic,1500,Sedan,425000.0,1,0,1,0,0,0,0,0,0,0,0,0,0,0,0,1,1,0,0,0,0
Mercedes-Benz,B200,166000,2013,Benzine,Automatic,1600,Hatchback,850000.0,0,0,0,0,0,0,0,0,0,0,0,0,0,0,0,0,0,0,0,0,0
Jeep,Cherokee,161000,2011,Benzine,Automatic,3700,4X4,890000.0,1,0,1,0,0,0,0,1,0,0,0,0,0,0,0,0,0,0,0,0,0
Proton,Gen-2,250000,2014,Benzine,Automatic,1600,Sedan,425000.0,1,1,0,0,1,0,1,0,0,0,0,0,0,0,0,0,0,1,0,0,0
Daewoo,Lanos,300000,2004,Benzine,Manual,1500,Sedan,270000.0,1,1,1,0,1,0,0,0,1,0,0,0,0,0,0,0,0,0,0,0,0
Geely,Emgrand 7,320000,2016,Benzine,Manual,1600,Sedan,320000.0,1,0,1,0,0,0,0,0,0,0,0,0,0,0,0,0,0,0,0,0,0
Hyundai,Verna,182000,2008,Benzine,Manual,1600,Sedan,290000.0,1,0,1,0,0,0,0,0,1,0,0,0,0,0,0,0,0,1,0,1,0
Citroen,C4 Grand Picasso,120000,2020,Benzine,Automatic,1600,Hatchback,875000.0,0,0,0,0,0,0,0,0,0,1,1,1,1,0,0,0,0,1,0,0,0
Hyundai,Matrix,249000,2008,Benzine,Automatic,1600,Hatchback,400000.0,1,0,1,0,0,0,0,0,0,0,0,0,0,0,0,0,0,0,0,0,0
Volkswagen,Beetle,100000,1983,Benzine,Manual,1300,Hatchback,110000.0,0,0,0,0,0,0,0,0,0,1,1,1,0,0,1,0,0,0,0,0,0
Skoda,Octavia,70000,2009,Benzine,Automatic,1595,Estate,500000.0,0,1,0,0,0,0,0,0,0,0,0,0,0,0,0,0,0,0,0,0,0
Opel,Corsa,124000,2006,Benzine,Manual,1600,Sedan,420000.0,1,1,1,0,0,0,0,0,0,0,0,0,0,0,0,0,0,0,0,0,0
Volkswagen,Tiguan,118000,2021,Benzine,Automatic,1400,SUV,1650000.0,1,0,0,0,0,0,0,0,0,0,0,0,0,0,0,0,0,0,0,0,0
Kia,Sportage,225000,2014,Benzine,Automatic,1600,SUV,920000.0,0,0,0,0,0,0,0,0,0,0,0,0,0,0,0,0,0,1,0,0,0
BMW,X3,220000,2008,Benzine,Automatic,2000,4X4,650000.0,0,1,1,0,0,0,0,0,0,0,0,0,0,0,0,0,0,0,0,0,0
Hyundai,IX35,125000,2015,Benzine,Automatic,1600,Hatchback,1100000.0,1,0,0,0,0,0,0,0,0,0,0,0,0,0,0,0,0,0,0,0,0
Renault,Clio,96000,1997,Benzine,Manual,1400,Hatchback,130000.0,0,0,0,0,0,0,0,0,0,0,0,0,0,0,0,0,0,0,0,0,0
Mitsubishi,Lancer,245000,2008,Benzine,Automatic,1600,Sedan,500000.0,1,0,0,0,1,1,0,0,0,0,0,0,0,0,0,0,0,0,0,0,0
BMW,X3,190000,2014,Benzine,Automatic,3000,SUV,1175000.0,1,1,1,0,0,0,0,1,1,0,1,0,0,0,0,0,0,0,1,0,1
Suzuki,Dzire,114000,2022,Benzine,Automatic,1200,Sedan,600000.0,0,0,0,1,0,1,0,0,0,0,0,0,0,0,0,0,0,0,0,0,0
Mitsubishi,Lancer,174000,1999,Benzine,Manual,1500,Sedan,270000.0,1,0,1,0,0,0,0,0,0,0,0,0,0,0,0,0,0,0,0,0,0
Peugeot,508,198000,2012,Benzine,Automatic,1600,Sedan,550000.0,0,0,0,0,0,1,0,0,0,0,0,0,0,0,0,0,0,0,0,0,0
Great Wall,C30,215000,2014,Benzine,Automatic,1500,Sedan,350000.0,0,0,0,0,1,0,0,0,0,0,0,0,0,0,0,0,0,0,0,0,0
Opel,Crossland,120000,2019,Benzine,Automatic,1200,SUV,650000.0,0,0,1,0,0,0,0,0,0,0,0,0,0,0,0,0,0,0,0,0,0
Volkswagen,Parati,200000,2004,Benzine,Manual,1600,MPV,200000.0,0,1,1,0,0,0,0,0,0,0,0,0,0,0,0,0,0,0,1,0,0
Nissan,Sunny,350000,1995,Benzine,Manual,1300,Sedan,180000.0,0,0,0,0,0,0,0,0,0,0,0,0,0,0,0,0,0,0,0,0,0
BMW,316,171000,2013,Benzine,Automatic,1600,Sedan,980000.0,1,0,0,0,0,1,0,0,0,0,0,0,0,0,0,0,0,1,0,0,0
Ford,Mondeo,250000,1998,Benzine,Manual,2000,Sedan,190000.0,1,0,0,0,1,0,0,0,0,0,0,0,0,0,0,0,0,1,0,0,0
BMW,X5,160000,2017,Benzine,Automatic,4400,4X4,2250000.0,1,0,0,0,0,0,0,0,0,0,0,0,0,0,0,0,0,0,0,0,0
Nissan,Qashqai,67000,2021,Benzine,Automatic,1300,SUV,1100000.0,1,0,1,0,0,1,0,0,0,0,0,1,1,1,0,0,0,0,0,0,0
Mercedes-Benz,C200,240000,2012,Benzine,Automatic,1800,Sedan,1300000.0,1,0,0,0,0,0,0,0,0,0,0,0,0,0,0,0,0,0,0,0,0
Renault,Logan,226000,2012,Benzine,Manual,1600,Sedan,220000.0,0,0,0,0,0,0,0,0,0,0,0,0,0,0,0,0,0,0,0,0,0
BMW,520,100000,2017,Benzine,Automatic,2000,Sedan,1680000.0,1,0,0,0,0,0,0,0,0,0,0,0,0,0,0,0,0,0,0,0,0
Daewoo,Nubira,220000,2001,Benzine,Manual,1600,Sedan,215000.0,1,1,0,0,1,0,0,0,0,0,0,0,0,0,0,0,0,1,0,0,0
Mercedes-Benz,CLA 200,46000,2023,Benzine,Automatic,1300,Sports / Coupe,2050000.0,1,0,0,0,0,0,0,1,0,0,0,0,0,0,0,0,0,0,0,0,0
Citroen,C5 Aircross,79000,2022,Benzine,Automatic,1600,SUV,1450000.0,1,1,0,0,0,0,0,0,0,0,0,0,0,0,0,0,0,0,0,0,0
Opel,Insignia,126000,2017,Benzine,Automatic,1600,Sedan,875000.0,1,1,1,0,1,0,0,0,1,0,0,0,0,0,0,0,0,0,0,0,1
Daewoo,Lanos,300000,1997,Benzine,Manual,1498,Sedan,167000.0,0,1,0,0,0,0,0,0,0,0,0,0,0,0,0,0,0,0,0,1,0
Renault,Megane,63000,2021,Benzine,Automatic,1600,Sedan,730000.0,1,0,0,0,0,1,0,0,0,0,0,0,0,0,0,1,0,0,1,0,0
Citroen,C Elysee,290000,2015,Benzine,Automatic,1500,Sedan,415000.0,1,0,1,0,0,0,0,0,1,0,0,0,0,0,0,0,0,0,1,0,0
MINI,Cooper,21000,2024,Benzine,Automatic,1500,Hatchback,1840000.0,0,0,1,0,0,0,0,0,1,0,0,0,0,0,0,0,0,0,0,0,0
Jeep,Cherokee,335000,2010,Benzine,Automatic,3700,4X4,750000.0,0,0,0,0,1,0,0,0,0,0,0,0,0,0,0,0,0,0,0,0,0
Renault,Duster,94000,2021,Benzine,Automatic,1600,SUV,780000.0,0,0,0,0,0,1,0,0,0,0,0,0,0,0,0,0,0,0,0,0,0
Chevrolet,Lanos,60000,2014,Benzine,Manual,1500,Sedan,370000.0,1,0,0,0,0,0,0,0,0,0,0,0,0,0,0,0,0,0,0,0,0
Opel,Grandland,62000,2019,Benzine,Automatic,1600,Hatchback,1200000.0,0,0,1,0,0,0,0,0,1,0,0,0,0,1,0,0,0,1,0,0,0
Chevrolet,Cruze,380000,2010,Benzine,Automatic,1600,Sedan,400000.0,1,0,1,0,0,0,0,0,0,0,0,0,0,0,0,0,0,0,0,0,0
Opel,Corsa,126000,2014,Benzine,Automatic,1400,Hatchback,550000.0,1,0,0,0,0,0,0,0,0,0,0,1,0,0,0,0,0,0,0,0,0
Fiat,Shahin,190000,1998,Benzine,Manual,1400,Sedan,120000.0,1,0,1,0,0,0,0,0,0,0,0,0,0,0,0,0,0,0,0,0,0
Ford,Focus,131000,2018,Benzine,Automatic,1000,Sedan,635000.0,1,1,0,0,0,0,0,0,0,0,0,0,0,0,0,0,0,0,0,0,0
Hyundai,Verna,133000,2011,Benzine,Automatic,1600,Sedan,385000.0,0,0,0,0,0,0,0,0,0,0,0,0,0,0,0,0,0,0,0,0,0
Fiat,Siena,280000,2000,Benzine,Manual,1600,Sedan,135000.0,0,0,0,0,1,0,0,0,0,0,0,0,0,0,0,0,0,1,0,0,0
BMW,X2,11600,2024,Benzine,Automatic,1500,SUV,2650000.0,0,0,0,0,0,0,0,0,0,0,0,0,0,0,0,0,0,0,0,0,0
Daewoo,Nubira,300000,2005,Benzine,Manual,1600,Sedan,250000.0,1,1,0,0,0,0,0,0,0,0,0,0,0,1,0,0,0,0,0,0,0
Kia,Picanto,81500,2013,Benzine,Manual,1300,Hatchback,350000.0,0,1,1,0,0,0,0,0,0,0,0,0,0,0,0,0,0,1,0,1,0
Hyundai,Elantra,56000,2021,Benzine,Automatic,1600,Sedan,1050000.0,0,0,0,0,0,0,0,0,0,0,0,0,0,0,0,0,0,1,0,0,0
Speranza,A516,260000,2007,Diesel,Manual,1600,Sedan,220000.0,0,0,1,0,0,0,0,0,0,0,0,0,0,0,0,0,0,0,0,0,0
Citroen,Xsara,350000,2001,Benzine,Automatic,1600,Sedan,200000.0,1,0,0,0,1,0,0,0,0,0,0,0,0,0,0,0,0,1,0,0,0
Changan,V7,85000,2017,Benzine,Automatic,1600,Sedan,500000.0,1,0,0,0,0,0,0,0,0,0,0,0,0,0,1,1,0,1,0,0,0
Hyundai,Elantra,130000,2012,Benzine,Automatic,1600,Sedan,610000.0,1,0,0,0,0,0,0,0,0,1,0,0,0,0,0,0,0,0,0,0,0
BYD,F3,103000,2021,Benzine,Manual,1500,Sedan,540000.0,1,0,1,0,0,0,0,0,1,0,0,0,0,0,0,0,0,1,0,0,0
Renault,Clio,300000,2001,Benzine,Manual,1400,Sedan,120000.0,0,0,1,0,0,0,0,0,0,0,0,0,0,0,0,0,0,1,0,0,0
Mercedes-Benz,C180,11000,2018,Benzine,Automatic,1500,Sedan,2550000.0,0,1,0,0,0,0,0,0,0,0,0,0,0,0,0,0,0,0,0,0,0
Renault,Optima,175000,1997,Benzine,Manual,1300,Sedan,130000.0,1,0,0,0,0,0,0,0,0,0,0,0,0,0,0,0,0,0,0,0,0
Skoda,Felecia,198000,1997,Benzine,Manual,1300,Hatchback,120000.0,0,0,0,0,0,0,0,0,0,0,0,0,0,0,0,0,0,0,0,0,0
Hyundai,Accent,250000,2006,Natural Gas,Manual,1300,Sedan,195000.0,1,0,0,0,0,0,0,0,0,0,0,0,0,0,0,0,0,0,0,0,0
Nissan,Qashqai,175000,2021,Benzine,Automatic,1300,SUV,850000.0,1,1,0,0,0,1,0,0,1,0,0,0,0,0,0,0,0,0,0,0,1
Toyota,Corolla,38000,2024,Benzine,Automatic,1600,Sedan,1230000.0,1,1,1,0,0,1,0,0,1,0,0,0,0,0,0,0,0,0,0,0,0
Jeep,Wrangler,280000,2013,Benzine,Automatic,3600,4X4,1050000.0,1,0,0,0,0,0,0,0,0,0,0,0,0,0,0,0,0,1,0,0,0
Kia,Sportage,94000,2012,Benzine,Automatic,1600,SUV,860000.0,1,0,0,0,0,0,0,0,0,0,0,0,0,0,0,0,0,0,0,0,0
MINI,Cooper s,30000,2023,Benzine,Automatic,2000,Hatchback,2290000.0,0,0,0,0,0,0,0,0,0,0,0,0,0,0,0,0,0,0,0,0,0
Honda,Civic,108000,2017,Benzine,Automatic,1600,Sedan,980000.0,1,0,0,0,0,0,0,0,0,0,0,0,0,0,0,0,0,0,0,0,0
Suzuki,Ciaz,230000,2015,Benzine,Automatic,1400,Sedan,600000.0,1,1,0,0,0,0,0,0,0,0,0,0,0,0,0,0,0,0,0,0,0
Nissan,Sentra,146000,2017,Benzine,Automatic,1600,Sedan,560000.0,1,0,0,0,1,0,0,0,1,0,0,0,0,0,1,0,0,0,0,0,0
Volvo,s60,217000,2011,Benzine,Automatic,1599,Sedan,600000.0,0,0,1,0,0,0,0,0,0,0,0,0,0,0,0,0,0,0,0,0,0
Daewoo,Nubira,290000,1999,Benzine,Manual,1500,Sedan,170000.0,1,0,0,0,0,0,0,0,0,0,0,0,0,0,0,0,0,1,0,1,0
Toyota,Corolla,194000,2019,Benzine,Automatic,1600,Sedan,785000.0,1,0,0,0,0,0,0,0,0,0,0,0,0,0,0,0,0,0,0,0,0
Chevrolet,Aveo,220000,2011,Benzine,Manual,1500,Sedan,270000.0,1,0,1,0,0,0,0,0,0,0,0,0,0,0,0,0,0,0,0,0,0
Mercedes-Benz,C180,120000,2013,Benzine,Automatic,1600,Sedan,1250000.0,0,1,1,0,0,0,0,0,1,1,0,0,0,0,0,1,0,0,0,0,0
Ford,Focus,215000,2002,Benzine,Manual,1800,Sedan,285000.0,1,1,1,0,0,0,0,0,0,0,0,0,0,0,0,0,0,0,0,0,0
Nissan,Qashqai,50000,2020,Benzine,Automatic,1200,SUV,950000.0,1,0,0,0,0,1,0,0,0,0,0,0,0,0,0,0,0,0,0,0,0
Chery,Tiggo,164000,2009,Benzine,Automatic,2000,SUV,330000.0,1,0,0,0,1,0,0,0,0,0,0,0,0,0,0,0,0,1,0,0,0
Peugeot,3008,170000,2015,Benzine,Automatic,1600,SUV,570000.0,1,0,0,0,0,0,0,0,0,0,0,0,0,0,0,0,0,0,0,0,0
Kia,Cerato,150000,2010,Benzine,Automatic,1600,Sedan,570000.0,1,0,0,0,0,0,0,1,0,0,1,0,0,0,0,0,1,0,0,0,0
Chevrolet,Lanos,197000,2013,Benzine,Manual,1500,Sedan,300000.0,1,0,0,0,1,0,0,0,0,0,0,0,0,0,0,0,0,0,0,1,0
Volkswagen,Passat,250000,2011,Benzine,Automatic,1400,Sedan,750000.0,0,0,0,0,0,0,0,1,0,1,1,0,0,1,0,1,1,1,1,0,0
Nissan,Qashqai,135000,2016,Benzine,Automatic,1200,Hatchback,680000.0,1,0,0,0,0,0,0,1,0,0,0,0,1,0,1,1,1,0,0,1,0
BMW,X1,146000,2018,Benzine,Automatic,2000,SUV,1250000.0,1,0,1,0,0,0,0,0,0,0,0,0,0,0,0,0,0,0,0,0,0
Chery,Tiggo 7 Pro,90000,2022,Benzine,Automatic,1500,SUV,900000.0,1,1,0,0,0,0,0,0,0,0,0,0,0,0,0,0,0,0,0,1,0
Mitsubishi,Lancer,386000,1996,Benzine,Manual,1500,Sedan,290000.0,0,0,0,0,0,0,0,0,0,0,0,0,0,0,0,0,0,0,0,0,0
Nissan,Sunny,113000,2010,Benzine,Manual,1600,Sedan,298000.0,0,0,0,0,0,0,0,0,0,0,0,0,0,0,0,0,0,0,0,0,0
BMW,316,93000,2015,Benzine,Automatic,1600,Sedan,1150000.0,0,0,0,0,0,0,0,0,0,1,0,0,0,0,0,0,0,1,0,0,0
Mitsubishi,Lancer,222000,2013,Benzine,Automatic,1600,Sedan,560000.0,1,0,0,0,0,0,0,0,0,0,0,0,0,0,0,0,0,1,0,0,0
Geely,Pandido,101000,2012,Benzine,Automatic,1300,Hatchback,265000.0,1,0,1,0,0,0,0,0,0,0,0,0,0,0,0,0,0,0,0,0,0
Hyundai,Elantra,232000,2006,Benzine,Manual,1600,Sedan,380000.0,1,0,1,0,0,0,0,0,0,0,0,0,0,0,0,0,0,0,0,0,0
Chevrolet,Pickup/Dababa,300000,1994,Diesel,Manual,1600,Pickup,250000.0,0,0,0,0,0,0,0,0,0,0,0,0,0,0,0,0,0,0,0,0,0
MG,MG 5,62000,2020,Benzine,Automatic,1600,Sedan,650000.0,1,1,0,0,1,0,0,0,0,0,0,0,0,0,0,0,0,0,0,0,1
Mercedes-Benz,C180,245000,2004,Benzine,Automatic,1800,Sedan,650000.0,0,0,0,0,0,0,0,0,0,0,0,1,0,0,0,0,0,1,0,0,0
Mercedes-Benz,C180,200000,2013,Benzine,Automatic,1600,Sedan,1120000.0,1,1,0,0,0,0,0,0,0,0,0,0,0,0,0,0,0,0,0,0,0
Daewoo,Nubira,230000,2009,Benzine,Manual,1600,Sedan,300000.0,1,0,0,0,0,0,0,0,0,0,0,0,0,0,0,0,0,0,0,0,0
Mercedes-Benz,C200,157000,2013,Benzine,Automatic,1800,Sedan,1340000.0,1,0,0,0,0,0,0,0,0,0,0,0,0,0,0,0,0,0,0,0,0
Skoda,Octavia,24000,2023,Benzine,Automatic,1400,Sedan,1400000.0,1,1,0,0,0,0,0,0,0,0,0,0,0,0,0,0,0,0,0,0,0
Volkswagen,Golf,170000,1999,Benzine,Automatic,2000,Hatchback,380000.0,1,0,1,0,0,0,0,0,1,0,0,0,0,0,0,0,0,1,0,0,0
BMW,520,165000,2015,Benzine,Automatic,2000,Sedan,1500000.0,1,0,1,0,1,0,1,1,1,0,1,0,1,0,0,0,0,1,0,1,0
Opel,Vectra,260000,2002,Benzine,Automatic,2000,Sedan,280000.0,0,0,1,0,0,0,0,0,1,0,0,0,0,0,0,1,1,1,0,0,0
BMW,318,400000,2000,Benzine,Automatic,2000,Sedan,370000.0,1,0,1,0,0,0,0,0,0,0,0,0,0,0,0,0,0,0,0,0,0
Nissan,Sunny,150000,2008,Benzine,Automatic,1600,Sedan,400000.0,1,0,1,0,0,0,0,0,0,0,0,0,0,0,0,0,0,0,0,0,0
Kia,Carnival,128000,2020,Benzine,Automatic,3300,MPV,1990000.0,0,0,0,0,0,0,0,0,0,0,0,0,0,0,0,0,0,1,0,0,0
BMW,520,196000,2013,Benzine,Automatic,2000,Sedan,1200000.0,1,0,0,0,1,0,0,0,0,0,0,0,0,0,0,0,0,0,0,0,0
Mercedes-Benz,C180,94000,2019,Benzine,Automatic,1600,Sedan,2040000.0,0,0,0,0,0,0,0,0,0,0,0,0,0,0,0,0,0,0,0,0,0
Seat,Ibiza,5000,2025,Benzine,Automatic,1600,Hatchback,1140000.0,0,0,0,0,0,0,0,0,0,0,0,0,0,0,0,0,0,0,0,0,0
Toyota,Corolla,127000,2017,Benzine,Automatic,1600,Sedan,810000.0,1,0,1,0,0,0,0,0,0,0,0,0,0,0,0,0,0,0,0,0,0
Hyundai,Tucson,143000,2019,Benzine,Automatic,1600,SUV,915000.0,1,0,0,0,0,0,0,0,0,0,1,0,0,0,0,1,1,0,0,0,0
Daewoo,Juliet,50000,2006,Benzine,Manual,1500,Hatchback,220000.0,1,0,1,0,1,0,0,0,0,0,0,0,0,0,0,0,0,0,0,0,0
Ford,Focus,175000,2017,Benzine,Automatic,1000,Sedan,650000.0,0,0,1,0,0,0,0,0,1,0,0,0,0,0,0,1,1,1,0,0,0
Seat,Ibiza,163000,2012,Benzine,Automatic,1600,Hatchback,550000.0,1,0,1,0,0,0,0,0,1,1,0,0,1,0,0,1,0,1,0,0,0
BYD,F3,179000,2015,Benzine,Automatic,1500,Sedan,410000.0,1,0,0,0,0,0,0,0,0,0,0,0,0,0,1,0,0,0,0,0,0
Renault,Kadjar,70000,2022,Benzine,Automatic,1200,SUV,1050000.0,1,1,0,0,0,0,0,0,0,0,0,0,0,0,0,0,0,0,0,0,0
BYD,F3,300000,2018,Benzine,Manual,1500,Sedan,350000.0,1,0,1,0,0,0,0,0,0,0,0,0,0,0,0,0,0,0,0,0,0
Hyundai,Accent,250000,1999,Benzine,Manual,1300,Sedan,195000.0,1,0,0,0,0,0,0,0,0,0,0,0,0,0,0,0,0,0,0,0,0
Brilliance,FSV,308000,2012,Benzine,Manual,1500,Sedan,250000.0,1,0,1,0,0,0,0,0,0,0,0,0,0,0,0,0,0,0,0,0,0
Kia,Sportage,40000,2022,Benzine,Automatic,1600,Estate,1265000.0,1,1,0,0,0,0,0,0,0,0,0,0,0,0,0,0,0,0,0,0,0
Opel,Astra,190000,2009,Benzine,Automatic,1600,Hatchback,350000.0,0,0,0,0,1,0,0,0,0,0,0,0,0,0,0,0,0,0,0,0,0
Ford,Focus,270000,2008,Benzine,Automatic,1600,Sedan,425000.0,1,1,1,0,1,0,0,0,1,0,1,1,1,0,0,0,0,1,1,0,0
Chery,Envy,62000,2017,Benzine,Manual,1500,Sedan,360000.0,0,0,0,0,0,0,0,0,0,0,0,0,0,0,0,0,0,0,0,0,0
Honda,CR-V,4200,2022,Benzine,Automatic,1500,SUV,2150000.0,1,0,0,0,0,1,0,1,1,1,1,1,1,0,0,0,0,0,0,0,0
Opel,Vectra,300000,2008,Benzine,Automatic,1600,Sedan,370000.0,1,0,0,0,0,0,0,0,0,0,0,0,0,0,0,0,0,0,0,0,0
Skoda,Kodiaq,135000,2019,Benzine,Automatic,1400,SUV,1595000.0,1,0,0,0,0,0,0,0,0,0,0,0,0,0,0,0,0,0,0,0,0
Volvo,240,89888,1984,Benzine,Manual,2400,Sedan,250000.0,1,0,1,0,0,0,0,0,0,0,0,0,0,0,0,0,0,0,0,0,0
Opel,Insignia,147000,2017,Benzine,Automatic,1600,Sedan,950000.0,1,1,0,0,0,0,0,0,0,0,0,0,0,0,0,0,0,0,0,0,0
Mercedes-Benz,CL-Class,260000,1995,Benzine,Automatic,5000,Sports / Coupe,1500000.0,0,0,1,0,0,0,0,0,0,0,0,0,0,0,0,0,0,0,0,0,0
Hyundai,Sonata,200000,1998,Benzine,Manual,1600,Sedan,200000.0,1,0,0,0,0,0,0,0,0,0,0,0,0,0,0,0,0,0,0,0,0
Peugeot,301,90000,2016,Benzine,Automatic,1600,Sedan,485000.0,1,1,1,0,0,0,0,0,1,0,0,0,0,0,0,0,0,1,0,0,0
Volkswagen,Jetta,230000,2013,Benzine,Automatic,1400,Sedan,700000.0,0,1,0,0,0,1,0,0,0,0,0,0,0,0,0,0,0,0,0,0,0
Speranza,A516,170000,2007,Benzine,Manual,1600,Sedan,200000.0,1,0,0,0,0,0,0,0,0,0,0,0,0,0,0,0,0,0,0,0,0
Subaru,XV,134000,2016,Benzine,Automatic,1600,SUV,770000.0,1,1,0,0,0,0,0,1,0,0,0,0,0,0,0,0,0,0,0,0,0
Toyota,Corolla,270000,2008,Benzine,Automatic,1600,Sedan,530000.0,1,0,1,0,0,0,0,0,0,0,0,0,0,0,0,0,0,0,0,0,0
Hyundai,Veloster,150000,2013,Benzine,Automatic,1600,Hatchback,750000.0,0,1,1,0,0,0,0,0,0,0,0,0,0,0,0,0,0,0,0,0,0
Fiat,Shahin,10000,2001,Benzine,Manual,1400,Sedan,130000.0,1,0,0,0,0,0,0,0,0,0,0,0,0,0,0,0,0,1,0,0,0
Ford,EcoSport,260000,2018,Benzine,Automatic,1000,SUV,600000.0,1,0,0,0,0,0,0,0,0,0,0,0,0,0,0,0,0,0,0,0,0
Hyundai,Elantra,95000,2017,Benzine,Automatic,1600,Sedan,900000.0,1,0,0,0,0,0,0,0,0,0,0,0,0,0,1,0,0,0,0,1,0
Peugeot,3008,19000,2025,Benzine,Automatic,1600,SUV,2000000.0,1,0,0,0,0,1,0,0,0,0,0,0,0,0,0,0,0,0,0,0,0
Fiat,Doblo,200000,2017,Benzine,Manual,1400,Hatchback,550000.0,0,0,0,0,0,0,0,0,0,0,0,0,0,0,0,0,0,0,0,0,0
BMW,X6,190000,2018,Benzine,Automatic,4000,SUV,2550000.0,1,0,0,0,0,1,0,0,0,0,0,0,0,0,0,0,0,0,0,0,0
Honda,Accord,48000,2022,Benzine,Automatic,1500,Sedan,1700000.0,1,0,1,0,0,0,1,1,1,0,1,1,0,0,0,0,0,0,0,0,0
Fiat,Linea,96000,2017,Benzine,Manual,1400,Sedan,425000.0,0,0,0,0,0,0,0,0,0,0,0,0,0,0,0,0,0,0,0,0,0
Chevrolet,Lanos,188000,2010,Benzine,Manual,1500,Sedan,260000.0,0,0,1,0,0,0,0,0,0,0,0,0,0,0,0,0,0,0,0,0,0
Kaiyi,X7,1000,2026,Benzine,Automatic,1600,MPV,1400000.0,0,0,0,0,0,0,0,0,0,0,0,0,0,0,0,0,0,0,0,0,0
Suzuki,Celerio,150000,2011,Benzine,Manual,1300,Hatchback,270000.0,0,0,0,0,0,0,0,0,0,0,0,0,0,0,0,1,0,1,0,0,0
Peugeot,307 SW,231,2005,Benzine,Manual,1600,Estate,350000.0,1,0,1,0,1,0,0,0,1,1,0,1,0,1,0,1,1,0,0,0,0
Ford,Kuga,120000,2015,Benzine,Automatic,1500,Estate,690000.0,1,0,0,0,0,0,0,0,0,0,0,0,0,0,0,0,0,0,0,0,0
Daewoo,Nubira,220000,2008,Benzine,Automatic,1600,Sedan,280000.0,1,0,0,0,0,0,0,0,0,0,0,0,0,0,0,0,0,1,0,1,0
Kia,Cerato,244000,2011,Benzine,Automatic,1600,Sedan,490000.0,1,0,1,0,0,0,0,1,0,0,1,0,0,0,1,0,0,0,0,1,0
Hyundai,Accent,440000,2005,Benzine,Manual,1300,Sedan,240000.0,1,0,0,0,0,0,0,0,0,0,0,0,0,0,0,0,0,1,0,0,0
Toyota,Corolla,70000,2016,Benzine,Automatic,1600,Sedan,850000.0,1,0,0,0,0,0,0,0,0,0,0,0,0,0,1,0,0,0,0,0,0
Hyundai,Excel,200700,1996,Benzine,Manual,1500,Sedan,135000.0,0,0,0,0,0,0,0,0,0,0,0,0,0,0,0,0,0,0,0,0,0
Speranza,A516,113,2010,Benzine,Manual,1600,Sedan,170000.0,0,1,1,0,0,0,0,0,0,0,0,0,0,0,0,0,0,0,0,0,0
Renault,Logan,176000,2010,Benzine,Manual,1600,Sedan,250000.0,1,1,1,1,1,0,0,0,1,0,0,0,0,0,0,0,0,1,0,0,0
Mercedes-Benz,C180,215000,2012,Benzine,Automatic,1600,Sedan,1160000.0,1,0,1,0,0,0,0,0,0,1,0,0,0,0,0,0,0,0,0,0,0
MG,HS,53000,2021,Benzine,Automatic,1500,SUV,1049000.0,1,1,0,0,0,1,0,0,0,0,0,0,0,0,0,0,0,0,0,0,1
Toyota,Corolla,100000,1999,Benzine,Automatic,1600,Hatchback,270000.0,0,0,0,0,0,0,0,0,0,0,0,0,0,0,0,0,0,0,0,0,0
Volkswagen,Passat,57000,2021,Benzine,Automatic,1400,Sedan,1700000.0,0,1,0,0,0,0,0,0,0,0,0,0,0,0,0,0,0,0,0,0,1
Renault,Clio,240000,2006,Benzine,Automatic,1400,Sedan,238000.0,1,0,0,0,0,0,0,0,0,0,0,0,0,0,0,0,0,0,0,0,0
Daewoo,Lanos,250000,2000,Benzine,Manual,1500,Sedan,195000.0,0,0,0,0,1,0,0,0,0,0,0,0,0,0,0,0,0,0,0,0,0
Renault,Logan,109000,2012,Benzine,Manual,1600,Sedan,280000.0,0,0,1,0,1,0,0,0,0,0,0,0,0,0,0,0,0,0,0,0,1
BMW,740,240000,2008,Benzine,Automatic,4400,Sedan,870000.0,0,0,0,0,0,0,0,0,1,0,1,0,0,0,0,0,0,0,0,0,0
Fiat,Tempra,155000,1996,Benzine,Manual,1600,Sedan,135000.0,0,0,0,0,0,0,0,0,0,0,0,0,0,0,0,0,0,0,0,0,0
Hyundai,Accent,284000,2010,Benzine,Manual,1600,Sedan,340000.0,1,0,1,0,0,0,0,0,0,0,0,0,0,0,0,0,0,0,0,0,0
Kia,Sephia,280000,1999,Benzine,Manual,1500,Sedan,185000.0,1,0,0,0,0,0,0,0,0,0,0,0,0,0,0,0,0,0,0,0,0
MINI,Cooper,20000,2024,Benzine,Automatic,1600,Hatchback,1800000.0,0,0,0,0,0,0,0,0,0,0,0,0,0,0,0,0,0,0,0,0,0
Renault,Symbol,163000,2010,Benzine,Automatic,1400,Sedan,270000.0,1,0,0,0,0,0,0,0,0,0,0,0,0,0,0,0,0,1,0,0,0
Mercedes-Benz,C180,48000,2024,Benzine,Automatic,1600,Sedan,2680000.0,0,0,0,0,0,0,0,0,0,0,0,0,0,0,0,0,0,0,0,0,0
Brilliance,FSV,220000,2013,Benzine,Automatic,1600,Sedan,300000.0,1,0,0,0,0,0,0,0,0,0,0,0,0,0,0,0,0,0,0,0,0
Hyundai,Matrix,300000,2002,Diesel,Automatic,1500,Hatchback,335000.0,0,0,1,0,1,0,0,0,0,0,0,0,0,0,0,0,0,0,0,0,0
Jeep,Cherokee,172000,2011,Benzine,Automatic,3700,4X4,935000.0,0,0,0,0,0,0,0,0,0,0,0,0,0,0,0,0,0,0,0,0,0
Honda,Civic,380000,1994,Benzine,Manual,1600,Sedan,235000.0,1,0,0,0,0,0,0,0,0,0,0,0,0,0,0,0,0,0,0,0,0
Mitsubishi,Lancer,150000,2016,Benzine,Automatic,1600,Sedan,580000.0,1,1,1,0,0,0,0,0,0,0,0,0,0,0,0,0,0,0,0,0,0
Mitsubishi,Lancer,175000,2008,Benzine,Automatic,1300,Sedan,445000.0,1,0,0,0,0,0,0,0,0,0,0,0,0,0,0,0,0,1,0,0,0
Peugeot,301,137000,2021,Benzine,Automatic,1600,Sedan,555000.0,1,1,0,0,0,0,0,0,0,0,0,0,0,0,0,0,0,1,0,0,0
Hyundai,Verna,200000,2014,Benzine,Manual,1600,Sedan,348000.0,0,1,1,0,0,0,0,0,0,0,0,0,0,0,0,0,0,0,0,0,0
Mercedes-Benz,E350,160000,2010,Benzine,Automatic,3500,Sports / Coupe,1850000.0,0,0,0,0,0,0,0,0,0,0,0,0,0,0,0,0,0,1,0,0,0
Renault,Logan,43000,2021,Benzine,Automatic,1600,Sedan,575000.0,1,0,0,0,1,0,0,0,0,0,0,0,0,0,0,0,0,0,0,0,0
Kia,Ceed,71000,2019,Diesel,Automatic,1600,Hatchback,830000.0,1,0,1,0,1,0,0,0,0,0,0,0,0,0,0,0,0,0,0,1,0
Kia,Spectra,185000,2001,Benzine,Manual,1600,Sedan,280000.0,0,0,1,0,0,0,0,0,0,0,0,0,0,0,0,0,0,0,0,0,0
Kia,Sportage,17000,2021,Benzine,Automatic,1600,SUV,1650000.0,1,1,0,0,0,0,0,0,0,0,0,0,0,0,0,0,0,0,0,0,0
Volkswagen,Jetta,300,2008,Benzine,Automatic,1600,Sedan,520000.0,0,1,1,0,0,0,0,0,1,0,0,1,0,0,0,0,0,0,0,0,0
Mitsubishi,Lancer,150000,2015,Benzine,Automatic,1600,Sedan,640000.0,1,0,1,0,0,0,0,0,1,0,1,0,0,0,0,0,0,0,0,0,0
Hyundai,IX35,200000,2016,Benzine,Automatic,1600,SUV,890000.0,1,0,1,0,0,0,0,0,0,0,0,0,0,0,0,0,0,0,0,0,0
Chevrolet,Optra,273000,2010,Benzine,Automatic,1600,Sedan,400000.0,1,0,1,0,0,0,0,0,0,0,0,0,0,0,0,1,0,0,0,0,0
Daewoo,Lanos,330000,2000,Natural Gas,Manual,1500,Sedan,185000.0,0,0,1,0,0,0,0,0,1,0,0,0,0,1,0,0,0,0,0,0,0
Opel,Astra,157000,2013,Benzine,Automatic,1600,Sedan,500000.0,1,0,0,0,0,0,0,0,0,0,0,0,1,0,0,1,1,1,0,0,0
Mitsubishi,Lancer,190000,2016,Benzine,Automatic,1600,Sedan,585000.0,0,1,1,0,0,0,0,0,1,0,1,0,0,0,0,0,0,0,0,0,0
BMW,X3,106000,2016,Benzine,Automatic,3000,4X4,1900000.0,0,0,0,0,0,0,0,0,0,0,0,0,0,0,0,0,0,0,0,0,0
Speranza,A113,150000,2012,Benzine,Manual,1300,Hatchback,260000.0,1,0,0,0,1,0,0,0,0,0,0,0,0,0,0,1,0,1,0,0,0
Renault,Rainbow,200000,1997,Natural Gas,Manual,1300,Sedan,210000.0,0,0,0,0,0,0,0,0,0,0,0,0,0,0,0,0,0,0,0,0,0
Nissan,Sentra,9500,2024,Benzine,Automatic,1600,Sedan,815000.0,1,0,0,0,0,0,0,0,0,0,0,1,0,0,0,0,0,0,1,0,0
Kia,Sportage,62300,2022,Benzine,Automatic,1600,SUV,1700000.0,0,0,1,0,0,1,0,0,1,0,0,0,0,0,0,0,0,0,0,0,0
MG,HS,16000,2025,Benzine,Automatic,1600,SUV,1350000.0,0,1,0,0,0,0,0,0,0,0,0,0,0,0,0,0,0,0,0,0,0
Kia,Cerato,190000,2015,Benzine,Automatic,1600,Sedan,719000.0,1,0,1,0,1,0,0,0,1,1,1,1,0,0,0,0,0,0,0,0,0
BMW,325,150000,1993,Benzine,Manual,2800,Sedan,310000.0,1,1,1,1,0,0,0,0,1,0,0,0,0,0,0,1,1,0,0,0,0
Nissan,Sentra,160000,2019,Benzine,Automatic,1600,Sedan,555000.0,1,0,0,0,0,1,0,0,0,0,0,0,0,0,0,0,0,0,0,0,0
Hyundai,Tucson,220000,2017,Benzine,Automatic,1600,SUV,1150000.0,0,0,0,0,0,0,0,0,0,0,0,0,0,0,0,0,0,0,0,0,0
Toyota,Tercel,260000,1999,Benzine,Manual,1300,Sedan,250000.0,1,0,0,0,0,0,0,0,0,0,0,0,0,0,0,0,0,0,0,0,0
Volkswagen,Jetta,305000,2012,Benzine,Automatic,1400,Sedan,625000.0,0,0,0,0,1,0,0,1,0,0,0,0,0,0,0,0,0,0,0,0,0
Mercedes-Benz,C200,38000,2020,Benzine,Automatic,1500,Sports / Coupe,2650000.0,0,1,0,0,0,0,0,0,0,0,0,0,0,0,0,0,0,0,0,0,0
BMW,X3,215000,2016,Benzine,Automatic,2000,4X4,1300000.0,0,0,0,0,0,0,0,0,0,0,0,0,0,0,0,0,0,0,0,0,0
Suzuki,Swift,100000,2022,Benzine,Automatic,1200,Hatchback,550000.0,0,0,0,0,0,1,0,0,0,0,0,0,0,0,0,0,0,0,0,0,0
Toyota,Corolla,45000,2019,Benzine,Automatic,1600,Sedan,925000.0,1,1,1,0,0,0,0,0,1,0,0,0,0,0,0,0,0,0,0,0,0
MG,ZS,115000,2022,Benzine,Automatic,1600,Hatchback,745000.0,0,0,1,0,0,0,0,0,1,0,1,0,0,0,0,0,0,0,0,0,0
Land Rover,Evoque,170000,2015,Benzine,Automatic,2000,SUV,1550000.0,1,0,0,0,1,0,0,0,0,0,0,0,0,0,0,0,0,0,0,0,0
Nissan,Sentra,85000,2021,Benzine,Automatic,1600,Sedan,670000.0,1,0,0,0,1,0,1,0,0,0,0,0,0,0,0,0,0,0,0,0,0
Peugeot,307,190000,2007,Benzine,Automatic,1600,Hatchback,380000.0,1,0,0,0,0,0,0,1,0,0,0,0,0,0,0,0,0,0,0,0,0
Opel,Vectra,276000,2008,Benzine,Automatic,2200,Sedan,420000.0,0,1,0,0,0,0,0,0,0,0,0,0,0,0,0,0,0,0,0,0,0
Opel,Astra,120000,2020,Benzine,Automatic,1400,Sedan,800000.0,0,1,0,0,0,0,0,0,0,0,0,0,0,0,0,0,0,0,0,0,1
Speranza,A516,209000,2011,Benzine,Manual,1600,Sedan,255000.0,1,0,1,0,0,0,0,0,0,0,0,0,0,0,0,0,0,0,0,0,0
Opel,Corsa,65000,2023,Benzine,Automatic,1200,Hatchback,950000.0,0,1,0,0,0,1,0,0,0,0,0,0,0,0,0,0,0,0,0,0,0
Renault,Logan,107000,2016,Benzine,Automatic,1600,Sedan,450000.0,1,0,0,0,0,0,0,0,0,0,0,0,0,0,0,0,0,0,0,0,0
Skoda,Octavia,118000,2000,Benzine,Manual,1600,Sedan,320000.0,1,0,0,0,0,0,0,0,0,0,0,0,0,0,0,0,0,0,0,0,0
Renault,Megane,180000,2005,Benzine,Automatic,1600,Sedan,280000.0,1,0,0,0,1,0,0,0,0,0,0,0,0,0,0,0,0,0,0,0,0
Honda,Civic,175000,2019,Benzine,Automatic,1600,Sedan,1000000.0,0,0,1,0,0,0,0,0,0,0,0,0,0,0,0,0,0,0,0,0,0
Daewoo,Nubira,190000,1999,Benzine,Automatic,1600,Sedan,270000.0,1,0,1,0,0,0,0,0,0,0,0,0,0,0,0,0,0,1,0,0,0
Mercedes-Benz,C180,205000,2009,Benzine,Automatic,1600,Sedan,1000000.0,0,0,0,0,0,0,0,0,0,0,0,0,0,0,0,0,0,0,0,0,0
Toyota,Rush,315000,2021,Benzine,Automatic,1400,SUV,890000.0,0,1,1,0,0,1,0,0,0,0,0,0,0,0,0,0,0,0,0,0,0
Seat,Ibiza,200000,1999,Benzine,Manual,1600,MPV,110000.0,0,0,0,0,0,0,0,0,0,0,0,0,0,0,0,0,0,1,0,0,0
Nissan,Qashqai,94000,2019,Benzine,Automatic,1600,SUV,810000.0,1,0,0,0,0,0,0,0,0,0,0,0,0,0,1,0,0,0,0,0,0
Mercedes-Benz,C200,66000,2018,Benzine,Automatic,1500,Sedan,2350000.0,0,0,0,0,0,0,0,0,0,0,0,0,0,0,0,0,0,0,0,0,0
Nissan,Sunny,205000,2016,Benzine,Automatic,1500,Sedan,480000.0,1,0,0,0,0,0,0,0,0,0,0,0,0,0,0,0,0,0,0,0,0
Suzuki,Van,170000,2022,Benzine,Manual,1000,Van / Bus,395000.0,0,1,1,0,0,0,0,0,0,0,0,0,0,0,0,0,0,0,0,0,0
Daewoo,Nubira,200000,2000,Benzine,Manual,1500,Hatchback,190000.0,0,0,0,0,0,0,0,0,0,0,0,0,0,0,0,0,0,0,0,0,0
Fiat,Shahin,57500,2008,Benzine,Manual,1400,Sedan,120000.0,1,0,0,0,0,0,0,0,0,0,0,0,0,0,0,0,0,0,0,0,0
Citroen,Xsara,100000,2001,Benzine,Manual,1600,Sedan,155000.0,1,0,0,0,0,0,0,0,1,0,0,0,0,0,0,0,0,1,0,0,0
Seat,Ibiza,69850,2021,Benzine,Automatic,1600,Sports / Coupe,770000.0,1,1,0,0,0,0,0,0,0,0,0,0,0,0,0,0,0,0,0,0,0
Toyota,Microbus,50000,2022,Diesel,Manual,1500,Van / Bus,2500000.0,0,0,0,0,0,0,0,0,0,0,0,0,0,0,0,0,0,0,0,0,0
MG,One,10000,2025,Benzine,Automatic,1500,SUV,1200000.0,0,0,0,0,0,0,0,0,0,0,0,0,0,0,0,0,0,0,0,0,0
BMW,X1,80000,2021,Benzine,Automatic,1500,SUV,2000000.0,0,0,0,0,0,0,0,0,0,0,0,0,0,0,0,0,0,0,0,0,0
Daewoo,Juliet,193000,1999,Benzine,Automatic,1600,Hatchback,300000.0,1,0,1,0,0,0,0,0,1,0,0,0,0,0,0,0,0,1,0,1,0
Audi,A5,148000,2018,Benzine,Automatic,1400,Sedan,1600000.0,0,0,0,0,0,0,0,0,0,0,0,0,0,0,0,0,0,0,0,0,0
Jeep,Cherokee,100000,1994,Benzine,Automatic,3500,4X4,240000.0,0,0,1,0,0,0,0,0,0,0,0,0,0,0,0,0,0,1,0,0,0
Renault,Sandero Stepway,90000,2023,Benzine,Automatic,1600,Hatchback,645000.0,1,0,0,0,0,0,0,0,0,0,0,0,0,0,0,0,0,0,0,0,0
Hyundai,Viva,50000,2008,Benzine,Manual,1500,Sedan,270000.0,0,0,0,0,0,0,0,0,0,0,0,0,0,0,0,0,0,0,0,0,0
Mercedes-Benz,A200,95000,2020,Benzine,Automatic,1300,Sedan,1700000.0,1,0,0,0,0,0,0,0,0,0,0,0,0,0,0,0,0,0,0,0,0
Daewoo,Nubira,270000,2007,Benzine,Automatic,1600,Sedan,230000.0,1,0,0,0,0,0,0,0,0,0,0,0,0,0,0,0,0,0,0,0,0
Mitsubishi,Atrage,200000,2005,Benzine,Automatic,1400,Sedan,440000.0,1,0,1,1,0,0,0,0,0,0,0,0,0,0,0,0,0,0,0,0,0
Hyundai,Verna,199000,2007,Benzine,Manual,1600,Sedan,300000.0,1,0,1,0,0,0,0,0,0,0,0,0,0,0,0,0,0,0,0,0,0
Mercedes-Benz,C180,161000,2013,Benzine,Automatic,1600,Sedan,1285000.0,1,1,0,0,0,1,0,0,0,0,0,0,0,0,0,0,0,0,0,0,0
Opel,Corsa,135000,2014,Benzine,Automatic,1400,Hatchback,438000.0,1,1,0,0,0,0,0,1,0,0,0,0,1,0,0,0,0,1,0,0,0
Mercedes-Benz,S580,8000,2024,Benzine,Automatic,4000,Sedan,1200000.0,0,0,0,0,0,0,0,0,0,1,0,0,0,1,0,0,0,1,0,0,0
Skoda,Octavia,235,1998,Benzine,Manual,1600,Sedan,270000.0,0,1,1,0,0,0,0,0,0,0,0,0,0,0,0,0,0,0,0,0,0
Chevrolet,Aveo,180000,2009,Benzine,Manual,1500,Sedan,295000.0,1,0,1,0,0,0,0,0,0,0,0,0,0,0,0,0,0,0,0,0,0
Mercedes-Benz,C180,190000,2013,Benzine,Automatic,1600,Sedan,1265000.0,1,0,0,0,1,0,0,1,0,0,0,0,0,0,0,0,0,0,0,0,0
Kia,Carens,160000,2014,Benzine,Automatic,1600,Hatchback,760000.0,0,1,0,0,0,0,0,0,0,0,0,0,0,0,0,1,1,0,1,0,0
BMW,316,220000,2011,Benzine,Automatic,1600,Sedan,675000.0,1,0,0,0,0,0,0,0,0,1,1,1,0,1,0,0,0,0,0,0,0
BMW,520,64000,2021,Benzine,Automatic,1600,Sedan,2500000.0,1,0,0,0,0,0,0,0,0,0,0,0,0,0,0,0,0,1,0,0,0
Baic,U5 Plus,1200,2026,Benzine,Automatic,1500,Sedan,835000.0,0,0,0,0,0,0,0,0,0,0,0,0,0,0,0,0,0,0,0,0,0
BYD,Flyer,91000,2007,Benzine,Manual,1100,Hatchback,140000.0,0,0,0,0,0,0,0,0,1,0,0,0,0,0,0,0,0,0,0,0,0
Hyundai,Verna,300000,2012,Natural Gas,Manual,1600,Sedan,270000.0,0,0,1,0,0,0,0,0,1,0,0,0,0,0,0,0,0,0,0,0,0
Geely,Emgrand,6000,2025,Diesel,Automatic,1500,Sedan,820000.0,0,0,0,0,0,0,0,0,0,0,0,0,0,0,0,0,0,0,0,0,0
Skoda,Superb,50000,2023,Benzine,Automatic,1400,Sedan,1650000.0,0,0,0,0,0,0,0,0,0,0,0,0,0,0,0,0,0,1,0,0,0
Kia,Cerato,203000,2014,Benzine,Automatic,1600,Sedan,680000.0,1,0,0,0,1,0,0,0,0,1,0,1,0,1,0,0,0,0,0,0,0
Renault,Logan,113000,2020,Benzine,Automatic,1600,Sedan,405000.0,0,0,0,1,1,0,0,0,0,0,0,0,0,0,0,0,0,0,0,0,0
Peugeot,207 SW,155000,2006,Benzine,Automatic,1600,Hatchback,480000.0,0,0,0,0,0,0,0,0,0,0,0,0,0,0,0,0,0,0,0,0,0
Renault,Logan,128000,2016,Benzine,Manual,1600,Sedan,345000.0,0,0,1,0,0,0,0,0,0,0,0,0,0,0,0,0,0,0,0,0,0
Seat,Ibiza,10000,1994,Benzine,Manual,2000,Hatchback,142000.0,1,0,0,0,0,0,0,0,0,0,0,0,0,0,0,0,0,0,0,0,0
Suzuki,Pick up,150000,2004,Benzine,Manual,1000,Pickup,175000.0,0,0,0,0,0,0,0,0,0,0,0,0,0,0,0,0,0,0,0,0,0
Mitsubishi,Lancer,116000,2012,Benzine,Automatic,1600,Sedan,540000.0,0,0,0,0,0,0,0,0,0,0,0,0,0,0,0,0,0,0,0,0,0
Proton,Persona,120000,2013,Benzine,Automatic,1600,Sedan,400000.0,1,1,1,0,0,0,0,0,1,0,0,0,0,0,0,0,0,0,0,0,0
Hyundai,Tucson,45000,2022,Benzine,Automatic,1600,SUV,1350000.0,0,1,0,0,0,0,0,0,0,0,0,0,0,0,0,0,0,0,0,0,0
Mazda,3,200000,2010,Benzine,Automatic,1600,Sedan,460000.0,1,1,0,0,0,0,0,0,0,0,0,0,0,0,0,0,0,0,0,0,0
Renault,Sandero,150000,2013,Benzine,Automatic,1600,Hatchback,345000.0,0,0,1,0,0,0,0,0,0,0,0,0,0,0,0,0,0,0,0,0,0
Hyundai,Elantra Coupe,310000,2013,Benzine,Automatic,1600,Sports / Coupe,550000.0,0,0,1,0,0,0,0,1,0,0,0,0,0,0,1,0,0,0,0,1,0
BMW,318,54000,2019,Benzine,Automatic,1500,Sedan,1650000.0,1,1,0,0,1,1,0,0,0,0,0,0,0,0,0,0,0,0,0,0,0
Renault,Megane,114000,2004,Benzine,Manual,1500,Sedan,350000.0,0,1,0,0,0,0,0,0,0,0,1,0,0,1,0,0,0,1,0,1,1
Mercedes-Benz,C200,48000,2021,Benzine,Automatic,2000,Convertible,2650000.0,1,0,0,0,0,0,0,0,0,0,0,0,0,0,0,0,0,0,0,0,0
Volkswagen,Jetta,250000,2009,Benzine,Automatic,1600,Sedan,570000.0,1,0,1,0,0,0,0,0,0,0,0,0,0,0,0,0,0,0,0,0,0
Citroen,C5,353000,2002,Benzine,Automatic,2000,Sedan,240000.0,1,0,0,0,0,0,0,0,0,0,0,0,0,0,0,0,0,0,0,0,0
Peugeot,405,130000,2007,Natural Gas,Manual,1600,Sedan,275000.0,1,0,0,0,0,0,0,0,0,0,0,0,0,0,0,0,0,1,0,0,0
Toyota,Corolla,30000,2024,Benzine,Automatic,1600,Sedan,1275000.0,1,0,0,0,0,0,0,0,0,0,0,0,0,0,0,0,0,0,0,0,0
Kia,Sportage,210000,2019,Benzine,Automatic,1600,SUV,1250000.0,1,0,1,0,0,0,0,0,1,0,0,0,0,0,0,0,0,1,0,0,0
BMW,X1,235000,2011,Benzine,Automatic,2000,SUV,790000.0,1,0,0,0,0,0,0,0,0,0,0,0,0,0,0,0,0,0,0,0,0
Alfa Romeo,Stelvio,150000,2018,Benzine,Automatic,2000,Hatchback,1450000.0,1,0,0,0,0,0,0,0,0,0,0,0,0,0,0,0,0,0,0,0,0
Toyota,Corolla,230000,2016,Benzine,Automatic,1600,Sedan,805000.0,1,0,0,0,0,1,0,0,0,0,0,0,0,0,0,0,0,0,0,0,0
Skoda,Octavia,250000,2009,Benzine,Automatic,1600,Sedan,550000.0,1,0,1,0,0,0,0,0,0,0,0,0,0,0,0,0,0,0,0,0,0
Daihatsu,Terios,82000,1999,Benzine,Automatic,1300,4X4,250000.0,0,0,0,0,0,0,0,0,0,0,0,0,0,1,0,0,0,0,0,0,0
BMW,316,1260,2013,Benzine,Automatic,1600,Sedan,790000.0,0,0,1,0,0,0,0,0,0,0,0,0,0,0,0,0,0,0,0,0,0
Honda,Accord,15000,2021,Benzine,Automatic,1500,Sedan,1800000.0,1,0,1,0,0,0,1,1,1,1,1,1,0,0,0,0,0,1,0,0,1
Chevrolet,Cruze,232000,2016,Benzine,Automatic,1600,Sedan,460000.0,0,0,0,0,0,0,0,0,0,0,0,0,0,0,0,0,0,0,0,1,0
Audi,A3,105000,2022,Benzine,Automatic,1400,Sedan,1450000.0,0,0,0,0,1,0,1,0,1,1,1,0,0,0,0,0,0,0,0,0,0
Volkswagen,Golf,300000,1994,Benzine,Manual,2000,Estate,180000.0,1,0,0,0,0,0,0,0,0,0,0,0,0,1,0,0,0,0,0,0,0
Subaru,Impreza,5000,2008,Benzine,Manual,2800,Hatchback,500000.0,0,0,0,0,0,0,0,0,0,0,0,0,0,0,0,0,0,0,0,0,0
Mercedes-Benz,CLA 200,165000,2020,Benzine,Automatic,1300,Sedan,1650000.0,1,0,1,0,0,0,0,0,0,0,0,0,0,0,0,0,0,0,0,0,0
Nissan,Sunny,195000,2010,Benzine,Automatic,1600,Sedan,450000.0,1,0,1,0,1,0,1,0,0,0,0,0,0,0,0,1,0,0,0,1,0
Baic,Other,110000,2017,Benzine,Automatic,1500,Hatchback,420000.0,1,0,0,0,0,0,0,0,0,0,0,0,0,0,0,0,0,0,0,0,0
Hyundai,Excel,150000,1997,Benzine,Manual,1300,Sedan,125000.0,0,0,0,0,0,0,0,0,0,0,0,0,0,0,0,0,0,0,0,0,0
Hyundai,Bayon,86000,2022,Benzine,Automatic,1400,Hatchback,700000.0,0,0,0,0,0,0,0,0,0,0,0,0,0,0,0,0,0,0,0,0,0
Chevrolet,Lanos,15000,2011,Natural Gas,Automatic,1500,Sedan,265000.0,0,1,1,0,0,0,0,0,0,0,0,0,0,0,0,0,0,0,0,0,0
Kia,Spectra,250000,2004,Benzine,Manual,1600,Sedan,220000.0,0,0,0,0,0,0,0,0,0,0,0,0,0,0,0,0,0,0,0,0,0
Nissan,Juke,12000,2024,Benzine,Automatic,1000,SUV,1170000.0,0,1,0,0,0,0,0,0,0,0,0,0,0,0,0,0,0,0,0,0,0
Opel,Corsa,218,2003,Benzine,Manual,1600,Sedan,220000.0,0,1,1,0,0,0,0,0,0,0,0,0,0,0,0,0,0,0,0,0,0
Skoda,Octavia,98000,2022,Benzine,Automatic,1600,Sedan,1200000.0,1,0,0,0,0,1,0,0,0,0,0,0,0,0,0,0,0,0,0,0,0
Renault,Megane,250000,2007,Benzine,Automatic,1600,Sedan,300000.0,0,0,0,0,0,0,0,0,0,0,0,0,0,0,0,0,0,0,0,0,0
Chevrolet,Optra,100000,2015,Benzine,Automatic,1600,Sedan,435000.0,1,0,0,0,0,0,0,0,1,1,0,0,0,0,0,0,0,1,1,0,0
Mercedes-Benz,GLA 200,81000,2021,Benzine,Automatic,1300,SUV,2090000.0,1,0,0,0,0,0,0,0,0,0,0,0,0,0,0,0,0,0,0,0,0
Daewoo,Lacetti,285000,2003,Benzine,Automatic,1600,Sedan,345000.0,1,0,1,0,0,0,0,0,0,0,0,0,0,0,0,0,0,1,0,0,0
Toyota,Corolla,399999,1983,Benzine,Manual,1300,Sedan,140500.0,0,0,1,0,0,0,0,0,1,0,0,0,0,0,0,0,0,0,0,1,0
Nissan,Juke,185420,2015,Benzine,Automatic,1500,Hatchback,590000.0,1,0,0,0,0,0,0,0,0,0,0,0,0,0,0,0,0,0,0,0,0
Renault,Megane,92000,2021,Benzine,Automatic,1600,Sedan,770000.0,1,0,0,0,0,0,0,0,0,0,0,0,0,0,0,0,0,0,0,0,0
Chevrolet,Aveo,166000,2013,Benzine,Automatic,1600,Sedan,340000.0,0,0,1,0,0,0,0,0,0,0,0,0,0,0,0,0,0,0,0,0,0
Toyota,Urban Cruiser,25000,2024,Benzine,Automatic,1600,SUV,1290000.0,1,1,0,0,0,1,0,0,0,0,0,0,0,0,0,0,0,0,0,0,0
Chevrolet,Optra,142000,2007,Benzine,Automatic,1600,Sedan,390000.0,1,1,1,0,0,0,0,0,0,0,0,0,0,0,0,0,0,0,0,0,0
Nissan,Qashqai,233000,2017,Benzine,Automatic,1200,Hatchback,570000.0,0,0,0,0,1,0,0,0,0,0,0,0,0,0,0,0,0,0,0,0,0
Mazda,3,185000,2008,Benzine,Automatic,1600,Sedan,470000.0,1,0,0,0,0,0,0,0,0,0,0,0,0,0,0,0,0,0,0,0,0
BMW,X1,28000,2024,Benzine,Automatic,2000,SUV,2575000.0,0,0,0,0,0,0,0,0,0,0,0,0,0,0,0,0,0,0,0,0,0
Honda,Other,20000,2000,Benzine,Manual,1300,Other,145000.0,1,0,1,0,0,0,0,0,0,0,0,0,0,0,0,0,0,0,0,0,0
Mercedes-Benz,E280,230000,2007,Benzine,Automatic,3000,Sedan,1000000.0,1,0,0,0,0,0,0,0,0,0,0,0,0,0,0,0,0,0,0,0,0
Jeep,Renegade,139000,2016,Benzine,Automatic,1400,4X4,780000.0,0,0,1,0,0,0,0,0,1,0,1,0,0,0,0,0,1,1,0,0,0
Renault,Logan,75000,2021,Benzine,Automatic,1400,Sedan,600000.0,1,0,0,0,0,0,0,0,0,0,0,0,0,0,0,0,0,0,0,0,0
Fiat,Shahin,150000,2009,Benzine,Manual,1400,Sedan,150000.0,1,0,0,0,0,0,0,0,0,0,0,0,0,0,0,0,0,0,0,0,0
Daihatsu,Terios,225000,1999,Benzine,Automatic,1300,SUV,200000.0,1,0,1,0,0,0,0,0,0,0,0,0,0,0,0,0,0,0,0,0,0
Chevrolet,Pickup/Dababa,30000,2006,Diesel,Manual,2500,Pickup,435000.0,1,0,1,0,0,0,0,0,0,0,0,0,0,0,0,0,0,0,0,0,0
Volkswagen,Golf,200000,1989,Benzine,Manual,1300,Hatchback,180000.0,1,0,0,0,0,0,0,0,0,0,0,0,0,0,0,0,0,0,0,0,0
Renault,Logan,110000,2010,Benzine,Manual,1600,Sedan,280000.0,1,0,1,0,0,0,0,0,1,0,0,0,0,0,0,0,0,1,0,0,0
Renault,Logan,280000,2010,Benzine,Manual,1600,Sedan,310000.0,0,0,0,0,0,0,0,0,0,0,0,0,0,0,0,0,0,1,0,0,0
MG,MG 5,65000,2024,Benzine,Automatic,1500,Sedan,800000.0,0,1,0,0,0,1,0,0,0,0,0,0,0,0,0,0,0,0,0,0,0
Alfa Romeo,156,200000,2000,Hybrid,Manual,1600,Sedan,240000.0,1,0,0,0,0,0,0,0,0,0,0,0,0,0,0,1,0,0,0,0,0
Mercedes-Benz,E200,228000,2010,Benzine,Automatic,1800,Sedan,1250000.0,1,0,1,0,0,0,0,0,0,0,0,0,0,0,0,0,0,0,0,0,0
Volkswagen,Passat,270000,2006,Benzine,Automatic,2000,Sedan,600000.0,0,0,1,0,1,0,0,0,1,1,0,0,1,0,0,0,0,1,0,0,0
Ford,Escort,207,1999,Benzine,Manual,1600,Sedan,140000.0,1,0,0,0,0,0,0,0,0,0,0,0,0,0,0,0,0,0,0,0,0
BMW,316,183000,1997,Benzine,Automatic,1600,Sports / Coupe,650000.0,0,0,0,0,0,0,0,0,0,0,0,0,0,0,0,0,0,0,0,0,0
Chevrolet,Aveo,131000,2016,Benzine,Automatic,1500,Sedan,415000.0,1,0,0,0,0,0,0,0,0,0,0,0,0,0,0,0,0,0,0,0,0
BMW,318,105000,2018,Benzine,Automatic,1500,Sedan,1250000.0,1,1,0,0,1,0,0,0,0,0,0,0,0,0,0,0,0,0,0,0,0
Mercedes-Benz,C200,87000,2008,Benzine,Automatic,1800,Sedan,1350000.0,0,0,0,0,0,1,0,0,0,0,0,0,0,0,0,0,0,0,0,0,0
Opel,Insignia,85000,2020,Benzine,Automatic,1500,Sedan,1400000.0,0,0,0,0,0,0,0,0,0,0,0,0,0,0,0,0,0,0,0,1,0
Honda,Civic,70000,1996,Benzine,Automatic,1500,Sedan,450000.0,0,1,0,0,0,0,0,0,0,0,0,0,0,0,0,0,0,0,0,0,0
Mercedes-Benz,E180,160000,2019,Benzine,Automatic,1600,Sedan,2150000.0,0,0,0,0,0,0,0,0,0,0,0,0,0,0,0,0,0,0,0,0,0
Peugeot,508,210000,2013,Benzine,Automatic,1600,Sedan,620000.0,1,0,0,0,0,0,0,1,0,0,1,0,0,0,1,0,0,0,0,0,0
Volkswagen,Tiguan,15000,2025,Benzine,Automatic,1400,SUV,2300000.0,1,0,0,0,0,0,0,0,0,0,0,0,0,0,0,0,0,0,0,0,0
Hyundai,Verna,25649,2017,Benzine,Manual,1500,Sedan,365000.0,0,1,1,0,0,0,0,0,1,0,1,0,0,0,0,0,0,1,0,0,0
Chery,Tiggo 3,130000,2017,Benzine,Automatic,1600,Estate,470000.0,1,1,1,0,0,1,0,1,1,1,1,1,1,0,0,1,0,1,0,0,1
KGM,Torres,17000,2024,Benzine,Automatic,1500,4X4,1775000.0,0,0,1,0,0,0,0,1,0,1,0,0,1,0,1,0,0,0,0,1,0
Seat,Tarraco,70000,2022,Benzine,Automatic,1400,SUV,1800000.0,0,0,0,0,0,0,0,0,1,1,1,0,1,0,0,1,0,1,0,0,0
Renault,Clio,500,2003,Benzine,Manual,1200,Sedan,165000.0,1,0,0,0,0,0,0,0,0,0,0,0,0,0,0,0,0,0,0,1,0
Hyundai,Matrix,167000,2001,Benzine,Automatic,1600,Hatchback,385000.0,0,0,1,0,0,0,0,0,0,0,0,0,0,0,0,0,0,0,0,0,0
Hyundai,Verna,260000,2017,Benzine,Manual,1600,Sedan,390000.0,1,0,1,0,0,0,0,0,0,0,0,0,0,0,0,0,0,0,0,0,0
BMW,320,130000,2016,Benzine,Automatic,2000,Sedan,1400000.0,0,0,0,0,0,0,0,0,0,0,0,0,0,0,0,0,0,0,0,0,0
BMW,320,200000,2011,Benzine,Automatic,2000,Sedan,800000.0,1,0,0,0,0,0,0,0,0,0,0,0,0,0,0,0,0,0,0,0,0
Suzuki,Ciaz,150000,2015,Benzine,Automatic,1400,Sedan,480000.0,1,1,1,0,0,0,0,0,0,0,1,0,0,1,1,1,1,0,0,0,0
MG,HS,20000,2021,Benzine,Automatic,1500,SUV,1075000.0,1,1,0,0,0,0,0,0,0,0,0,0,0,0,0,0,0,0,0,0,0
Skoda,Karoq,160000,2021,Benzine,Automatic,1400,SUV,1150000.0,0,0,0,0,0,0,0,0,0,0,0,0,0,0,0,0,0,0,0,0,0
Toyota,Corolla,50000,2022,Benzine,Automatic,1600,Sedan,1000000.0,1,0,0,0,1,0,0,0,1,0,0,0,0,0,0,0,1,1,0,1,0
Hyundai,Tucson,145000,2019,Benzine,Automatic,1600,SUV,1130000.0,1,0,0,0,0,0,0,0,0,0,0,0,0,0,0,0,0,0,0,0,0
Toyota,Corolla,100000,2019,Benzine,Automatic,1600,Sedan,1050000.0,1,0,0,0,0,0,0,0,0,0,0,0,0,0,0,0,0,0,0,0,0
Mercedes-Benz,C180,99000,2019,Benzine,Automatic,1600,Sports / Coupe,2200000.0,0,0,0,0,1,0,0,0,0,0,0,0,0,0,0,0,0,0,0,0,0
Hyundai,Tucson,120000,2018,Benzine,Automatic,1600,SUV,1250000.0,0,0,1,0,0,0,0,0,1,0,0,0,0,0,0,0,0,0,0,0,0
MG,HS,67000,2022,Benzine,Automatic,1500,SUV,1050000.0,0,0,0,0,0,0,0,0,0,0,0,0,0,0,0,0,0,0,0,0,0
Mercedes-Benz,E200,180000,2004,Benzine,Automatic,1800,Sedan,810000.0,1,0,1,0,0,0,0,0,0,0,0,0,0,0,0,0,0,0,0,0,0
Renault,Sandero,97000,2011,Benzine,Manual,1600,Hatchback,330000.0,0,1,0,0,1,0,0,0,0,0,0,0,0,0,0,0,0,0,0,0,0
Chevrolet,Lanos,42000,2016,Benzine,Manual,1500,Sedan,420000.0,1,0,1,0,0,0,0,0,1,1,0,1,0,0,0,0,0,0,0,0,0
Skoda,Octavia,250000,2006,Benzine,Automatic,1600,Sedan,400000.0,1,1,1,0,0,0,0,0,0,0,0,0,0,0,0,0,0,1,0,0,0
Renault,Duster,148000,2020,Benzine,Automatic,1600,4X4,630000.0,1,0,0,0,0,0,0,0,0,0,0,0,0,0,0,0,0,0,0,0,0
Peugeot,301,100000,2016,Benzine,Automatic,1600,Sedan,600000.0,1,1,0,0,0,0,0,0,0,0,0,0,0,0,0,0,0,0,0,0,0
Hyundai,Avante,235000,2000,Benzine,Automatic,1600,Sedan,325000.0,0,0,1,0,0,0,0,0,0,0,0,0,0,0,0,0,0,0,0,0,0
Alfa Romeo,Giulietta,80000,2019,Benzine,Automatic,1400,Hatchback,950000.0,0,0,0,0,0,0,0,0,0,0,0,0,0,0,0,0,0,0,0,0,0
Hyundai,Sonata,200000,1992,Benzine,Manual,2000,Sedan,150000.0,1,0,0,0,0,0,0,0,0,0,0,0,0,0,0,0,0,0,0,0,0
Daewoo,Lanos,399875,2009,Benzine,Manual,1600,Sedan,195000.0,0,0,0,0,0,0,0,0,0,0,0,0,0,0,0,0,0,0,0,0,0
MG,RX5,40000,2024,Benzine,Automatic,1500,SUV,1280000.0,0,0,0,0,0,0,0,0,0,0,0,0,0,0,0,0,0,0,0,0,0
BMW,316,173000,2010,Benzine,Automatic,1600,Sedan,630000.0,0,0,0,0,0,0,0,0,0,0,0,0,0,0,0,0,0,0,0,0,0
Audi,A4,40000,2021,Benzine,Automatic,2000,Sedan,2170000.0,0,0,0,0,0,0,0,0,0,0,0,0,0,0,0,0,0,0,0,0,0
Mitsubishi,Lancer,69000,2016,Hybrid,Automatic,1600,Sedan,680000.0,1,0,0,0,0,0,0,0,0,0,0,0,0,0,0,1,0,0,0,0,0
Peugeot,405,200000,1999,Benzine,Manual,2000,Sedan,135000.0,1,0,1,0,0,0,0,0,0,0,0,0,0,0,0,0,0,0,0,1,0
Opel,Vectra,218000,2000,Benzine,Manual,1800,Sedan,200000.0,0,0,0,0,0,0,0,0,0,0,0,0,0,1,0,0,0,0,0,0,0
Hyundai,Sonata,250000,2009,Benzine,Automatic,2000,Sedan,500000.0,1,0,1,0,0,0,0,0,0,0,0,0,0,0,0,0,0,0,0,0,0
Chery,Envy,194000,2018,Benzine,Manual,1500,Sedan,350000.0,0,0,0,0,1,0,0,0,0,0,0,0,0,0,0,0,0,0,0,0,0
Skoda,Fantasia,97000,2011,Benzine,Automatic,1600,Sedan,690000.0,1,0,0,0,0,1,0,0,0,0,1,0,1,0,0,1,1,0,0,0,0
Honda,Accord,480000,1989,Benzine,Automatic,2000,Sedan,130000.0,1,0,1,0,0,0,0,1,0,0,0,0,0,0,0,0,0,1,0,0,0
Opel,Vectra,418500,1994,Benzine,Automatic,2000,Sedan,180000.0,0,0,0,0,0,0,0,0,0,0,0,0,0,0,0,0,0,0,0,0,0
Opel,Vectra,200000,2007,Benzine,Manual,1500,Sedan,400000.0,1,0,0,0,0,0,0,0,0,0,0,0,0,0,0,0,0,0,0,0,0
Renault,Rainbow,5000,1997,Benzine,Manual,1400,Sedan,120000.0,0,0,0,0,0,0,0,0,0,0,0,0,0,0,0,0,0,0,0,0,0
Skoda,Fabia,200000,2006,Benzine,Manual,1400,Sedan,230000.0,0,0,0,0,0,0,0,0,0,0,0,0,0,0,0,0,0,0,0,0,0
Speranza,A113,120000,2013,Benzine,Manual,1300,Hatchback,225000.0,1,0,0,0,1,0,0,0,0,0,0,0,0,0,0,0,0,1,0,0,0
Chery,Tiggo 3,87000,2019,Benzine,Automatic,1600,Hatchback,570000.0,1,0,0,0,0,0,0,0,0,0,0,0,0,0,0,0,0,0,0,0,0
Opel,Insignia,317000,2016,Benzine,Automatic,1600,Sedan,850000.0,0,0,1,0,0,0,0,0,0,0,1,1,0,0,0,0,0,0,0,0,0
Renault,Sandero,105000,2015,Benzine,Manual,1600,Hatchback,380000.0,0,0,0,0,0,0,0,0,0,0,0,0,0,0,0,0,0,0,0,0,0
Mercedes-Benz,E200,420000,1981,Natural Gas,Automatic,2000,Sedan,235000.0,1,1,0,0,0,0,0,0,0,0,0,0,0,0,0,0,0,0,0,0,0
Chevrolet,Optra,415000,2008,Benzine,Manual,1600,Sedan,275000.0,1,0,1,0,0,0,0,0,0,0,0,0,0,0,0,0,0,0,0,0,0
Peugeot,3008,95000,2019,Benzine,Automatic,1600,SUV,990000.0,1,1,1,0,0,1,0,0,0,0,0,0,0,0,0,0,0,1,0,1,0
Chevrolet,Optra,120000,2010,Benzine,Automatic,1600,Sedan,400000.0,1,0,0,0,0,0,0,0,0,0,0,0,0,0,0,0,0,0,0,0,0
Kia,Sportage,71000,2020,Benzine,Automatic,1600,Other,1490000.0,1,0,0,0,0,0,0,1,0,0,0,0,0,0,1,0,0,0,0,0,0
Proton,Gen-2,300000,2007,Benzine,Automatic,1600,Hatchback,320000.0,1,0,1,1,0,0,0,0,1,0,0,1,0,0,0,0,1,0,0,0,0
BMW,520,198000,2019,Benzine,Automatic,2000,Sedan,1800000.0,1,0,1,0,0,0,0,0,0,0,0,0,0,0,0,0,0,0,0,0,0
Honda,Accord,170000,2019,Benzine,Automatic,1500,Sedan,870000.0,1,0,1,0,1,0,0,0,0,0,0,0,0,0,0,0,0,1,0,0,0
Hyundai,Matrix,200000,2004,Benzine,Automatic,1600,Hatchback,400000.0,1,0,0,0,0,0,0,0,0,0,0,0,0,0,0,0,0,0,0,0,0
Volkswagen,Passat,155000,2016,Benzine,Automatic,1400,Sedan,850000.0,0,1,0,0,0,0,0,1,0,0,0,0,0,0,0,0,0,0,0,0,0
Opel,Astra,110000,2017,Benzine,Automatic,1600,Sedan,650000.0,1,0,1,0,0,0,0,0,1,0,1,0,0,0,0,0,1,1,1,0,0
Daewoo,Lanos,130000,2002,Benzine,Manual,1500,Sedan,250000.0,1,0,1,0,0,0,0,0,0,0,0,0,0,0,0,0,0,0,0,0,0
Toyota,Corolla,130000,2021,Benzine,Automatic,1600,Sedan,1100000.0,1,0,1,0,0,0,0,0,0,0,0,0,0,0,0,0,0,0,0,0,0
Brilliance,Galena,290000,2008,Benzine,Automatic,2000,Sedan,200000.0,0,0,0,0,0,0,0,0,0,0,0,0,0,0,0,0,0,0,0,0,0
Chevrolet,Cruze,220000,2010,Benzine,Automatic,1600,Sedan,360000.0,1,0,0,0,0,0,0,0,0,0,0,0,0,0,0,0,0,0,0,0,0
Speranza,A516,250000,2008,Benzine,Manual,1600,Sedan,235000.0,1,0,1,0,0,0,0,0,0,0,0,0,0,1,0,1,0,1,0,1,0
Hyundai,Verna,13000,2014,Benzine,Automatic,1600,Sedan,530000.0,0,0,0,0,0,0,0,0,0,0,0,0,0,0,0,0,0,0,0,0,0
Opel,Vectra,280000,2008,Benzine,Automatic,1600,Sedan,360000.0,0,0,1,0,0,0,0,0,0,0,0,0,0,0,0,0,0,0,0,0,0
Kia,Picanto,95000,2009,Benzine,Manual,1100,Hatchback,320000.0,1,0,0,0,0,0,0,0,0,0,0,0,0,0,0,0,0,0,0,0,0
Hyundai,Elantra,153000,2019,Benzine,Automatic,1600,Sedan,830000.0,0,0,0,0,0,0,0,0,0,0,0,0,0,0,0,1,1,0,0,0,0
Chevrolet,Spark,120000,2012,Benzine,Automatic,1200,Hatchback,380000.0,1,0,0,0,0,0,0,0,0,0,0,0,0,0,0,0,0,1,0,0,0
Hyundai,Avante,75,2016,Benzine,Automatic,1600,Sedan,795000.0,1,0,0,0,0,0,0,0,0,0,0,0,0,0,0,0,0,0,0,0,0
Fiat,Punto,64000,2019,Benzine,Automatic,1400,Hatchback,580000.0,1,1,1,0,1,1,0,0,0,0,0,0,0,0,0,0,0,0,0,0,0
BMW,316,190000,2013,Benzine,Automatic,1600,Sedan,640000.0,0,0,0,0,0,0,0,0,0,0,0,0,0,0,0,0,0,1,0,1,0
Mitsubishi,Pajero,165000,2017,Benzine,Automatic,3500,4X4,1750000.0,0,0,1,0,0,0,0,0,0,0,0,0,0,0,0,0,0,0,0,0,0
Cupra,Formentor,29000,2024,Benzine,Automatic,2000,SUV,2000000.0,1,0,0,0,0,0,0,0,0,0,0,0,0,0,0,0,0,0,0,0,0
BMW,X3,196000,2016,Benzine,Automatic,3000,Hatchback,1500000.0,1,0,0,0,0,0,0,1,0,1,0,0,0,0,0,0,0,0,0,0,0
Mitsubishi,Lancer,380000,1999,Benzine,Automatic,1500,Sedan,265000.0,1,0,0,0,0,0,0,0,0,0,0,0,0,0,0,0,0,0,0,1,0
Chevrolet,Lanos,200000,2012,Benzine,Manual,1500,Sedan,300000.0,1,1,1,0,0,0,0,0,0,0,0,0,0,0,0,0,0,0,0,1,0
BMW,528,177000,2011,Benzine,Automatic,3000,Sedan,1150000.0,0,0,0,0,0,0,0,0,0,0,0,0,0,0,0,0,0,0,0,0,0
Opel,Astra,180000,2007,Benzine,Automatic,1600,Hatchback,290000.0,1,0,1,0,0,0,0,0,0,0,0,0,0,0,0,0,0,0,0,0,0
Renault,Megane,135000,2019,Benzine,Automatic,1600,Sedan,720000.0,1,0,0,0,1,0,0,0,0,0,0,0,0,0,0,0,0,0,0,0,0
Opel,Astra,73000,2001,Benzine,Manual,1200,Sedan,340000.0,1,0,1,0,0,0,0,0,1,1,0,1,0,0,0,0,0,0,0,0,0
Daewoo,Nubira,210000,1997,Benzine,Automatic,1500,Sedan,240000.0,1,0,0,0,0,0,0,0,0,1,0,0,0,0,0,0,0,1,1,0,0
Mercedes-Benz,E200,115000,2013,Benzine,Automatic,1800,Sedan,2050000.0,0,0,0,0,0,0,0,0,0,0,0,0,0,0,0,0,0,0,0,0,0
Peugeot,405,350000,1995,Benzine,Manual,1600,Sedan,185000.0,0,0,0,0,0,0,0,0,0,0,0,0,0,0,0,0,0,1,0,0,0
BMW,X6,145000,2017,Benzine,Automatic,3500,4X4,2650000.0,0,0,1,0,0,0,0,0,0,0,0,0,0,0,0,0,0,0,0,0,0
Renault,Kadjar,125000,2018,Benzine,Automatic,1400,SUV,770000.0,1,0,1,0,0,0,0,0,0,0,0,0,0,0,0,0,0,0,0,0,0
Geely,Ck,180000,2006,Benzine,Manual,1500,Sedan,130000.0,0,0,0,1,0,0,0,0,0,0,0,0,0,0,0,0,0,0,0,0,0
Chery,Tiggo 3,42000,2023,Benzine,Automatic,1600,Hatchback,690000.0,0,0,0,0,0,0,0,0,0,0,0,0,0,0,0,0,0,0,0,0,0
Chrysler,PT Cruiser,162000,2007,Benzine,Manual,1600,Estate,320000.0,1,1,1,0,0,0,0,1,0,0,0,0,0,0,0,0,0,1,0,0,0
Daewoo,Lanos,19955,2000,Benzine,Manual,1300,Sedan,245000.0,1,0,1,0,0,0,0,0,0,0,0,0,0,0,0,0,0,0,0,0,0
Geely,Pandido,65300,2014,Benzine,Manual,1340,Hatchback,250000.0,0,0,0,0,0,0,0,0,0,0,0,0,0,0,0,0,0,0,0,0,0
Chery,Envy,30000,2013,Benzine,Manual,1500,Sedan,230000.0,0,0,1,0,0,0,0,0,0,0,0,0,0,0,0,0,0,0,0,0,0
BMW,520,120000,2018,Benzine,Automatic,1600,Sedan,1950000.0,1,0,0,0,0,0,0,0,0,0,0,0,0,0,0,0,0,0,0,0,0
Brilliance,FRV Cross,130000,2015,Benzine,Automatic,1500,Hatchback,430000.0,1,1,1,1,1,0,1,0,1,0,0,0,0,0,0,1,1,1,0,1,0
Hyundai,Sonata,418000,2008,Benzine,Automatic,2400,Sedan,500000.0,0,0,1,0,0,0,0,0,1,0,0,0,0,0,0,0,0,1,0,0,0
Volkswagen,Tiguan,13500,2024,Hybrid,Automatic,1500,SUV,2100000.0,0,0,0,0,0,0,0,0,1,0,0,0,0,0,0,1,1,1,0,0,0
Kia,Sportage,80000,2020,Benzine,Automatic,1600,SUV,1375000.0,0,0,0,0,0,0,0,0,0,0,0,0,0,0,0,0,0,0,0,0,0
Opel,Vectra,290000,2007,Benzine,Manual,1600,Sedan,360000.0,1,0,1,0,0,0,0,0,1,0,0,0,0,0,0,0,0,0,0,0,0
BMW,320,400000,1996,Benzine,Manual,2000,Sedan,320000.0,1,0,0,0,0,0,0,0,0,1,0,0,0,0,0,0,0,1,0,1,0
Jeep,Cherokee,140000,2013,Benzine,Automatic,3700,4X4,1150000.0,0,0,1,0,0,0,0,0,0,0,0,0,0,0,0,0,0,0,0,0,0
Peugeot,508,95000,2022,Benzine,Automatic,1600,Sedan,1325000.0,1,1,0,0,0,1,0,0,0,0,0,0,0,0,0,0,0,0,0,0,0
Skoda,Octavia,58000,2021,Benzine,Automatic,1500,Sedan,1350000.0,1,0,0,0,1,0,0,0,0,0,0,0,0,0,0,0,0,0,0,1,0
Kia,Sportage,136000,2020,Benzine,Automatic,1600,SUV,1350000.0,1,0,0,0,1,0,0,1,0,0,0,0,0,0,1,0,0,0,0,1,0
Jeep,Renegade,247000,2018,Benzine,Automatic,2400,SUV,700000.0,1,0,0,0,0,0,0,0,0,0,0,0,0,0,0,0,0,0,0,0,0
Renault,Duster,88000,2019,Benzine,Automatic,1600,Hatchback,770000.0,0,0,0,0,0,1,0,0,0,0,0,0,0,0,1,0,0,0,0,0,1
Chevrolet,Optra,6000,2025,Benzine,Automatic,1500,Sedan,705000.0,0,1,1,0,0,0,0,0,1,0,0,1,0,0,0,0,0,0,0,0,0
BMW,318,179000,2017,Benzine,Automatic,1500,Sedan,1250000.0,1,0,1,0,0,0,0,0,0,0,0,0,0,0,0,0,0,0,0,0,0
Mercedes-Benz,C180,50000,2020,Benzine,Automatic,1800,Sedan,1700000.0,0,0,0,0,0,0,0,0,0,0,0,0,0,0,0,0,0,0,0,0,0
Nissan,Sentra,32000,2024,Benzine,Automatic,1600,Sedan,820000.0,1,0,0,0,0,0,0,0,0,0,0,0,0,0,0,0,0,0,0,0,0
Other make,Dongfeng,52000,2023,Benzine,Automatic,1500,Sedan,1100000.0,0,1,1,0,0,0,0,0,0,0,0,0,0,0,0,0,0,1,0,0,0
Mercedes-Benz,C180,175000,2014,Benzine,Automatic,1600,Sedan,1470000.0,0,0,0,0,1,0,0,0,0,0,0,0,0,0,0,0,0,0,0,0,1
Kia,Sportage,470000,2012,Benzine,Automatic,1600,4X4,850000.0,1,0,0,0,0,0,0,0,0,0,0,0,0,0,0,0,0,0,0,0,0
Chevrolet,Optra,170000,2007,Benzine,Manual,1600,Sedan,380000.0,0,0,1,0,0,0,0,0,0,0,0,0,0,0,0,0,0,0,0,0,0
Toyota,Corolla,94000,2022,Benzine,Automatic,1600,Sedan,920000.0,1,0,0,0,0,0,0,0,1,0,0,0,0,0,0,0,0,1,0,0,0
Renault,Rainbow,120000,2000,Benzine,Manual,1200,Sedan,100000.0,0,0,0,0,0,0,0,0,0,0,0,0,0,0,0,0,0,0,0,0,0
Seat,Ibiza,195000,2006,Benzine,Automatic,1400,Hatchback,350000.0,0,0,0,0,0,0,0,0,0,0,0,0,0,0,0,0,0,0,0,0,0
Volkswagen,Jetta,300000,2008,Benzine,Automatic,1600,Sedan,590000.0,0,0,1,0,1,0,0,0,1,1,1,1,0,0,0,0,1,1,0,0,0
Mercedes-Benz,E200,120000,2020,Benzine,Automatic,2000,Sedan,2550000.0,0,0,0,0,0,0,0,1,0,0,0,0,0,0,0,0,0,1,0,0,0
Chevrolet,Lanos,185000,2011,Benzine,Manual,1500,Sedan,220000.0,0,0,0,0,0,0,0,0,0,0,0,0,0,0,0,0,0,0,0,0,0
Mercedes-Benz,C250,140000,2012,Benzine,Automatic,1800,Sedan,1350000.0,1,0,0,0,0,0,0,1,0,0,0,0,0,0,0,0,0,0,0,0,0
Mercedes-Benz,200,380000,1990,Benzine,Manual,2000,Sedan,330000.0,0,0,0,0,0,0,0,0,0,0,0,0,0,0,0,0,0,1,0,0,0
Renault,Fluence,200000,2014,Benzine,Automatic,1600,Sedan,520000.0,1,0,0,0,0,0,0,0,0,0,0,0,0,0,0,0,0,0,0,0,0
Skoda,Octavia,95000,2015,Benzine,Automatic,1600,Sedan,900000.0,1,0,0,0,0,0,0,0,0,0,1,0,0,0,0,0,0,1,0,0,0
Chevrolet,N300,110000,2020,Benzine,Manual,1300,Van / Bus,500000.0,1,0,0,0,0,0,0,0,0,0,0,0,0,0,0,0,0,0,0,0,0
Daewoo,Lanos,282000,2006,Benzine,Manual,1500,Sedan,260000.0,1,0,1,0,0,0,0,0,0,0,0,0,0,0,0,0,0,1,0,0,0
Nissan,Sunny,163000,2016,Benzine,Automatic,1600,Sedan,400000.0,1,1,0,0,0,0,0,0,0,0,0,0,0,0,0,0,0,0,0,0,0
Opel,Corsa,173000,2010,Benzine,Automatic,1400,Hatchback,330000.0,1,0,0,0,0,0,0,0,0,0,0,0,0,0,0,0,0,0,0,0,0
Kia,Pride,250000,2009,Benzine,Manual,1300,Sedan,155000.0,1,0,0,0,0,0,0,0,0,0,0,0,0,0,0,0,0,1,0,0,0
Opel,Corsa,250000,2006,Benzine,Manual,1600,Sedan,190000.0,0,0,0,0,0,0,0,0,0,0,0,0,0,0,0,0,0,0,0,0,0
Nissan,Sunny,1111,2009,Benzine,Manual,1600,Sedan,380000.0,0,0,0,0,0,0,0,0,0,0,0,0,0,0,0,0,0,0,0,0,0
Chevrolet,Lanos,160000,2013,Benzine,Automatic,1500,Sedan,300000.0,1,0,1,0,0,0,0,0,0,0,0,0,0,0,0,0,0,0,0,0,0
MINI,Cooper,102000,2019,Benzine,Automatic,1500,Sports / Coupe,1250000.0,0,0,0,0,0,0,0,0,0,0,0,0,0,0,0,0,0,0,0,0,0
Hyundai,Avante,17600,2007,Benzine,Automatic,1600,Sedan,585000.0,0,0,0,0,0,0,0,0,0,0,1,0,0,0,0,1,1,0,0,0,0
Jeep,Cherokee,3700,2009,Benzine,Automatic,3700,SUV,750000.0,1,0,1,0,0,0,0,1,0,0,0,0,0,0,0,0,0,0,0,0,0
Chevrolet,N300,79500,2022,Benzine,Manual,1300,Van / Bus,535000.0,1,0,0,0,0,0,0,0,0,0,0,0,0,0,0,0,0,0,0,0,0
Volkswagen,Jetta,121000,2019,Benzine,Automatic,1400,Sedan,1100000.0,0,1,1,0,0,0,0,0,1,0,1,0,1,0,0,0,0,1,0,0,0
Ford,Fiesta,58000,1999,Benzine,Manual,1300,Hatchback,170000.0,1,0,0,0,0,0,0,0,0,0,0,0,0,0,0,0,0,1,0,0,0
Hyundai,Excel,190000,1997,Benzine,Manual,1300,Sedan,100000.0,0,0,0,0,0,0,0,0,0,0,0,0,0,0,0,0,0,0,0,0,0
Mercedes-Benz,C200,310000,2009,Benzine,Automatic,1800,Sedan,1050000.0,0,0,0,1,0,0,0,0,0,0,0,0,0,0,0,0,0,0,0,0,0
Opel,Vectra,222000,2008,Benzine,Manual,1600,Sedan,385000.0,1,0,1,0,0,0,0,0,1,1,0,1,1,0,0,1,1,0,0,0,0
Hyundai,Verna,330000,2012,Benzine,Automatic,1600,Sedan,370000.0,1,0,0,0,0,0,0,0,0,0,0,0,0,0,0,0,0,0,0,0,0
Hyundai,Excel,264926,1997,Benzine,Manual,1300,4X4,115000.0,0,0,1,0,0,0,0,0,0,0,0,0,0,0,0,0,0,0,0,0,0
Suzuki,Van,112000,2013,Benzine,Manual,1000,Van / Bus,240000.0,1,0,1,0,0,0,0,0,0,0,0,0,0,0,0,0,0,0,0,0,0
Opel,Corsa,175000,2007,Benzine,Manual,1600,Sedan,260000.0,1,0,1,0,1,0,0,0,1,0,0,0,0,0,0,0,0,0,0,0,0
Nissan,Sunny,80000,2020,Benzine,Automatic,1500,Sedan,495000.0,1,0,1,0,0,0,0,0,0,0,0,0,0,0,0,0,0,0,0,0,0
Mercedes-Benz,C180,247000,2006,Benzine,Automatic,1800,Sedan,750000.0,0,1,1,0,0,0,0,0,0,0,0,0,0,0,0,0,0,1,0,0,0
Toyota,Yaris,400000,2007,Benzine,Manual,1300,Sedan,350000.0,1,0,1,0,0,0,0,0,0,0,0,0,0,0,0,0,0,0,0,0,0
Renault,Duster,115000,2019,Benzine,Automatic,1600,SUV,710000.0,1,1,1,0,0,0,0,0,0,0,1,0,0,1,1,1,0,0,0,0,0
Suzuki,Swift,73000,2022,Benzine,Automatic,1200,Sedan,630000.0,0,0,0,0,0,0,0,0,0,0,0,0,0,0,0,0,0,0,0,0,0
Renault,Sandero Stepway,90000,2019,Benzine,Automatic,1600,Hatchback,590000.0,1,0,0,1,0,0,0,0,0,1,1,1,1,0,0,1,1,0,0,1,0
Kia,Picanto,118000,2014,Benzine,Automatic,1300,Hatchback,440000.0,1,0,0,0,0,0,0,0,0,0,0,0,0,0,0,0,0,0,0,0,0
Ford,Focus,185000,2018,Benzine,Automatic,1000,Sedan,630000.0,1,0,0,0,0,0,0,0,0,0,0,0,0,0,0,0,0,0,0,0,0
Toyota,Corolla,190000,2015,Benzine,Automatic,1600,Sedan,740000.0,1,1,1,0,0,0,0,0,1,0,1,0,1,0,0,0,0,1,0,0,0
Skoda,Superb,90000,2021,Benzine,Automatic,1400,Sedan,1585000.0,1,0,0,0,0,0,0,0,0,0,0,0,0,0,0,0,0,0,0,0,0
Citroen,C4,286000,2006,Benzine,Manual,1600,Hatchback,265000.0,0,0,1,0,0,0,0,0,0,0,0,0,0,0,0,0,0,0,0,0,0
Nissan,Qashqai,9000,2025,Benzine,Automatic,1300,SUV,1520000.0,0,0,0,0,0,0,0,0,0,1,1,0,1,0,1,0,0,1,0,1,0
Peugeot,301,168000,2015,Benzine,Automatic,1600,Sedan,470000.0,1,0,0,0,0,0,0,0,1,0,0,0,0,0,0,0,0,0,0,0,0
Audi,Q3,65000,2021,Benzine,Automatic,1600,SUV,1970000.0,0,1,0,0,0,1,0,0,0,0,0,0,0,0,0,0,0,0,0,0,0
Peugeot,508,75000,2022,Benzine,Automatic,1600,Sedan,1150000.0,0,0,0,0,0,0,0,0,0,1,0,0,1,0,0,1,0,1,0,0,0
Mitsubishi,Lancer,150000,1996,Benzine,Manual,1600,Sedan,300000.0,1,0,0,0,0,0,0,0,1,0,0,0,0,1,0,0,0,0,0,0,0
Mercedes-Benz,E200,78000,2018,Benzine,Automatic,2000,Sedan,2650000.0,1,0,0,0,0,0,0,0,0,0,0,0,0,0,0,0,0,0,0,0,0
Mercedes-Benz,C180,200000,2012,Benzine,Automatic,1500,Sedan,1100000.0,1,0,0,0,0,0,0,0,0,0,0,0,0,0,0,0,0,1,0,0,0
MG,MG 5,10000,2025,Benzine,Automatic,1600,Sedan,820000.0,1,1,0,0,0,0,0,1,0,0,0,0,0,1,1,1,0,0,0,0,0
BYD,F3,40000,2018,Benzine,Manual,1500,Other,340000.0,1,0,1,0,0,0,0,0,0,0,0,0,0,0,0,0,0,0,0,0,0
Fiat,Punto,200000,2000,Benzine,Manual,1300,Hatchback,190000.0,1,0,1,1,1,0,0,0,1,0,0,0,0,0,0,0,0,1,0,1,0
Subaru,Impreza,105000,2005,Benzine,Manual,2500,Sedan,430000.0,0,1,1,0,0,0,0,0,0,0,0,0,0,0,0,0,0,0,0,0,0
Jeep,Liberty,200615,2005,Benzine,Automatic,3700,4X4,640000.0,0,0,0,0,1,0,0,0,0,0,0,0,0,0,0,0,0,0,0,0,0
Nissan,Sunny,174000,2017,Benzine,Automatic,1500,Sedan,440000.0,1,0,1,0,0,0,0,0,0,0,0,0,0,0,0,0,0,0,0,0,0
Suzuki,Dzire,93000,2022,Benzine,Manual,1200,Sedan,600000.0,0,0,0,0,0,0,0,0,0,0,0,0,0,0,0,0,0,0,0,0,0
Hyundai,Elantra,200,2013,Benzine,Automatic,1600,Sedan,540000.0,1,0,1,0,0,0,0,0,0,0,0,0,0,0,0,0,0,0,0,0,0
Opel,Astra,200000,2013,Benzine,Automatic,1600,Sedan,535000.0,1,0,1,0,1,0,0,0,0,0,0,0,0,0,0,0,0,0,0,0,0
Hyundai,Coupe,110000,2004,Benzine,Automatic,2000,Sports / Coupe,450000.0,1,0,1,0,0,0,0,0,0,1,0,0,0,0,0,0,0,0,0,0,0
Kia,Cerato,19000,2021,Benzine,Automatic,1600,Sedan,1150000.0,1,1,0,0,0,0,0,0,0,0,0,0,0,0,0,0,0,0,0,0,0
Mazda,3,140000,2019,Benzine,Automatic,1600,Sedan,715000.0,0,0,1,0,0,0,0,0,0,0,0,0,0,0,0,0,0,0,0,0,0
Renault,Logan,97000,2021,Benzine,Automatic,1600,Sedan,550000.0,1,1,0,0,0,1,0,0,0,0,0,0,0,0,0,0,0,1,0,0,0
Chevrolet,Aveo,293000,2007,Benzine,Manual,1500,Sedan,340000.0,1,0,0,0,0,0,0,0,1,0,0,0,0,0,0,0,0,0,0,0,0
Suzuki,Swift,74000,1997,Benzine,Manual,1300,Sedan,140000.0,0,0,0,0,0,0,0,0,0,0,0,0,0,1,0,0,0,1,0,0,0
Renault,Logan,325000,2016,Benzine,Manual,1600,Sedan,330000.0,0,0,0,0,0,0,0,0,0,0,0,0,0,0,0,0,0,0,0,0,0
MG,MG 5,120000,2021,Benzine,Automatic,1600,Sedan,720000.0,1,0,0,0,0,1,0,0,0,0,0,0,0,0,0,0,0,0,0,0,0
Toyota,Yaris,225,2007,Benzine,Automatic,1300,Sedan,375000.0,0,0,1,0,0,0,0,0,0,0,0,0,0,0,0,0,0,0,0,0,0
BMW,X5 M,86000,2015,Benzine,Automatic,4400,SUV,2100000.0,0,0,0,0,0,0,0,0,0,0,0,0,0,0,0,0,0,0,0,0,0
Speranza,A113,65000,2012,Benzine,Manual,1300,Hatchback,220000.0,0,0,1,0,0,0,0,0,1,0,0,0,0,0,0,0,0,0,0,0,0
Kia,K3,20000,2024,Benzine,Automatic,1500,Sedan,1250000.0,0,0,0,0,0,0,0,0,0,0,0,0,0,0,1,0,0,0,0,0,0
Seat,Leon,145000,2020,Benzine,Automatic,1600,Hatchback,995000.0,1,1,0,0,0,0,0,0,0,0,0,0,0,0,0,0,0,0,0,0,0
Kia,Cerato,81000,2020,Benzine,Automatic,1600,Sedan,920000.0,0,0,0,0,0,1,0,0,0,0,0,0,0,0,0,0,0,0,0,0,0
Chevrolet,Optra,145000,2016,Benzine,Automatic,1500,Sedan,450000.0,0,0,0,0,0,0,0,0,0,0,0,0,0,0,0,0,0,0,0,0,0
Nissan,Qashqai,160000,2017,Benzine,Automatic,1200,SUV,660000.0,1,0,0,0,0,0,0,0,0,0,0,0,0,0,0,0,0,0,0,0,0
BMW,740,30000,2007,Benzine,Automatic,3600,Sedan,700000.0,0,0,0,0,0,0,0,0,0,0,0,0,0,0,0,0,0,0,0,0,0
BMW,520,120000,2019,Natural Gas,Automatic,2000,Sedan,1950000.0,0,0,0,0,0,0,0,0,0,0,0,0,0,0,0,0,0,0,0,0,0
Opel,Insignia,120000,2019,Benzine,Automatic,1500,Sedan,1020000.0,1,0,0,0,0,0,0,0,0,0,0,0,0,0,0,0,0,0,0,0,0
Renault,Megane,100000,2021,Benzine,Automatic,1600,Sedan,790000.0,1,0,0,0,0,0,0,0,0,0,0,0,0,0,0,0,1,0,1,0,0
Hyundai,Elantra,270000,2016,Benzine,Automatic,1600,Sedan,650000.0,1,0,0,0,0,0,0,0,1,0,1,0,0,0,0,1,0,1,0,0,0
Speranza,A113,150000,2008,Benzine,Manual,1300,Hatchback,205000.0,1,1,1,0,1,0,0,0,1,0,0,0,0,0,0,0,0,1,0,0,1
Jetour,X90,73500,2024,Benzine,Automatic,1600,SUV,1300000.0,0,0,0,1,1,0,0,0,0,0,0,0,0,0,0,0,0,0,0,1,0
BMW,X1,62000,2018,Benzine,Automatic,1500,SUV,1500000.0,0,0,0,0,0,0,0,0,0,0,0,0,0,0,0,0,0,0,0,0,0
Audi,Q3,170000,2017,Benzine,Automatic,1400,SUV,1150000.0,0,1,0,0,1,1,0,0,0,0,0,0,0,0,0,0,0,0,0,0,1
Hyundai,Tucson,23000,2020,Benzine,Automatic,1600,SUV,1400000.0,0,0,1,0,0,0,0,0,0,0,0,0,0,0,0,0,0,0,0,0,0
Kia,Cerato,135000,2014,Benzine,Automatic,1600,Sedan,770000.0,1,0,0,0,0,0,0,0,0,0,0,0,0,0,0,0,0,0,0,0,0
Hyundai,Matrix,293000,2005,Benzine,Automatic,1600,Hatchback,410000.0,1,0,1,0,1,0,0,0,1,0,0,0,0,0,0,0,0,0,0,0,0
Chevrolet,Captiva,80000,2021,Benzine,Automatic,1600,Hatchback,940000.0,0,0,1,0,0,0,0,0,1,0,1,0,0,0,0,0,0,0,0,0,0
Hyundai,Accent,210,2010,Benzine,Automatic,1500,Sedan,500000.0,0,1,0,0,0,0,0,0,0,0,0,0,0,0,0,0,0,0,0,0,0
Fiat,Siena,250000,2001,Benzine,Manual,1400,Sedan,160000.0,0,0,0,0,0,0,0,0,0,0,0,0,0,0,0,0,0,0,0,0,0
Audi,A3,94000,2020,Benzine,Automatic,1000,Sedan,1200000.0,1,0,0,0,0,0,0,0,0,0,0,0,0,0,0,0,0,0,0,0,0
Kia,Rio,160000,2015,Benzine,Automatic,1500,Sedan,560000.0,1,0,0,0,0,0,0,0,0,0,0,0,0,0,0,0,0,0,0,0,0
Mercedes-Benz,CLA 200,30000,2023,Benzine,Automatic,1300,Sports / Coupe,2475000.0,0,0,0,0,0,0,0,0,0,0,0,0,0,0,0,0,0,0,0,0,0
BMW,318,210000,2016,Benzine,Automatic,1500,Sedan,1075000.0,1,0,1,0,1,0,0,0,1,0,0,0,0,0,0,0,0,1,0,0,0
Renault,Logan,80000,2020,Benzine,Automatic,1600,Sedan,515000.0,1,0,1,0,0,0,0,0,1,0,0,0,0,0,0,0,0,0,0,0,0
Mercedes-Benz,C200,245000,2008,Benzine,Automatic,1800,Sedan,850000.0,0,0,0,0,0,0,0,0,0,0,0,0,0,0,0,0,0,0,0,0,0
Peugeot,Partner,200000,2008,Benzine,Manual,1600,Van / Bus,170000.0,1,0,0,0,0,0,0,0,0,0,0,0,0,0,0,0,0,0,0,0,0
Volkswagen,Passat,270000,2008,Benzine,Automatic,1600,Sedan,680000.0,1,1,0,0,1,0,0,0,0,0,0,0,0,0,0,0,1,0,0,0,0
Toyota,Yaris,335000,2008,Benzine,Automatic,1300,Sedan,460000.0,1,0,0,0,0,0,0,0,0,0,0,0,0,0,0,0,0,0,0,0,0
Daewoo,Nubira,282000,2007,Benzine,Manual,1600,Sedan,250000.0,1,0,1,0,0,0,0,0,0,0,0,0,0,0,0,0,0,0,0,0,0
Peugeot,406,283000,2001,Benzine,Automatic,2000,Other,240000.0,1,0,0,0,0,0,0,0,0,0,0,0,0,0,0,0,0,0,0,0,0
Volkswagen,Pointer,150000,2004,Benzine,Manual,1000,Hatchback,225000.0,1,1,0,0,0,0,0,0,0,0,0,0,0,0,0,0,0,1,0,0,0
Citroen,C3 Aircross,78000,2021,Benzine,Automatic,1200,Hatchback,725000.0,1,1,0,0,0,1,0,0,0,0,0,0,0,0,0,0,0,0,0,0,0
Kia,Picanto,140000,2009,Benzine,Automatic,1100,Hatchback,400000.0,1,0,0,0,0,0,0,0,0,0,0,0,0,0,0,0,0,1,0,0,0
Subaru,XV,90000,2022,Benzine,Automatic,1600,SUV,1380000.0,1,0,0,0,0,0,0,0,0,0,0,0,0,0,0,0,0,0,0,0,0
Peugeot,3008,66000,2022,Benzine,Automatic,1600,SUV,1250000.0,0,1,0,0,0,0,0,0,0,1,1,1,0,0,0,0,0,1,0,0,0
Citroen,C4,59000,2023,Benzine,Automatic,1200,Hatchback,1150000.0,1,0,0,0,0,0,0,0,0,0,0,0,0,0,0,0,0,0,0,0,0
Opel,Astra,190000,2009,Benzine,Automatic,1600,Sports / Coupe,540000.0,1,0,0,0,0,0,0,0,0,0,0,0,0,0,0,0,0,0,0,0,0
Renault,Logan,170000,2015,Benzine,Manual,1600,Sedan,450000.0,1,1,0,0,0,0,0,0,1,0,0,0,0,0,0,0,0,0,0,0,0
Fiat,Tempra,200000,1990,Hybrid,Manual,1600,Sedan,100000.0,1,0,1,0,1,0,0,0,1,0,0,0,0,0,0,0,0,0,0,0,0
Nissan,Bluebird,282000,2009,Benzine,Automatic,1600,Sedan,350000.0,1,0,0,0,0,0,0,0,0,0,0,0,0,0,0,0,0,0,0,0,0
Nissan,Sunny,110000,2015,Benzine,Automatic,1500,Sedan,495000.0,1,0,0,0,1,0,0,0,0,0,0,0,0,0,0,0,0,0,0,0,0
Mercedes-Benz,200,190000,2019,Hybrid,Automatic,1500,Sedan,2150000.0,0,0,1,0,0,0,0,0,0,0,0,0,0,0,0,0,0,0,0,0,0
Renault,Duster,115000,2021,Benzine,Automatic,1600,SUV,695000.0,1,0,1,0,0,1,0,0,0,0,0,0,0,0,0,0,0,0,0,0,0
Renault,Scala,285000,2011,Benzine,Automatic,1600,Sedan,410000.0,0,0,1,0,0,0,0,0,0,0,0,0,0,0,0,0,0,1,0,0,0
Toyota,Yaris,300000,2008,Benzine,Automatic,1300,Sedan,350000.0,0,0,0,0,0,0,0,0,0,0,0,0,0,0,0,0,0,0,0,0,0
Skoda,Octavia,290000,2006,Benzine,Automatic,1600,Sedan,360000.0,1,1,1,0,0,0,0,0,0,0,0,0,0,0,0,0,0,0,0,0,0
Ford,Focus,35000,2021,Benzine,Automatic,1500,Hatchback,885000.0,1,0,0,0,0,0,0,0,0,1,1,1,0,0,1,1,0,0,0,0,0
Renault,Logan,320000,2016,Benzine,Manual,1600,Sedan,300000.0,1,0,0,0,0,0,0,0,0,0,0,0,0,0,0,0,0,0,0,0,0
BMW,X5 M,188000,2016,Benzine,Automatic,4400,SUV,2050000.0,1,0,0,0,0,1,0,0,0,0,0,0,0,0,0,0,0,0,0,0,0
Renault,12,240000,2012,Benzine,Manual,1600,Sedan,300000.0,0,0,0,0,0,0,0,0,0,0,0,0,0,0,0,0,0,0,0,0,0
Opel,Vectra,200000,1995,Benzine,Automatic,2000,Sedan,115000.0,0,0,0,0,0,0,0,0,0,0,0,0,0,0,0,0,0,0,0,0,0
Opel,Vectra,194000,2000,Benzine,Manual,1600,4X4,240000.0,0,1,0,0,0,0,0,0,0,0,0,0,0,0,0,0,0,0,0,0,0
Hyundai,Getz,178000,2009,Benzine,Automatic,1600,Hatchback,460000.0,1,0,0,0,0,0,0,0,0,0,0,0,0,0,0,0,0,0,0,0,0
Volkswagen,Polo,100,1995,Benzine,Manual,1300,Hatchback,140000.0,0,0,0,0,0,0,0,0,0,0,0,0,0,0,0,0,0,0,0,0,0
BMW,316,170000,2015,Benzine,Automatic,1600,Sedan,980000.0,1,0,1,1,0,0,0,0,1,0,1,0,1,0,1,1,1,1,0,1,0
BYD,F3,189900,2011,Benzine,Manual,1600,Sedan,250000.0,0,0,0,0,0,0,0,0,0,0,0,0,0,0,0,0,0,0,0,0,0
Mitsubishi,Lancer,160000,2015,Benzine,Automatic,1600,Sedan,620000.0,0,0,0,0,1,0,0,0,0,0,0,0,0,0,0,0,0,0,0,0,0
Daihatsu,Terios,220000,2000,Benzine,Automatic,1300,4X4,190000.0,0,0,1,0,0,0,0,0,0,0,0,0,0,0,0,0,0,0,0,0,0
Jeep,Wrangler,170000,2017,Benzine,Automatic,3700,SUV,1600000.0,1,0,0,0,0,0,0,0,0,0,0,0,0,0,0,0,0,0,0,0,0
Mitsubishi,Lancer,225000,1998,Benzine,Manual,1500,Sedan,170000.0,0,0,1,0,0,0,0,0,0,0,0,0,0,0,0,0,0,0,0,0,0
Alfa Romeo,Giulia,63000,2021,Benzine,Automatic,2000,Sedan,1850000.0,0,0,0,0,0,0,0,0,0,0,0,0,0,1,0,0,0,0,0,0,0
Opel,Mokka,119000,2016,Benzine,Automatic,1600,Hatchback,625000.0,1,0,0,0,1,0,0,1,0,0,0,0,0,0,0,0,0,0,0,0,0
Renault,Megane,128000,2005,Benzine,Automatic,1600,Hatchback,370000.0,0,0,0,0,0,0,0,0,0,0,0,0,0,0,0,0,0,0,0,0,0
Hyundai,Verna,180000,2012,Diesel,Automatic,1600,Sedan,390000.0,1,0,0,0,0,0,0,0,0,0,0,0,0,0,0,0,0,0,0,0,0
BMW,318,131500,2019,Benzine,Automatic,1500,Sedan,1130000.0,0,0,0,0,0,1,0,0,0,0,0,0,0,0,0,0,0,0,0,1,0
Kia,Cerato,134000,2015,Benzine,Automatic,1600,Sedan,650000.0,1,0,0,0,0,0,0,0,0,0,0,0,0,0,0,1,0,0,0,0,0
Opel,Insignia,200000,2018,Benzine,Automatic,1600,Sedan,1000000.0,0,0,0,0,0,1,0,0,0,0,0,0,0,0,0,0,0,0,0,0,0
Mercedes-Benz,Other,200000,2000,Benzine,Manual,1600,Hatchback,265000.0,1,0,0,0,0,0,0,0,0,0,0,0,0,1,0,1,1,0,0,0,0
Hyundai,Accent,113000,2011,Benzine,Manual,1600,Sedan,440000.0,1,0,0,0,0,0,0,0,0,0,0,0,0,0,0,0,0,0,0,0,0
Hyundai,Tucson,76000,2022,Benzine,Automatic,1600,SUV,1150000.0,0,0,0,0,0,0,0,0,0,0,0,0,0,0,0,0,0,0,0,0,0
Speranza,A620,238000,2008,Benzine,Automatic,2000,Sedan,255000.0,0,0,1,0,0,0,0,0,0,0,1,1,0,0,0,0,0,0,0,0,0
Mercedes-Benz,C180,260000,2009,Benzine,Automatic,1800,Sedan,890000.0,1,0,0,0,0,0,0,0,0,0,0,0,0,0,0,0,0,0,0,0,0
Jeep,Cherokee,160000,2009,Benzine,Automatic,3700,4X4,694000.0,1,1,0,0,1,0,0,0,0,0,0,1,0,0,0,0,0,0,0,0,1
Mercedes-Benz,GLA 200,68000,2020,Benzine,Automatic,1300,Hatchback,1625000.0,0,0,0,0,0,1,0,0,0,1,1,1,0,0,0,0,0,0,0,0,0
Hyundai,Excel,150000,1996,Benzine,Manual,1500,Sedan,129000.0,1,0,0,0,0,0,0,0,0,0,0,0,0,0,0,0,0,0,0,0,0
Kia,Rio,250000,2001,Benzine,Manual,1300,Sedan,180000.0,1,0,0,0,0,0,0,0,0,0,0,0,0,0,0,0,0,0,0,0,0
Nissan,Sunny,193000,2015,Benzine,Automatic,1600,Sedan,470000.0,1,0,0,0,0,0,0,0,0,0,0,0,0,0,0,0,0,0,0,0,0
Peugeot,508,150000,2021,Benzine,Automatic,1600,Sedan,1050000.0,0,0,0,0,0,0,0,0,0,0,0,0,0,0,0,0,0,1,0,0,0
Daewoo,Lanos,150000,1999,Benzine,Automatic,1500,Sedan,230000.0,1,0,1,0,0,0,0,0,0,0,1,0,0,0,0,0,0,0,0,0,0
Skoda,Fabia,190200,2001,Benzine,Manual,1400,Hatchback,215000.0,1,0,0,0,0,0,0,0,0,0,0,0,0,0,0,0,0,1,0,0,0
Chevrolet,Lanos,100000,2016,Benzine,Manual,1600,Sedan,375000.0,0,0,0,0,0,0,0,0,1,0,0,0,0,0,0,0,0,0,0,0,0
Renault,Megane,240000,2006,Benzine,Automatic,1600,Sedan,280000.0,1,0,1,0,0,0,0,0,0,1,0,0,0,0,0,1,0,0,1,0,0
Kia,Rio,152000,2003,Benzine,Manual,1300,Hatchback,250000.0,0,0,1,0,0,0,0,0,0,0,0,0,0,0,0,0,0,1,0,0,0
Honda,Civic,28000,1993,Benzine,Manual,1600,Sedan,180000.0,0,0,1,0,0,0,0,0,0,0,0,0,0,0,0,0,0,0,0,0,0
Mitsubishi,Lancer,106000,2016,Benzine,Automatic,1600,Sedan,660000.0,0,0,1,0,0,0,0,0,1,1,1,0,0,0,0,0,0,0,0,0,0
Hyundai,Accent,20000,2025,Benzine,Automatic,1600,Sedan,750000.0,1,1,0,0,0,1,0,0,0,0,0,0,0,0,0,0,0,1,0,0,0
Proton,Gen-2,160000,2015,Benzine,Automatic,1600,Sedan,500000.0,1,0,1,0,1,0,0,0,0,0,0,0,0,0,0,0,0,0,0,1,0
Jeep,Wrangler,200000,2013,Benzine,Automatic,3700,4X4,1300000.0,1,0,0,0,0,0,0,0,0,0,0,0,0,0,0,0,0,0,0,0,1
Hyundai,Tucson,75000,2021,Benzine,Automatic,1600,SUV,1500000.0,0,0,0,0,1,0,0,0,0,0,0,0,0,0,0,0,0,0,0,0,0
Mercedes-Benz,GLA 200,18000,2023,Benzine,Automatic,1400,SUV,2650000.0,0,1,0,0,0,0,0,0,0,0,0,0,0,0,0,0,0,1,0,0,0
Daihatsu,Terios,200000,1999,Benzine,Automatic,1300,4X4,260000.0,1,1,0,0,0,0,0,0,0,0,0,0,0,0,0,0,0,1,0,0,0
Hyundai,Verna,260,2009,Benzine,Manual,1600,Sedan,305000.0,1,0,1,0,0,0,0,0,1,0,0,0,0,0,0,0,0,0,0,0,0
BMW,316,220000,1992,Benzine,Automatic,2500,Sports / Coupe,320000.0,1,1,1,0,0,0,0,1,1,0,0,0,0,1,0,1,0,1,0,0,0
Opel,Corsa,150000,2003,Benzine,Manual,1600,Sedan,290000.0,0,0,0,0,0,0,0,0,0,0,0,0,0,1,0,0,0,0,0,0,0
BMW,520,120000,2015,Benzine,Automatic,2000,Sedan,1390000.0,1,0,0,0,1,0,0,0,0,0,0,0,0,0,0,0,0,0,0,0,0
Subaru,XV,180000,2015,Benzine,Automatic,1600,4X4,630000.0,1,0,0,0,0,0,0,0,0,0,0,0,0,0,0,0,0,0,0,0,0
Nissan,Sunny,62000,2009,Benzine,Automatic,1600,Sedan,477000.0,1,0,0,0,0,0,0,0,0,0,0,0,0,0,0,0,0,0,0,0,0
Mercedes-Benz,CLA 200,55000,2022,Benzine,Automatic,1330,SUV,2450000.0,1,0,0,0,0,0,0,0,1,0,0,0,0,0,0,0,0,0,0,0,0
Speranza,A516,240000,2008,Benzine,Manual,1600,Sedan,220000.0,1,0,0,0,0,0,0,0,0,0,0,0,0,0,0,0,0,0,0,0,0
Peugeot,405,230000,1992,Benzine,Manual,1600,Sedan,115000.0,1,0,0,0,0,0,0,0,0,0,0,0,0,0,0,0,0,0,0,0,0
Kia,Sorento,32000,2023,Hybrid,Automatic,1600,SUV,2300000.0,0,0,0,0,0,0,0,0,0,0,0,0,0,0,0,0,0,0,0,0,0
MG,ZS,13000,2022,Benzine,Automatic,1600,SUV,850000.0,0,1,0,0,0,0,0,0,0,0,0,0,0,0,0,0,0,0,0,0,0
Hyundai,Verna,100000,2018,Benzine,Automatic,1600,Sedan,450000.0,0,0,0,0,1,0,0,0,0,0,0,0,0,0,0,0,0,0,0,0,0
Renault,Megane,150000,2021,Benzine,Automatic,1600,Sedan,820000.0,0,0,0,0,0,1,0,0,0,0,0,0,0,0,0,0,0,0,0,0,0
Peugeot,405,250000,1992,Natural Gas,Manual,1600,Sedan,140000.0,1,0,1,0,0,0,0,0,0,0,0,0,0,0,0,0,0,0,0,0,0
Mitsubishi,Lancer,200,2016,Benzine,Automatic,1600,4X4,550000.0,0,1,1,0,0,0,0,0,1,0,0,0,0,0,0,0,0,0,0,0,0
Daewoo,Nubira,218000,2008,Benzine,Automatic,1600,Sedan,270000.0,1,0,0,0,0,0,0,0,0,0,0,0,0,0,0,0,0,0,0,0,0
Toyota,Corolla,215,1989,Benzine,Manual,1300,Sedan,300000.0,1,0,1,0,0,0,0,0,0,0,0,0,0,0,0,0,0,0,0,0,0
Toyota,Corolla,224000,1998,Benzine,Automatic,1300,Sedan,280000.0,1,0,1,0,0,0,0,0,1,0,0,0,0,0,0,0,0,0,0,0,0
MG,HS,30000,2022,Benzine,Automatic,1500,4X4,1150000.0,1,0,0,0,0,0,0,0,0,0,0,0,0,0,0,0,0,0,0,0,0
Jeep,Liberty,150000,2007,Benzine,Automatic,3700,4X4,590000.0,0,0,0,0,0,0,0,0,0,0,0,0,0,0,0,0,0,0,0,0,0
Opel,Insignia,178000,2018,Benzine,Automatic,1600,Sedan,940000.0,0,0,0,0,1,0,0,0,0,0,0,0,0,0,0,0,0,0,0,0,0
Peugeot,307 SW,167000,2007,Benzine,Automatic,1600,Hatchback,375000.0,0,0,0,0,0,0,0,0,0,0,0,0,0,0,0,0,0,0,0,0,0
Mercedes-Benz,B200,30000,2022,Benzine,Automatic,1300,SUV,1890000.0,1,0,0,0,0,1,0,0,0,0,0,0,0,0,0,0,0,0,0,0,0
Kia,Cerato,235000,2014,Benzine,Automatic,1600,Sedan,550000.0,0,0,1,0,0,0,0,1,0,0,0,0,0,0,0,0,0,0,0,1,0
Toyota,Corolla,353000,1992,Benzine,Automatic,1600,Sedan,280000.0,1,1,0,0,0,0,0,0,0,0,0,0,0,0,0,0,0,1,0,0,0
Kia,Sorento,95000,2020,Benzine,Automatic,3500,SUV,1550000.0,1,0,0,0,0,0,0,0,0,0,0,0,0,0,0,0,0,0,0,0,0
Geely,Emgrand 7,450000,2015,Benzine,Manual,1500,Sedan,355000.0,1,0,0,0,0,0,0,0,0,0,0,1,0,0,0,0,0,0,0,0,0
Suzuki,Celerio,9000,2022,Benzine,Manual,1000,Hatchback,600000.0,1,1,0,0,0,0,0,0,0,0,1,0,0,0,0,1,1,1,0,0,0
Chevrolet,Aveo,399000,2011,Benzine,Manual,1600,Sedan,205000.0,0,0,0,0,0,0,0,0,0,0,0,0,0,0,0,0,0,0,0,0,0
Volkswagen,Tiguan,115000,2022,Benzine,Automatic,1400,SUV,1750000.0,1,0,0,0,0,0,0,0,0,0,0,0,0,0,0,0,0,0,0,0,0
MG,ZS,188000,2020,Benzine,Automatic,1600,SUV,720000.0,1,0,1,1,0,1,0,0,1,1,0,1,0,0,0,0,0,0,0,0,0
Cupra,Formentor,56000,2023,Benzine,Automatic,2000,SUV,1980000.0,0,0,0,0,0,0,0,0,0,0,0,0,0,0,0,0,0,0,0,0,0
Lada,2111,200000,2007,Benzine,Manual,1600,Hatchback,160000.0,0,1,0,0,0,0,0,0,0,0,0,0,0,0,0,0,0,0,0,0,0
Suzuki,Swift,54000,2021,Benzine,Automatic,1200,Hatchback,650000.0,0,1,0,0,0,0,0,0,0,0,0,0,0,0,0,0,0,0,0,0,0
Nissan,Sunny,250000,2008,Benzine,Manual,1600,Sedan,325000.0,1,0,0,0,0,0,0,0,0,0,0,0,0,1,0,0,0,1,0,0,0
Jeep,Renegade,180000,2016,Benzine,Automatic,1400,4X4,800000.0,1,0,0,0,1,0,0,0,0,0,0,0,0,0,0,0,0,1,0,0,0
Daihatsu,Mira,20000,1991,Benzine,Manual,1200,Hatchback,130000.0,0,0,0,0,0,0,0,0,0,0,0,0,0,0,0,0,0,0,0,0,0
BMW,X1,30000,2023,Benzine,Automatic,1500,SUV,2300000.0,0,0,0,1,0,0,0,0,0,0,0,0,0,0,0,0,0,1,0,0,1
Daewoo,Lanos,60000,1999,Benzine,Manual,1500,Sedan,220000.0,0,1,0,0,0,0,0,0,0,1,0,0,0,0,0,0,0,1,0,0,1
Geely,Emgrand 7,198000,2014,Benzine,Manual,1500,Sedan,320000.0,0,1,0,0,0,0,0,0,0,0,0,0,0,0,0,0,0,0,0,0,0
Hyundai,Matrix,400000,2007,Benzine,Automatic,1600,Hatchback,480000.0,1,1,1,0,0,0,0,0,0,0,0,0,0,0,0,0,0,1,0,0,0
Seat,Tarraco,7500,2023,Benzine,Automatic,1500,SUV,2100000.0,1,0,1,0,0,0,0,0,1,0,1,1,0,0,1,0,1,1,0,0,1
Daihatsu,Mira,200000,2000,Benzine,Automatic,1000,Hatchback,175000.0,0,0,0,0,0,0,0,0,0,0,0,0,0,0,0,0,0,0,0,0,0
Hyundai,Grand I10,126000,2015,Benzine,Automatic,1250,Hatchback,530000.0,1,0,1,0,1,0,0,0,0,0,0,0,0,0,0,0,0,1,0,1,0
Hyundai,Verna,100000,2009,Benzine,Manual,1600,Sedan,285000.0,0,1,0,0,0,0,0,0,0,0,0,1,0,0,0,0,0,0,0,0,0
Chevrolet,Aveo,130,2017,Benzine,Automatic,1600,Sedan,400000.0,0,0,0,0,0,0,0,0,0,0,0,0,0,0,0,0,0,0,0,0,0
Mercedes-Benz,C200,137000,2010,Benzine,Automatic,2000,Sedan,1085000.0,1,0,0,0,0,0,0,0,0,0,0,0,0,0,0,0,0,0,0,0,0
Skoda,Octavia,105000,2021,Benzine,Automatic,1400,Sedan,1580000.0,1,0,0,0,0,0,0,0,0,0,0,0,0,0,0,0,0,0,0,1,0
Mercedes-Benz,E300,228000,2010,Benzine,Automatic,3000,Sedan,1300000.0,0,0,0,0,0,0,0,1,0,0,0,0,0,0,0,0,0,0,0,1,0
Jeep,Wrangler,272000,2012,Benzine,Automatic,3600,4X4,1050000.0,0,1,0,0,0,0,0,0,1,0,0,0,0,0,0,0,0,0,0,0,0
Citroen,C5,75000,2021,Benzine,Automatic,1600,Hatchback,1250000.0,0,1,0,0,0,0,0,0,0,0,0,0,0,0,0,0,0,0,0,0,0
Hyundai,Avante,142000,2000,Benzine,Automatic,1500,Sedan,380000.0,1,0,0,0,0,0,0,0,0,0,0,0,0,0,0,0,1,1,0,1,0
BMW,320,135000,2017,Benzine,Automatic,2000,Sedan,1500000.0,1,0,0,0,0,0,0,0,0,0,0,0,0,0,0,0,0,0,0,0,0
Opel,Insignia,138000,2014,Benzine,Automatic,1600,Sedan,650000.0,0,0,1,0,0,1,0,0,0,0,0,0,0,0,0,0,0,0,0,0,0
Fiat,Punto,250000,2001,Benzine,Manual,1200,Hatchback,187000.0,0,0,1,0,0,0,0,0,0,0,0,0,0,0,0,0,0,1,0,0,0
MINI,Cooper,37000,2020,Benzine,Automatic,2000,Hatchback,2130000.0,0,0,0,0,0,1,0,1,0,1,1,0,1,0,0,0,0,1,0,0,0
Renault,Megane,170000,2021,Benzine,Automatic,1600,Sedan,650000.0,0,0,0,0,0,0,0,0,0,0,0,0,0,0,0,0,0,0,0,0,0
Hyundai,Tucson,118000,2018,Benzine,Automatic,1600,SUV,1275000.0,1,0,1,0,0,0,0,1,1,0,0,0,0,0,0,0,0,0,0,0,0
Fiat,Shahin,350,1996,Benzine,Manual,1300,Sedan,130000.0,0,0,0,0,0,0,0,0,0,0,0,0,0,0,0,0,0,0,0,0,0
Nissan,Sunny,207000,2015,Benzine,Automatic,1500,Sedan,370000.0,1,0,1,0,1,0,0,0,0,0,0,0,0,0,0,0,0,0,0,0,0
Seat,Arona,30000,2021,Benzine,Automatic,1600,SUV,1130000.0,1,0,0,0,0,0,0,0,0,0,0,0,0,0,0,0,0,0,0,0,0
Jeep,Renegade,104000,2016,Diesel,Automatic,1400,4X4,900000.0,1,0,0,0,0,0,0,0,0,0,0,0,0,0,0,0,0,0,0,0,0
Mitsubishi,Lancer,160000,2015,Benzine,Automatic,1600,Sedan,625000.0,1,0,0,0,0,0,0,0,0,0,0,0,0,0,0,0,0,0,0,0,0
Opel,Astra,120000,2019,Benzine,Automatic,1400,Sedan,750000.0,0,0,0,0,0,1,0,0,0,0,0,0,0,0,0,0,0,0,0,0,0
Renault,Logan,86000,2017,Benzine,Manual,1600,Sedan,345000.0,1,0,1,1,0,0,0,0,1,0,0,0,0,0,0,0,0,0,0,0,0
Kia,Rio,80000,2017,Benzine,Automatic,1500,Hatchback,650000.0,1,1,1,0,0,0,0,0,1,0,0,1,0,0,0,0,0,1,0,0,0
Toyota,Corolla,231000,2008,Benzine,Automatic,1600,Sedan,510000.0,1,1,0,0,0,0,0,0,0,0,0,0,0,0,0,0,0,0,0,0,0
Toyota,Previa,160000,2008,Benzine,Automatic,2400,Van / Bus,1200000.0,0,1,1,0,0,0,0,0,1,0,1,0,0,0,0,0,1,1,0,0,0
Speranza,A516,370000,2010,Benzine,Manual,1600,Sedan,240000.0,1,1,1,0,0,0,0,0,0,0,0,0,0,0,0,0,0,0,0,0,0
Speranza,Tiggo,136000,2009,Benzine,Manual,1600,Hatchback,350000.0,0,0,0,0,0,0,0,0,0,0,0,0,0,0,0,0,0,0,0,0,0
Nissan,Sunny,109000,2017,Benzine,Automatic,1600,Sedan,480000.0,0,0,0,0,0,0,0,0,0,0,0,0,0,0,0,1,1,1,0,1,0
MG,HS,38000,2022,Benzine,Automatic,1500,SUV,1250000.0,0,1,1,0,0,0,0,0,1,1,1,0,0,1,1,1,1,1,1,0,0
Chery,Tiggo 7,43000,2022,Benzine,Automatic,1500,Estate,820000.0,0,1,0,0,0,0,0,0,0,0,0,0,0,0,0,0,0,0,0,0,0
BMW,X3,170000,2007,Benzine,Automatic,3000,SUV,700000.0,0,0,1,0,1,0,0,0,0,0,0,0,0,0,0,0,0,0,0,0,0
Chery,Arrizo 5,34000,2022,Benzine,Automatic,1500,Sedan,550000.0,0,0,1,0,1,0,0,1,1,1,0,0,0,1,0,0,0,0,0,0,0
Toyota,Corolla,75000,2020,Benzine,Automatic,1600,Sedan,1010000.0,1,0,1,0,0,0,0,0,1,0,1,0,0,0,0,0,0,0,0,0,0
Honda,Civic,300000,1986,Benzine,Manual,1500,Sedan,125000.0,0,0,1,0,0,0,0,0,1,0,0,0,0,0,0,0,0,0,0,0,0
Volvo,XC40,89000,2021,Benzine,Automatic,2000,SUV,1650000.0,1,0,0,1,0,0,0,0,0,0,0,0,0,0,0,0,0,1,0,1,0
Mazda,3,270000,2015,Benzine,Automatic,1600,Sedan,700000.0,1,1,1,0,0,0,0,0,1,1,0,1,1,0,0,1,1,0,1,0,0
Geely,Emgrand 7,500000,2017,Natural Gas,Manual,1600,Sedan,300000.0,1,0,0,0,0,0,0,0,0,0,0,0,0,0,0,0,0,0,0,0,0
Renault,Megane,230000,2006,Benzine,Automatic,1600,Sedan,250000.0,1,0,1,0,0,0,0,0,0,0,0,0,0,0,0,0,0,1,0,0,0
Kia,Carens,140,2016,Benzine,Automatic,1600,Estate,950000.0,1,1,1,0,0,0,0,0,1,0,0,0,0,0,0,0,0,1,0,0,0
Peugeot,406,285000,2003,Benzine,Automatic,2000,Sedan,300000.0,0,0,0,0,0,0,0,0,0,0,0,0,0,0,0,0,0,0,0,1,0
Renault,Megane,36000,2023,Benzine,Automatic,1600,Sedan,1000000.0,1,1,0,0,0,1,0,1,0,0,1,1,1,0,0,0,0,0,0,1,0
Jeep,Wrangler,150000,2017,Benzine,Automatic,3600,4X4,1600000.0,1,0,0,0,1,0,0,0,0,0,0,0,0,0,0,0,0,0,0,1,0
Hyundai,Verna,240000,2010,Benzine,Manual,1600,Sedan,230000.0,0,0,0,0,0,0,0,0,0,0,0,0,0,0,0,0,0,0,0,0,0
Hyundai,Verna,133000,2009,Benzine,Manual,1600,Sedan,290000.0,1,0,0,0,0,0,0,0,0,0,0,0,0,0,0,0,0,0,0,0,0
Mercedes-Benz,C180,267000,1995,Benzine,Automatic,2000,Sedan,495000.0,0,0,1,0,1,0,0,0,0,0,0,0,0,0,0,1,0,1,0,0,0
Mercedes-Benz,C200,119000,2020,Benzine,Automatic,1500,Convertible,2450000.0,0,0,0,0,0,0,0,0,0,0,0,0,0,0,0,0,0,1,0,0,0
Hyundai,Verna,100000,2006,Natural Gas,Manual,1600,Sedan,280000.0,0,1,0,0,0,0,0,0,0,0,0,0,0,0,0,0,0,0,0,0,0
Chevrolet,Optra,9000,2008,Benzine,Automatic,1600,Sedan,350000.0,1,0,1,1,0,0,0,0,1,0,0,0,0,0,0,0,0,1,0,0,0
Kia,Picanto,150000,2006,Benzine,Automatic,1100,Hatchback,340000.0,1,0,1,0,0,0,0,0,0,1,0,1,0,0,0,0,0,0,0,0,0
Mercedes-Benz,A180,72000,2021,Benzine,Automatic,1300,Sedan,1600000.0,0,0,0,0,0,0,0,0,0,0,0,0,0,0,0,0,0,0,0,0,0
Renault,Logan,160000,2017,Benzine,Automatic,1600,Sedan,400000.0,1,0,0,0,0,0,0,0,0,0,0,0,0,1,0,0,0,0,0,0,0
Daewoo,Nubira,199000,1999,Benzine,Manual,1600,Sedan,230000.0,0,0,1,0,1,0,0,0,0,0,0,0,0,0,0,0,0,0,0,0,0
Mitsubishi,Lancer,298000,2000,Benzine,Manual,1300,Sedan,295000.0,1,0,0,0,0,0,0,0,0,0,0,0,0,0,0,0,0,0,0,0,0
Chevrolet,Lanos,209000,2009,Benzine,Manual,1500,Sedan,270000.0,1,0,0,0,0,0,0,0,0,0,0,0,0,0,0,0,0,0,0,0,0
Zotye,Explosion,201000,2008,Benzine,Manual,1300,Hatchback,245000.0,1,0,0,0,0,0,0,0,0,0,0,0,0,0,0,0,0,0,0,0,0
Peugeot,5008,106000,2019,Benzine,Automatic,1600,SUV,1400000.0,1,0,1,0,0,0,0,1,1,1,1,1,0,0,1,1,1,0,1,0,0
Mitsubishi,Lancer,130000,2016,Benzine,Automatic,1600,Sedan,650000.0,0,0,1,0,0,0,0,0,0,0,0,0,0,0,0,0,0,0,0,0,0
Volkswagen,Jetta,300000,2010,Benzine,Automatic,1600,Sedan,690000.0,1,0,0,0,0,0,0,0,0,0,0,0,0,0,0,0,0,0,0,0,0
Citroen,C4,79000,2007,Benzine,Manual,1600,Hatchback,460000.0,0,0,0,0,0,0,0,0,0,0,0,0,0,0,0,0,0,1,0,0,0
Kia,Cerato,114000,2020,Benzine,Automatic,1600,Sedan,795000.0,1,0,0,0,0,0,0,0,0,1,0,0,0,0,0,0,0,1,0,0,0
Fiat,Shahin,77000,2006,Benzine,Manual,1600,Sedan,200000.0,0,0,0,0,0,0,0,0,0,0,0,0,0,0,0,0,0,0,0,0,0
Renault,Logan,27000,2017,Benzine,Automatic,1600,Sedan,420000.0,1,0,1,0,0,0,0,0,0,0,0,0,0,0,0,0,0,0,0,0,0
Chevrolet,Optra,135000,2008,Benzine,Automatic,1600,Sedan,350000.0,1,0,1,0,0,0,0,0,0,0,0,0,0,0,0,0,0,0,0,0,0
Fiat,Punto,187000,2009,Benzine,Manual,1300,Hatchback,275000.0,1,0,1,0,0,0,0,0,0,0,0,0,0,0,0,0,0,1,0,0,0
Nissan,Qashqai,160000,2016,Benzine,Automatic,1200,SUV,680000.0,1,0,0,0,0,0,0,0,0,0,0,0,0,0,0,0,0,0,0,0,0
Hyundai,Getz,73500,2010,Benzine,Automatic,1600,Hatchback,450000.0,1,0,0,0,1,0,0,0,0,0,0,0,0,0,0,0,0,0,0,0,0
Daewoo,Nubira,100000,2001,Benzine,Manual,1500,Sedan,210000.0,0,0,1,0,0,0,0,0,0,0,0,0,0,0,0,0,0,0,0,0,0
Skoda,Octavia,250000,2011,Benzine,Automatic,1600,Sedan,750000.0,1,0,1,0,0,0,0,0,1,1,0,0,0,0,0,0,0,0,0,0,0
Chevrolet,Spark,115000,2008,Benzine,Manual,1000,Hatchback,210000.0,0,0,0,0,0,0,0,0,0,0,0,0,0,0,0,0,0,1,0,1,0
Nissan,Sunny,215000,2017,Benzine,Automatic,1500,Sedan,470000.0,0,1,0,0,1,0,0,0,0,0,0,0,0,0,0,0,0,0,0,0,0
Mitsubishi,Lancer,200000,2016,Benzine,Automatic,1600,Sedan,670000.0,1,0,0,0,0,0,0,1,0,0,0,0,0,1,1,0,0,0,0,0,0
Chevrolet,Aveo,350000,2011,Benzine,Automatic,1600,Sedan,320000.0,1,0,0,0,0,0,0,0,0,0,0,0,0,0,0,0,0,0,0,0,0
Hyundai,Tucson,21000,2024,Benzine,Automatic,1600,SUV,1950000.0,0,1,0,0,0,0,0,0,0,0,0,0,0,0,0,0,0,0,0,0,0
Renault,Logan,98000,2017,Benzine,Automatic,1600,Sedan,390000.0,1,0,0,0,0,0,0,0,0,0,0,0,0,0,0,0,0,0,0,0,0
Mercedes-Benz,E200,65000,2013,Benzine,Automatic,2000,Sedan,2100000.0,1,1,0,0,0,0,0,0,0,0,0,0,0,0,0,0,0,0,0,0,0
Nissan,Sunny,112000,2021,Benzine,Automatic,1500,Sedan,540000.0,0,0,0,0,0,0,0,0,0,0,0,0,0,0,0,0,0,0,0,0,0
Seat,Leon,100000,2021,Benzine,Automatic,1400,Hatchback,1000000.0,1,1,0,0,0,1,0,0,0,0,0,0,0,0,0,0,0,0,0,0,0
Subaru,XV,150000,2017,Benzine,Automatic,1600,Hatchback,820000.0,1,0,0,0,0,0,0,0,0,0,0,0,0,0,0,0,0,0,0,0,0
Chevrolet,Aveo,380000,2018,Benzine,Automatic,1600,Sedan,385000.0,0,0,0,0,0,0,0,0,0,0,0,0,0,0,0,0,0,0,0,0,0
Opel,Astra,190000,2020,Benzine,Automatic,1400,Sedan,610000.0,1,1,1,0,1,0,0,0,0,1,0,0,0,0,0,0,0,0,0,0,0
Jetour,X90,4500,2026,Benzine,Automatic,1600,SUV,1550000.0,0,0,0,0,0,0,0,0,0,0,0,0,0,0,0,0,0,0,0,0,0
Opel,Insignia,190000,2016,Benzine,Automatic,1600,Sedan,825000.0,1,0,0,0,0,0,0,0,0,0,0,0,0,0,0,0,0,0,0,0,0
Hyundai,Excel,150000,1998,Benzine,Manual,1300,Sedan,150000.0,0,1,0,0,0,0,0,0,0,0,0,0,0,0,0,0,0,0,0,0,0
Mitsubishi,Eclipse,1250,2024,Benzine,Automatic,1500,4X4,1600000.0,1,0,0,0,0,0,0,0,0,0,0,0,0,0,0,0,0,1,0,0,0
Skoda,Kodiaq,200000,2019,Benzine,Automatic,1400,Estate,1450000.0,1,1,0,0,0,0,0,0,0,0,0,0,0,0,0,0,0,0,0,0,1
Peugeot,2008,100000,2021,Benzine,Automatic,1200,Hatchback,1050000.0,1,0,0,0,0,0,0,0,0,0,0,0,0,0,0,0,0,0,0,0,0
Mercedes-Benz,CLA 200,35000,2024,Benzine,Automatic,1400,Sedan,2550000.0,0,0,0,0,0,0,0,0,0,0,0,0,0,0,0,0,0,0,0,0,0
BYD,F3,150000,2023,Benzine,Manual,1500,Sedan,500000.0,1,1,0,0,0,0,0,0,0,0,0,0,0,0,0,0,0,0,0,0,0
BMW,X3,190000,2016,Benzine,Automatic,3000,SUV,1390000.0,0,1,0,0,0,0,1,0,0,0,0,0,0,0,0,0,0,0,0,1,1
Hyundai,Bayon,80000,2022,Benzine,Automatic,1400,SUV,750000.0,1,0,0,0,0,1,0,0,0,0,0,0,0,0,0,0,0,0,0,0,0
Kia,Picanto,130000,2008,Benzine,Automatic,1100,Hatchback,400000.0,0,0,1,0,0,0,0,0,0,0,0,0,0,0,0,0,0,0,0,0,0
Opel,Vectra,295000,2008,Benzine,Automatic,2200,Sedan,475000.0,0,0,1,0,1,0,0,0,0,0,0,0,0,0,0,0,0,0,0,0,0
BMW,X1,119500,2019,Benzine,Automatic,2000,SUV,1300000.0,1,0,0,0,1,0,0,0,0,0,0,0,0,0,0,0,0,0,0,0,0
Honda,City,260000,2005,Benzine,Automatic,1300,Sedan,335000.0,0,0,0,0,0,0,0,0,0,0,0,0,0,0,0,0,0,0,0,0,0
Jeep,Wrangler,180000,1999,Benzine,Automatic,4200,4X4,475000.0,0,0,0,0,0,0,0,0,0,0,0,0,0,0,0,0,0,1,0,0,0
Skoda,Octavia,105000,2022,Benzine,Automatic,2000,Sedan,1620000.0,1,0,0,0,0,0,0,0,0,0,0,0,0,0,0,0,0,0,0,0,0
Ssang Yong,Tivoli XLV,250000,2018,Benzine,Automatic,1600,Estate,650000.0,0,0,1,0,1,0,0,0,1,0,1,0,0,1,0,0,0,0,0,0,0
Nissan,Sunny,139000,2014,Benzine,Automatic,1600,Sedan,435000.0,0,0,0,0,1,0,0,0,0,0,0,0,0,0,0,0,0,0,0,0,1
Hyundai,Galloper,196000,1996,Benzine,Manual,3000,4X4,350000.0,0,0,0,0,0,0,0,0,0,0,0,0,0,0,0,0,0,1,0,0,0
Renault,Sandero Stepway,96000,2016,Benzine,Automatic,1600,Hatchback,490000.0,1,0,0,0,1,0,0,0,0,1,1,0,0,0,0,0,0,0,0,0,0
Proton,Waja,180000,2005,Benzine,Automatic,1600,Sedan,220000.0,0,0,1,0,0,0,0,0,0,1,0,1,0,1,0,0,0,1,0,0,0
Volkswagen,Golf,400000,2015,Benzine,Automatic,1400,Hatchback,750000.0,0,0,1,0,0,0,0,0,0,0,0,0,0,0,0,0,0,0,0,0,0
Subaru,Impreza,100000,2008,Benzine,Automatic,2000,Hatchback,490000.0,1,0,0,0,0,0,0,0,0,0,0,0,0,0,0,0,0,0,0,0,0
Suzuki,Jimny,120000,2008,Benzine,Automatic,1600,Hatchback,425000.0,1,0,0,0,0,0,0,0,0,0,0,0,0,0,0,0,0,0,0,0,0
Daihatsu,Terios,280000,2010,Benzine,Automatic,1500,Hatchback,560000.0,0,1,1,0,0,0,0,0,0,0,0,0,0,0,0,0,0,0,0,0,0
Daewoo,Lanos,300,2006,Diesel,Manual,1300,Sedan,235000.0,0,0,0,0,0,0,0,0,0,0,0,0,0,0,0,0,0,0,0,0,0
Peugeot,408,1000,2026,Benzine,Automatic,1600,Hatchback,2100000.0,0,0,0,0,0,0,0,0,0,0,0,0,0,0,0,0,0,0,0,0,0
Daihatsu,Terios,170000,2013,Benzine,Automatic,1600,Hatchback,640000.0,0,0,0,0,0,0,0,0,0,0,0,0,0,0,0,0,0,0,0,0,0
Peugeot,3008,115000,2019,Benzine,Automatic,1600,SUV,1250000.0,1,1,0,0,0,0,0,0,0,0,0,0,0,0,0,0,0,0,0,0,0
Volkswagen,Tiguan,130000,2020,Benzine,Automatic,1400,SUV,1560000.0,0,0,1,0,0,0,0,1,1,1,1,1,0,0,0,1,0,1,0,0,0
Daewoo,Lanos,250000,1999,Benzine,Manual,1500,Sedan,220000.0,0,0,0,0,0,0,0,0,0,0,0,1,0,0,0,0,0,0,0,0,0
Seat,Arona,87000,2022,Benzine,Automatic,1000,SUV,820000.0,1,0,1,0,0,0,0,0,0,0,0,0,0,0,0,0,0,0,0,0,0
Fiat,Tipo,114000,2020,Benzine,Automatic,1600,Sedan,700000.0,1,0,0,0,0,0,0,0,0,0,0,0,0,0,0,0,0,0,0,0,0
Toyota,Yaris,108000,2008,Benzine,Automatic,1300,Sedan,450000.0,0,0,0,0,0,0,0,0,0,0,0,0,0,0,0,0,0,0,0,0,0
Mercedes-Benz,CLC-Class,200000,2010,Benzine,Automatic,1600,Sports / Coupe,760000.0,1,0,0,0,0,1,0,0,0,0,0,0,0,0,0,0,0,0,0,0,0
Dodge,Dart,252000,2013,Benzine,Automatic,1400,Sedan,550000.0,1,0,1,0,1,0,0,0,0,0,0,0,0,0,0,0,0,0,0,0,0
Renault,Logan,334000,2009,Benzine,Manual,1600,Sedan,230000.0,0,1,1,0,0,0,0,0,0,0,0,0,0,0,0,0,0,0,0,0,0
Renault,Sandero Stepway,134000,2018,Benzine,Automatic,1600,Hatchback,550000.0,1,0,0,0,0,0,0,0,0,0,1,0,0,0,0,0,0,0,0,0,0
Daihatsu,Terios,150000,2007,Benzine,Manual,1500,SUV,360000.0,0,0,0,1,1,0,0,0,0,0,0,0,0,0,0,1,0,0,0,0,0
Chevrolet,Optra,165000,2014,Benzine,Automatic,1600,Sedan,400000.0,0,0,0,0,0,0,0,0,0,0,0,0,0,0,0,0,0,0,0,0,0
Mercedes-Benz,C180,99000,2013,Benzine,Automatic,1600,Sedan,1380000.0,1,0,0,0,0,0,0,0,0,0,0,0,0,0,0,0,0,0,0,0,0
Hyundai,Verna,210000,2008,Benzine,Manual,1600,Sedan,320000.0,0,0,1,0,0,0,0,0,0,0,0,0,0,0,0,0,0,0,0,0,0
BMW,218,29000,2020,Benzine,Automatic,1200,Estate,1400000.0,1,0,0,0,0,0,0,0,0,0,0,0,0,0,0,0,0,0,0,0,0
BYD,F3,268000,2019,Benzine,Manual,1497,Sedan,368000.0,0,0,0,0,1,0,0,0,0,0,0,0,0,0,0,0,0,0,0,0,0
Opel,Astra,194000,2007,Benzine,Automatic,1600,Hatchback,410000.0,1,0,1,0,0,0,0,0,0,0,0,0,1,0,1,0,0,1,0,1,0
Seat,Ibiza,180000,2017,Benzine,Automatic,1200,Hatchback,720000.0,0,0,1,0,0,0,0,0,0,0,0,0,0,0,0,0,0,0,0,0,0
Speranza,A516,250000,2007,Benzine,Manual,1600,Sedan,180000.0,1,0,1,0,0,0,0,0,1,0,0,0,0,0,0,0,0,0,0,0,0
Kia,Cerato,190000,2018,Benzine,Automatic,1600,Sedan,780000.0,0,0,1,0,0,0,0,0,0,0,0,0,0,0,0,0,0,0,0,0,0
Suzuki,Jimny,248000,2000,Benzine,Automatic,1300,4X4,330000.0,0,0,0,0,0,0,0,0,0,0,0,0,0,0,0,0,0,0,0,0,0
Speranza,A516,190000,2010,Benzine,Automatic,2000,Sedan,250000.0,0,0,1,0,0,0,0,0,1,1,1,1,0,0,0,0,0,0,0,0,0
Chevrolet,Lanos,250000,2002,Benzine,Manual,1600,Sedan,260000.0,1,0,0,0,0,0,0,0,0,0,0,0,0,0,0,0,0,1,0,0,0
Kia,Picanto,195000,2006,Benzine,Automatic,1100,Hatchback,325000.0,1,0,0,0,1,0,0,0,0,0,0,1,0,1,0,0,0,0,1,0,0
Nissan,Qashqai,242735,2017,Benzine,Automatic,1200,SUV,850000.0,0,0,1,0,0,0,0,0,1,0,0,1,0,0,0,0,0,0,0,0,0
Chevrolet,Lanos,222000,2009,Benzine,Manual,1500,Sedan,240000.0,1,0,0,0,0,0,0,0,0,0,0,0,0,0,0,0,0,0,0,0,0
Volkswagen,Golf,2000,2024,Benzine,Automatic,2000,Hatchback,2600000.0,0,0,0,0,0,0,0,0,0,0,0,0,0,0,0,0,0,1,0,0,0
BMW,525,194000,2010,Benzine,Automatic,2500,Sedan,780000.0,1,0,0,0,0,0,0,0,0,0,0,0,0,0,0,0,0,0,0,0,0
Peugeot,406,290000,2002,Benzine,Automatic,2000,Sedan,350000.0,0,0,0,0,0,0,0,0,0,0,0,0,0,0,0,0,0,0,0,0,0
BMW,316,260000,1996,Benzine,Manual,1600,Sedan,340000.0,1,0,0,0,0,0,0,0,0,0,0,0,0,0,0,0,0,0,0,0,0
Kia,Carnival,129000,2019,Benzine,Automatic,3300,MPV,1890000.0,0,0,0,0,0,0,0,0,0,0,0,0,0,0,0,0,0,1,0,0,0
Opel,Corsa,20000,1995,Benzine,Manual,1200,Hatchback,140000.0,0,0,0,0,0,0,0,0,0,0,0,0,0,0,0,0,0,0,0,0,0
Daewoo,Lacetti,248000,2003,Benzine,Automatic,1600,Sedan,400000.0,1,0,0,0,0,0,0,0,0,0,0,0,0,0,0,0,0,0,0,0,0
Mercedes-Benz,C180,360000,2010,Benzine,Automatic,1800,Sedan,1050000.0,0,0,1,0,1,0,0,0,1,0,0,0,0,0,0,1,1,0,0,0,0
Peugeot,3008,156000,2022,Benzine,Automatic,1600,SUV,1180000.0,1,0,1,0,0,0,0,1,1,1,1,1,0,1,1,1,0,1,0,0,0
Skoda,Octavia,160000,2015,Benzine,Automatic,1600,Sedan,765000.0,1,0,0,0,0,0,0,0,0,0,0,0,0,0,0,0,0,0,0,0,0
Ssang Yong,Tivoli XLV,126000,2019,Benzine,Automatic,1600,SUV,740000.0,1,1,0,0,0,0,0,0,0,0,0,0,0,0,0,0,0,0,0,0,0
BMW,X3,41500,2015,Benzine,Automatic,2000,4X4,1550000.0,0,0,0,0,1,0,0,0,0,0,0,0,0,0,0,0,0,0,0,0,0
Mitsubishi,Lancer,172000,2016,Benzine,Automatic,1600,Sedan,650000.0,0,0,0,0,0,0,0,0,0,0,0,0,0,0,0,0,0,0,0,0,0
Chevrolet,Captiva,70000,2021,Benzine,Automatic,1500,SUV,850000.0,0,0,0,0,0,0,0,0,0,0,0,0,0,0,0,0,0,0,0,0,0
Renault,19,450000,1997,Benzine,Manual,1300,Sedan,130000.0,0,0,0,0,0,0,0,0,0,0,0,0,0,0,0,0,0,1,0,0,0
Land Rover,Range Rover Sport,137000,2010,Benzine,Automatic,5000,4X4,1300000.0,0,0,0,0,0,0,0,0,0,0,0,0,0,0,0,0,0,0,0,0,0
Brilliance,FSV,215000,2011,Benzine,Manual,1500,Sedan,300000.0,1,0,0,0,0,0,0,0,0,0,0,0,0,0,0,0,0,0,0,0,0
Honda,Civic,360000,1992,Benzine,Automatic,1600,Sedan,230000.0,0,0,0,0,0,0,0,1,0,0,0,0,0,0,0,0,0,1,0,0,0
Hyundai,Accent,230000,2008,Benzine,Manual,1600,Sedan,380000.0,1,0,0,0,0,0,0,0,0,0,0,0,0,0,0,0,0,0,0,0,0
BMW,320,130000,2015,Benzine,Automatic,2000,Sedan,1320000.0,1,1,0,0,0,0,0,0,0,0,0,0,0,0,0,0,0,0,0,0,0
Renault,Megane,270000,2008,Benzine,Automatic,1600,Sedan,330000.0,1,0,0,0,0,0,0,0,0,0,0,0,0,0,0,1,0,0,0,0,0
Chevrolet,Lanos,500000,2011,Natural Gas,Manual,1500,Sedan,250000.0,1,0,1,0,0,0,0,0,0,0,0,0,0,0,0,0,0,0,0,0,0
Opel,Astra,140000,2017,Benzine,Automatic,1600,Sedan,670000.0,0,0,0,0,0,0,0,0,0,0,0,0,0,0,0,0,0,0,0,0,0
Peugeot,2008,119000,2020,Benzine,Automatic,1600,SUV,820000.0,1,0,1,0,0,0,0,0,1,0,0,0,0,0,0,0,0,0,0,0,0
Daewoo,Nubira,313000,2001,Benzine,Manual,1500,Sedan,250000.0,1,0,1,0,0,0,0,0,1,0,0,0,0,0,0,0,0,0,0,0,0
Geely,Emgrand,14000,2025,Benzine,Automatic,1500,Sedan,815000.0,0,0,0,0,0,0,0,0,0,0,0,0,0,0,0,0,0,0,0,0,0
Peugeot,504,3000,1981,Benzine,Manual,2000,Sedan,110000.0,0,0,0,0,0,0,0,0,0,0,0,0,0,0,0,0,0,0,0,0,0
Hyundai,Santamo,280000,2000,Benzine,Manual,1800,MPV,230000.0,1,0,0,0,0,0,0,0,0,0,0,0,0,0,0,0,0,0,0,0,0
Peugeot,508,105000,2020,Benzine,Automatic,1600,Sedan,1100000.0,0,0,0,0,0,0,0,0,0,0,0,0,0,0,0,0,0,0,0,0,0
Opel,Insignia,100000,2017,Benzine,Automatic,1600,Sedan,900000.0,1,0,1,0,0,0,0,0,1,0,0,0,0,0,0,0,0,0,0,0,0
Kia,Sportage,165000,2020,Benzine,Automatic,1600,SUV,1350000.0,1,1,0,0,0,0,0,0,0,0,0,0,0,0,0,0,0,0,0,0,0
Hyundai,Atos,126000,2008,Benzine,Manual,1100,Hatchback,299000.0,1,1,0,0,0,0,0,0,0,0,0,0,0,0,0,0,0,1,0,0,0
Hyundai,Verna,261000,2010,Benzine,Manual,1600,Sedan,350000.0,0,0,1,0,0,0,0,0,0,0,0,0,0,0,0,0,0,0,0,0,0
Opel,Astra,160000,2015,Benzine,Automatic,1600,Sedan,650000.0,1,0,0,0,0,0,0,0,0,0,0,0,0,0,0,0,0,0,0,0,0
BYD,F3,100000,2023,Benzine,Automatic,1500,Sedan,550000.0,1,0,0,0,0,0,0,0,0,0,0,0,0,0,0,0,0,0,0,0,0
Geely,Pandido,90000,2013,Benzine,Automatic,1500,Hatchback,300000.0,1,0,1,0,0,0,0,0,1,1,1,0,0,1,0,0,0,0,0,0,0
Nissan,Sunny,119000,2014,Benzine,Automatic,1500,Sedan,390000.0,1,0,1,0,0,0,0,0,0,0,0,0,0,0,0,0,0,1,0,0,0
Speranza,A516,250000,2010,Benzine,Automatic,1600,Sedan,160000.0,0,0,0,0,0,0,0,0,0,0,0,0,0,0,0,0,0,0,0,0,0
Daewoo,Lanos,198000,2008,Benzine,Manual,1500,Sedan,260000.0,0,0,0,0,0,0,0,0,0,0,0,0,0,1,0,0,0,0,0,0,0
Renault,Logan,250000,2013,Benzine,Automatic,1600,Sedan,370000.0,1,0,0,0,0,0,0,0,0,0,0,0,0,0,0,0,0,0,0,0,0
Fiat,Punto,170000,2003,Benzine,Manual,1300,Hatchback,215000.0,1,0,0,0,0,0,0,1,0,0,0,0,0,0,0,0,0,1,0,1,0
Skoda,Felecia,250000,1996,Benzine,Manual,1300,Hatchback,160000.0,0,0,0,0,0,0,0,0,0,0,0,0,0,0,0,0,0,0,0,0,0
Daewoo,Leganza,220000,2000,Benzine,Automatic,2000,Sedan,170000.0,1,0,0,0,0,0,0,0,0,0,0,0,0,0,0,0,0,0,0,0,0
Opel,Crossland,120000,2020,Benzine,Automatic,1200,SUV,730000.0,0,1,0,0,0,0,0,0,0,0,0,0,0,0,0,0,0,0,0,0,0
Opel,Vectra,360000,1995,Benzine,Manual,1600,Sedan,135000.0,1,1,0,0,0,0,0,0,0,0,0,0,0,0,0,0,0,1,0,1,0
MINI,Countryman,155000,2015,Benzine,Automatic,1600,Hatchback,950000.0,0,1,0,0,0,1,0,0,0,0,0,0,0,0,0,0,0,0,0,0,0
Kia,Sportage,130000,2021,Benzine,Automatic,1600,Hatchback,1300000.0,0,1,1,0,1,0,0,0,1,0,0,0,0,0,0,0,0,0,0,0,0
Jetour,X95,100000,2022,Benzine,Automatic,1500,SUV,1080000.0,1,0,0,0,0,0,0,0,1,0,0,0,0,1,0,0,0,0,0,0,0
BMW,X1,80000,2022,Benzine,Automatic,2000,SUV,2100000.0,0,0,0,0,0,0,0,0,0,0,0,0,0,0,0,0,0,0,0,0,0
Volkswagen,Passat,80000,2021,Benzine,Automatic,1400,Sedan,1290000.0,0,0,0,0,0,0,0,0,0,1,1,0,1,1,0,1,1,1,0,0,0
Brilliance,FSV,255000,2013,Benzine,Manual,1600,Sedan,290000.0,1,0,0,0,0,0,0,0,0,0,0,0,0,0,0,0,0,0,0,0,0
Hyundai,Accent,400000,2007,Benzine,Manual,1300,Sedan,160000.0,1,0,1,0,0,0,0,0,0,0,0,0,0,0,0,0,0,0,0,0,0
Volkswagen,Polo,230000,2001,Benzine,Manual,1400,Hatchback,260000.0,0,0,1,0,0,0,0,0,0,0,0,0,0,0,0,0,0,1,0,0,0
Volkswagen,Tiguan,25000,2024,Benzine,Automatic,1400,SUV,2100000.0,1,0,0,0,0,1,0,0,0,0,0,0,0,0,0,0,0,0,0,0,0
Suzuki,Swift,90000,2022,Benzine,Automatic,1200,Hatchback,645000.0,1,0,0,0,0,0,0,0,0,0,0,0,0,0,0,0,0,0,0,0,0
BMW,520,62000,2016,Benzine,Automatic,2000,Sedan,1850000.0,1,0,0,0,0,1,0,0,0,0,0,0,0,0,0,0,0,0,0,0,0
Nissan,Qashqai,143000,2020,Benzine,Automatic,1200,SUV,845000.0,0,0,0,0,0,1,1,0,0,0,0,0,0,0,0,0,0,0,0,1,0
Jetour,X70,144000,2022,Benzine,Automatic,1500,SUV,910000.0,0,0,0,1,0,0,0,0,0,0,0,0,0,0,0,0,0,1,0,0,0
Kia,Picanto,88000,2018,Benzine,Automatic,1300,Hatchback,670000.0,1,0,0,0,0,0,0,0,0,0,0,0,0,1,0,1,0,0,0,0,0
Peugeot,301,110000,2018,Benzine,Automatic,1600,Sedan,550000.0,0,0,0,1,0,1,0,0,0,0,0,0,0,0,0,0,0,1,0,0,0
Hyundai,Elantra,15000,2025,Benzine,Automatic,1600,Sedan,970000.0,0,1,0,0,0,0,0,0,0,0,0,0,0,0,0,0,0,0,0,0,0
Senova,X25,162000,2017,Benzine,Automatic,1500,SUV,410000.0,1,0,0,0,0,0,0,0,0,0,0,0,0,0,0,0,0,1,0,0,0
Opel,Astra,90000,2021,Benzine,Automatic,1400,Sedan,760000.0,1,1,0,0,0,1,0,0,0,0,0,0,0,0,0,0,0,1,0,0,0
Skoda,Kodiaq,95000,2021,Benzine,Automatic,1400,Estate,1800000.0,1,0,0,0,0,0,0,0,0,0,0,0,0,0,0,0,0,0,0,0,0
Peugeot,307 SW,245000,2006,Benzine,Manual,1600,Hatchback,340000.0,0,0,0,0,0,0,0,0,0,0,0,0,0,0,0,0,0,0,0,0,0
Daewoo,Nubira,200000,2006,Benzine,Manual,1500,Sedan,158000.0,0,0,0,0,0,0,0,0,0,0,0,0,0,0,0,0,0,0,0,0,0
Opel,Vectra,2400,1996,Benzine,Automatic,2000,Sedan,225000.0,1,0,1,0,0,0,0,0,0,0,0,0,0,0,0,0,0,0,0,0,0
Mercedes-Benz,A150,225000,2004,Benzine,Manual,1400,Hatchback,385000.0,1,0,0,0,0,0,0,0,0,0,0,0,0,0,0,0,0,0,0,0,0
Renault,Megane,100000,2005,Benzine,Automatic,1600,Sedan,300000.0,1,0,1,0,0,0,0,0,0,0,0,0,0,0,0,0,0,0,0,0,0
Hyundai,Atos,131000,2009,Benzine,Manual,1100,Hatchback,230000.0,0,0,1,0,0,0,0,0,0,0,0,0,0,0,0,0,0,0,0,0,0
Skoda,Kodiaq,260000,2021,Benzine,Automatic,1400,SUV,1270000.0,1,0,0,0,0,0,0,0,0,0,0,0,0,0,0,0,0,0,0,0,0
BMW,X1,80000,2019,Benzine,Automatic,2000,SUV,1500000.0,0,0,0,0,0,0,0,0,0,0,0,0,0,0,0,0,0,0,0,0,0
Toyota,Corolla,131000,2014,Benzine,Automatic,1600,Sedan,710000.0,0,1,1,0,0,0,0,0,0,0,0,0,0,0,0,1,0,0,0,0,0
MG,MG 7,4000,2026,Benzine,Automatic,1500,Sedan,1590000.0,1,1,0,0,0,0,0,1,1,1,1,0,1,0,1,1,1,1,1,0,0
Hyundai,Verna,200000,2013,Benzine,Manual,1600,4X4,365000.0,0,1,0,0,0,0,0,0,0,0,0,0,0,0,0,0,0,0,0,0,0
Mercedes-Benz,C180,65000,2022,Benzine,Automatic,1600,Sedan,2600000.0,1,0,0,0,0,1,0,0,0,0,0,0,0,0,0,0,0,0,0,0,0
Hyundai,Verna,200,2007,Benzine,Automatic,1500,Sedan,290000.0,1,0,1,0,0,0,0,0,0,0,0,0,0,0,0,0,0,0,0,0,0
Geely,Emgrand 7,173000,2014,Natural Gas,Manual,1500,Sedan,300000.0,1,0,1,0,0,0,0,0,0,0,0,0,0,0,0,0,0,1,0,0,0
Geely,Pandido,52000,2014,Benzine,Manual,1500,Hatchback,270000.0,0,0,0,0,0,0,0,0,0,0,0,0,0,0,0,0,0,0,0,0,0
Fiat,Siena,330000,2001,Benzine,Manual,1400,Sedan,155000.0,1,0,0,0,1,0,0,0,0,0,0,0,0,0,0,0,0,0,0,0,0
Daewoo,Nubira,219000,1999,Benzine,Manual,1600,Sedan,230000.0,1,0,0,0,0,0,0,0,0,0,0,0,0,0,0,0,0,0,0,0,0
Hyundai,Accent,250000,1999,Benzine,Automatic,1500,Sedan,225000.0,0,1,1,0,1,0,0,0,0,0,0,0,0,0,0,0,0,1,0,0,0
Suzuki,Celerio,10000,2011,Benzine,Manual,1000,Hatchback,300000.0,1,0,1,0,0,0,0,0,0,0,0,0,0,0,0,0,0,0,0,0,0
BMW,X3,81000,2016,Benzine,Automatic,2000,SUV,1500000.0,0,0,0,0,0,0,0,0,0,0,0,0,0,0,0,0,0,0,0,0,0
Nissan,Sunny,330000,2007,Benzine,Manual,1600,Sedan,350000.0,1,0,0,0,0,0,0,0,0,0,0,0,0,0,0,0,0,0,0,0,0
BMW,318,260000,2000,Diesel,Automatic,2000,Sedan,440000.0,0,0,1,0,0,0,0,0,0,0,0,0,0,0,0,0,0,0,0,0,0
MINI,Cooper,80000,2011,Benzine,Automatic,1600,Sports / Coupe,775000.0,1,1,0,0,0,0,0,0,1,0,1,0,1,1,0,1,1,1,0,1,0
Mazda,3,200000,2010,Benzine,Automatic,1300,Sedan,400000.0,0,0,0,0,0,0,0,0,0,0,0,0,0,0,0,0,0,0,0,0,0
Opel,Astra,110000,2021,Benzine,Automatic,1400,Sedan,720000.0,1,1,0,0,0,1,0,0,0,1,0,0,0,0,0,1,1,1,0,0,0
Nissan,Pathfinder,230000,2006,Benzine,Automatic,4000,SUV,765000.0,0,0,1,0,0,0,0,0,1,0,0,0,0,1,0,0,0,0,0,0,0
Peugeot,508,7000,2024,Benzine,Automatic,1600,Sedan,2350000.0,1,1,1,0,0,0,0,1,1,1,1,0,0,1,1,1,1,1,1,0,0
Daewoo,Lanos,200000,2005,Benzine,Manual,1500,Sedan,310000.0,0,0,0,0,1,0,0,0,0,0,0,0,0,0,0,0,0,0,0,0,0
Nissan,Sunny,12000,2025,Benzine,Automatic,1500,Sedan,730000.0,0,0,0,0,0,0,0,0,0,0,0,0,0,0,0,0,0,0,0,0,0
Kia,Rio,52000,2000,Benzine,Automatic,1600,Hatchback,250000.0,0,0,0,0,0,0,0,0,0,0,0,0,0,0,0,0,0,0,0,0,0
MINI,Cooper s,81000,2021,Benzine,Automatic,2000,Sedan,1750000.0,0,0,0,0,0,0,0,0,0,0,0,0,0,0,0,0,0,1,0,0,0
Daewoo,Lanos,300000,2009,Benzine,Manual,1600,Sedan,190000.0,0,0,1,0,0,0,0,0,0,0,0,0,0,0,0,0,0,1,0,0,0
Chevrolet,Lanos,80000,2019,Benzine,Manual,1500,Sedan,375000.0,0,0,1,0,0,0,0,0,1,0,0,0,0,0,0,0,0,0,0,0,0
Daewoo,Nubira,222,2000,Benzine,Automatic,1600,Sedan,265000.0,1,0,1,0,0,0,0,0,0,0,0,0,0,0,0,0,0,1,0,0,0
Kia,Spectra,300000,2001,Natural Gas,Automatic,1600,Sedan,270000.0,0,0,0,0,0,0,0,0,0,0,0,0,0,0,0,0,0,0,0,0,0
BMW,X3,358469,2013,Benzine,Automatic,3000,SUV,1000000.0,0,0,0,0,0,0,0,0,0,0,0,0,0,0,0,0,0,0,0,0,0
Seat,Leon,190000,2015,Benzine,Automatic,1200,Hatchback,650000.0,1,0,0,0,0,0,0,0,0,0,0,0,0,0,0,0,0,0,0,0,0
Skoda,Octavia,150000,2016,Benzine,Automatic,1600,Sedan,850000.0,0,0,0,0,0,0,0,0,0,0,0,0,0,0,0,0,0,0,0,0,0
GAC,EMPOW,56000,2024,Benzine,Automatic,1500,Sedan,1180000.0,1,0,1,0,0,0,0,0,0,0,0,0,0,0,0,0,0,0,0,0,0
MINI,Cooper,94000,2015,Benzine,Automatic,1500,Hatchback,970000.0,0,0,0,0,1,0,0,1,0,1,1,0,1,0,0,1,1,1,1,0,0
MG,MG 5,110000,2021,Benzine,Automatic,1500,Sedan,650000.0,0,0,0,0,0,0,0,0,0,1,0,0,0,0,0,0,1,0,0,0,0
BMW,X1,110000,2016,Benzine,Automatic,1500,SUV,1050000.0,0,0,0,0,0,0,0,0,0,0,0,0,0,0,0,0,0,1,0,0,0
Daewoo,Lanos,183000,2008,Benzine,Manual,1500,Sedan,275000.0,1,1,0,0,1,0,0,0,0,0,0,0,0,0,0,0,0,1,1,0,0
Chery,Tiggo 7,20000,2024,Benzine,Automatic,1600,Estate,865000.0,1,0,0,0,0,0,0,0,0,0,0,0,0,0,0,0,0,0,0,0,0
Toyota,Fortuner,200000,2018,Benzine,Automatic,4000,4X4,2070000.0,1,0,0,0,0,0,0,0,0,0,0,0,0,0,0,0,0,0,0,0,0
Fiat,Siena,290000,2003,Benzine,Manual,1400,Sedan,165000.0,0,1,1,0,0,0,0,0,0,0,0,0,0,0,0,0,0,0,0,0,0
Renault,Logan,94000,2015,Benzine,Manual,1500,Sedan,450000.0,1,0,0,0,0,0,0,0,0,0,0,0,0,0,0,0,0,1,0,0,0
Chevrolet,Optra,140000,2010,Benzine,Automatic,1600,Sedan,430000.0,0,0,1,0,0,0,0,0,0,0,0,0,0,0,0,0,0,0,0,0,0
Nissan,Sunny,167000,2021,Benzine,Automatic,1500,Sedan,550000.0,1,0,0,0,0,0,0,0,0,0,0,0,0,0,0,0,0,0,0,0,0
Jeep,Grand Cherokee,195000,2016,Benzine,Automatic,4700,4X4,1650000.0,0,1,0,0,0,0,0,0,0,0,0,0,0,0,0,0,0,0,0,0,0
Jeep,Renegade,150000,2016,Benzine,Automatic,1400,4X4,830000.0,0,1,0,0,0,0,0,1,0,1,1,0,1,0,0,1,0,1,0,0,0
Hyundai,Matrix,100000,2007,Benzine,Manual,1600,Hatchback,400000.0,1,0,0,0,1,0,0,0,1,1,0,0,0,0,0,0,0,0,0,0,0
Renault,Captur,144000,2017,Benzine,Automatic,1200,SUV,600000.0,1,1,1,0,0,0,0,0,0,0,1,0,0,0,1,1,0,0,1,0,0
Hyundai,Excel,351764,1994,Benzine,Manual,1300,Sedan,125000.0,1,0,1,0,0,0,0,0,0,0,0,0,0,0,0,0,0,0,0,0,0
Kia,Sportage,31000,2021,Benzine,Automatic,1600,SUV,1300000.0,1,0,0,0,0,1,0,0,0,0,0,0,0,0,0,0,0,0,0,0,0
Renault,Logan,220000,2013,Benzine,Manual,1600,Sedan,320000.0,1,0,1,0,1,0,0,0,0,0,0,0,0,0,0,0,0,0,0,1,0
Suzuki,Grand Vitara,280000,2007,Benzine,Automatic,2000,4X4,650000.0,1,0,0,0,0,0,0,0,0,0,0,0,0,0,0,0,0,0,0,0,0
Renault,Logan,110000,2019,Benzine,Automatic,1600,Sedan,470000.0,0,1,1,0,0,0,0,0,0,0,0,0,0,0,0,0,0,0,0,0,0
Fiat,Siena,19700,2000,Benzine,Manual,1400,Sedan,160000.0,0,0,1,0,0,0,0,0,0,0,0,0,0,0,0,0,0,0,0,0,0
Mercedes-Benz,S280,97000,1982,Benzine,Automatic,2800,Sedan,650000.0,0,0,0,0,0,0,0,0,0,0,0,0,0,0,0,0,0,0,0,0,0
Hyundai,H100,400000,2006,Diesel,Manual,2500,Van / Bus,325000.0,1,0,1,0,0,0,0,0,0,0,0,0,0,0,0,0,0,0,0,0,0
Renault,Kadjar,78000,2022,Benzine,Automatic,1200,SUV,850000.0,0,0,0,0,0,0,0,0,0,0,0,0,0,0,0,0,0,1,0,0,0
Chevrolet,Cruze,165000,2009,Benzine,Automatic,1600,Sedan,325000.0,0,0,0,0,0,0,0,0,0,0,0,0,0,0,0,0,0,0,0,0,0
BMW,316,400000,2006,Benzine,Automatic,1600,Sedan,540000.0,1,0,1,0,0,0,0,0,0,0,0,0,0,0,0,0,0,0,0,0,0
Daewoo,Lanos,275888,1999,Benzine,Manual,1500,Sedan,180000.0,1,0,0,0,0,0,0,0,0,0,0,0,0,0,0,0,0,0,0,0,0
Jeep,Wrangler,83000,2017,Benzine,Automatic,3000,SUV,1850000.0,0,1,0,0,0,0,0,0,0,0,0,0,0,0,0,0,0,0,0,0,0
Fiat,Tipo,106000,2022,Benzine,Automatic,1600,Sedan,900000.0,0,0,0,0,0,0,0,0,0,0,0,0,0,0,0,0,0,0,0,0,0
Hyundai,Tucson,55000,2021,Benzine,Automatic,1600,Estate,1450000.0,1,1,0,0,0,1,0,0,0,0,0,0,0,0,0,0,0,0,0,0,0
Daewoo,Juliet,86000,2000,Benzine,Manual,1500,Hatchback,270000.0,0,0,1,0,0,0,0,0,0,0,0,0,0,0,0,0,0,0,0,0,0
Renault,Logan,90000,2016,Benzine,Automatic,1600,Sedan,455000.0,1,0,1,0,0,0,0,0,1,0,0,0,0,0,0,1,1,0,1,0,0
Skoda,Fantasia,250000,2010,Benzine,Automatic,1600,Sedan,550000.0,0,0,0,0,0,0,0,0,0,0,0,0,0,0,0,0,0,0,0,0,0
Volkswagen,Golf,177000,2014,Benzine,Automatic,1400,Hatchback,750000.0,0,1,1,0,1,0,0,0,0,0,0,0,0,0,0,0,0,1,0,0,1
Fiat,Punto,200000,2016,Benzine,Manual,1400,Hatchback,375000.0,0,0,1,0,0,0,0,0,1,0,0,0,0,0,0,0,0,0,0,0,0
Mercedes-Benz,C200,47000,2019,Benzine,Automatic,1500,Sedan,2590000.0,1,0,0,0,0,0,0,0,0,0,0,0,0,0,0,0,0,0,0,0,0
Opel,Vectra,280000,2008,Benzine,Automatic,1600,Sedan,380000.0,0,0,0,0,0,0,0,0,0,0,0,0,0,0,0,0,0,0,0,0,0
Chevrolet,Lanos,183000,2012,Benzine,Manual,1600,Sedan,300000.0,1,0,0,0,0,0,0,0,0,0,0,0,0,0,0,0,0,0,0,0,0
Hyundai,Verna,99999,2010,Benzine,Manual,1600,Sedan,230000.0,1,0,1,0,0,0,0,0,0,0,0,0,0,0,0,0,0,0,0,0,0
Chevrolet,Optra,160000,2013,Benzine,Automatic,1600,Sedan,450000.0,1,0,0,0,0,0,0,0,0,1,0,0,0,0,0,0,0,1,0,0,0
Jetour,T2,12000,2025,Benzine,Automatic,1600,SUV,1730000.0,0,0,0,0,0,0,0,1,0,0,1,0,0,0,0,0,0,1,0,0,0
Mercedes-Benz,C180,70000,2017,Benzine,Automatic,1600,Convertible,2200000.0,1,0,0,0,0,0,0,0,1,1,0,0,0,0,0,0,0,0,0,0,0
Mercedes-Benz,C180,240000,2010,Benzine,Automatic,1800,Sedan,830000.0,1,0,1,0,0,0,0,0,0,0,0,0,0,0,0,0,0,0,0,0,0
Nissan,Tiida,187000,2010,Benzine,Automatic,1600,Sedan,450000.0,0,0,0,0,0,0,0,0,0,0,0,0,0,0,0,0,0,1,0,0,0
Speranza,A620,149000,2008,Benzine,Automatic,2000,Sedan,250000.0,1,0,0,0,0,0,0,0,1,0,0,0,0,0,0,0,0,0,0,0,0
Renault,Clio,230000,2002,Benzine,Manual,1200,Sedan,180000.0,0,0,0,0,0,0,0,0,0,0,0,0,0,0,0,0,0,0,0,0,0
Renault,Megane,220000,2006,Benzine,Automatic,1600,Sedan,260000.0,0,1,1,0,0,0,0,1,0,1,1,0,0,0,0,0,0,1,0,0,0
Daewoo,Lanos,375000,2006,Benzine,Manual,1500,Sedan,255000.0,1,0,1,0,0,0,0,0,0,0,0,0,0,0,0,0,0,1,0,0,0
BMW,X3,225000,2009,Benzine,Automatic,3000,4X4,680000.0,1,0,1,0,0,0,0,0,0,0,0,0,0,0,0,0,0,0,0,0,0
Toyota,Corolla,2000,1999,Benzine,Manual,1300,Sedan,240000.0,1,0,1,0,0,0,0,0,0,0,0,0,0,0,0,0,0,0,0,0,0
Daewoo,Nubira,55000,1997,Benzine,Manual,1600,Sedan,200000.0,0,0,1,0,1,0,0,0,0,0,0,0,0,0,0,0,0,1,0,0,0
Mercedes-Benz,CLA 180,200000,2015,Benzine,Automatic,1600,Sedan,1000000.0,0,0,0,0,0,0,0,0,0,0,0,0,0,0,0,0,0,0,0,0,0
BYD,F3,80000,2014,Benzine,Automatic,1500,Sedan,365000.0,1,0,1,0,0,0,0,0,0,0,0,0,0,0,0,0,0,0,0,0,0
Skoda,Octavia,75000,2016,Benzine,Automatic,1400,Sedan,900000.0,0,1,0,0,0,0,0,0,0,0,0,0,0,0,0,0,0,0,0,0,0
Speranza,A516,290000,2008,Benzine,Manual,1600,Sedan,230000.0,1,0,1,0,0,0,0,0,1,0,0,0,0,0,0,0,0,0,0,0,0
Hyundai,Elantra,270000,1996,Benzine,Manual,1600,Hatchback,235000.0,1,1,1,0,0,0,0,0,0,0,0,0,0,0,0,0,0,1,1,0,0
Mitsubishi,Eclipse,52000,2023,Benzine,Automatic,1500,SUV,1280000.0,0,0,0,0,0,1,0,0,0,0,0,0,0,0,0,0,0,0,0,0,0
Kia,Ceed,190000,2016,Benzine,Automatic,1600,Hatchback,620000.0,1,1,0,0,0,0,0,0,0,0,0,1,0,0,0,0,1,0,0,0,0
Volkswagen,Passat,55000,2016,Benzine,Automatic,1400,Sedan,815000.0,1,0,0,0,0,0,0,0,0,0,0,0,0,0,0,0,0,0,0,0,0
Speranza,A516,170000,2009,Benzine,Manual,1600,Sedan,215000.0,0,0,0,0,0,0,0,0,0,0,0,0,0,0,0,0,0,0,0,0,0
Jaguar,S-Type,55000,2004,Benzine,Automatic,2500,Sedan,1075000.0,1,0,1,0,0,0,0,0,0,0,0,0,0,0,0,0,0,0,0,0,0
Hyundai,IX20,150000,2013,Benzine,Automatic,1600,Hatchback,430000.0,0,1,1,0,0,0,0,0,0,0,0,0,0,0,0,0,0,0,0,0,0
Toyota,Corolla,31000,2024,Benzine,Automatic,1600,Sedan,1350000.0,0,1,0,0,0,0,0,0,0,0,0,0,0,0,1,0,0,0,0,0,0
Renault,Megane,195000,2005,Benzine,Automatic,1600,Sedan,270000.0,1,1,1,0,0,0,0,0,1,1,0,0,0,0,1,1,0,0,0,0,0
BMW,318,100000,2018,Benzine,Automatic,1600,Sedan,1190000.0,1,0,0,0,0,0,0,0,0,0,0,0,0,0,0,0,0,0,0,0,0
Skoda,Fantasia,101000,2012,Benzine,Automatic,2000,Sedan,650000.0,1,1,0,0,1,0,0,0,0,1,0,1,0,0,0,0,0,1,0,0,0
Opel,Astra,68000,2020,Benzine,Automatic,1400,Sedan,750000.0,0,0,0,0,1,0,0,0,0,0,0,0,0,0,0,0,0,0,0,0,0
Kia,Pride,100000,1996,Benzine,Manual,1300,Hatchback,135000.0,1,1,0,0,0,0,0,0,0,0,0,0,0,0,0,0,0,1,0,1,0
Skoda,Octavia,162000,1999,Benzine,Manual,1600,Sedan,310000.0,0,0,0,0,0,0,0,1,0,1,1,0,0,0,0,0,0,1,0,0,0
Mitsubishi,Lancer,55000,2007,Benzine,Automatic,1600,Sedan,600000.0,1,0,1,0,0,0,0,0,0,0,0,0,0,0,0,0,0,0,0,0,0
Toyota,Belta,72000,2022,Benzine,Automatic,1499,Sedan,730000.0,0,0,0,0,0,0,0,0,0,0,0,0,0,0,0,0,0,0,0,0,0
Kia,Sephia,340000,2002,Benzine,Manual,1500,Sedan,165000.0,1,0,1,0,0,0,0,0,1,0,0,0,0,1,0,0,0,1,0,0,0
Citroen,C5,65000,2020,Benzine,Automatic,1600,SUV,1250000.0,0,0,0,0,0,0,0,0,0,0,0,0,0,0,0,0,0,1,0,0,0
Volkswagen,Jetta,260000,2006,Benzine,Automatic,2000,Sedan,700000.0,1,0,1,0,0,0,0,0,0,0,0,0,0,0,0,0,0,0,0,0,0
Opel,Vectra,201000,1995,Benzine,Manual,1600,Sedan,100000.0,0,0,1,0,0,0,0,0,0,0,0,0,0,0,0,0,0,0,0,0,0
Hyundai,Verna,480000,2013,Natural Gas,Automatic,1500,Sedan,295000.0,1,0,0,0,0,0,0,0,1,0,0,0,0,0,0,0,0,0,0,0,0
Hyundai,Accent,330000,2007,Benzine,Manual,1600,Sedan,355000.0,1,0,1,0,0,0,0,0,1,0,0,0,0,1,0,0,0,0,0,0,0
Mercedes-Benz,CLA 200,42000,2022,Benzine,Automatic,1320,Sedan,1950000.0,0,0,0,0,0,0,0,0,0,0,0,0,0,0,0,0,0,0,0,0,0
Chevrolet,Lanos,114000,2009,Benzine,Manual,1500,Sedan,260000.0,1,0,1,0,0,0,0,0,0,1,0,1,0,0,0,0,0,0,0,0,0
Mercedes-Benz,C180,180000,2009,Benzine,Automatic,1600,Sedan,950000.0,0,0,0,0,0,0,0,0,0,0,0,0,0,0,0,0,0,0,0,0,0
Daewoo,Lacetti,160000,2004,Natural Gas,Automatic,1500,Sedan,425000.0,0,0,0,0,0,0,0,0,0,0,0,0,0,0,0,0,0,0,0,0,0
Fiat,Tipo,190000,2019,Benzine,Automatic,1600,Sedan,600000.0,1,0,0,0,0,0,0,0,0,0,0,0,0,0,0,0,0,0,0,0,0
Speranza,A113,190000,2008,Benzine,Manual,1300,Hatchback,220000.0,0,0,1,0,0,0,0,0,0,0,0,0,0,0,0,0,0,1,0,0,0
Renault,Optima,300000,1997,Benzine,Manual,1300,Sedan,125000.0,0,0,1,0,0,0,0,0,0,0,0,0,0,0,0,0,0,0,0,0,0
Daewoo,Nubira,157000,2007,Benzine,Manual,1600,Sedan,285000.0,1,0,1,0,1,0,0,0,1,0,0,0,0,0,0,0,0,1,0,0,0
Hyundai,Accent,376702,2006,Benzine,Manual,1300,Sedan,225000.0,1,0,0,0,0,0,0,0,0,0,0,0,0,0,0,0,0,0,0,1,0
MG,ZS,11000,2025,Benzine,Automatic,1500,4X4,860000.0,1,0,0,0,0,0,0,0,0,0,0,0,0,0,0,0,0,0,0,0,0
Chevrolet,Aveo,63500,2016,Benzine,Automatic,1500,Sedan,500000.0,1,0,0,0,0,0,0,0,0,0,0,0,0,0,0,0,0,0,0,0,0
Renault,Clio,186000,2005,Benzine,Automatic,1600,Sedan,220000.0,1,1,1,0,0,0,0,0,1,0,0,0,0,0,0,0,0,1,0,0,0
Nissan,Sunny,280000,1997,Benzine,Manual,1300,Sedan,175000.0,1,0,1,0,0,0,0,0,1,0,0,0,0,1,0,0,0,0,0,0,0
Chevrolet,Optra,100000,2005,Benzine,Automatic,1600,Sedan,330000.0,0,0,1,0,0,0,0,0,1,0,1,1,0,1,0,0,0,1,0,0,0
Renault,Clio,300000,2003,Benzine,Manual,1200,Sedan,160000.0,1,0,1,0,0,0,0,0,0,0,0,0,0,0,0,0,0,0,0,0,0
Skoda,Felecia,269000,1997,Benzine,Manual,1300,Hatchback,120000.0,1,0,0,0,0,0,0,0,0,0,0,0,0,1,0,0,0,0,0,0,0
Chery,A15,214000,2007,Benzine,Manual,1600,Sedan,200000.0,1,1,0,0,0,0,0,0,0,0,0,0,0,0,0,0,0,0,0,0,0
Skoda,Felecia,150000,1996,Benzine,Manual,1300,Hatchback,135000.0,1,1,1,0,0,0,0,0,0,0,0,0,0,0,0,0,0,0,0,0,0
BMW,X1,173000,2014,Benzine,Automatic,2000,SUV,900000.0,0,0,0,0,0,0,0,0,0,0,0,0,0,0,0,0,0,0,0,0,0
Chana,Other,85000,2016,Benzine,Manual,1000,Pickup,230000.0,1,0,0,0,0,0,0,0,0,0,0,0,0,0,0,0,0,0,0,0,0
Opel,Mokka,133000,2016,Benzine,Automatic,1400,Hatchback,590000.0,1,0,0,0,1,0,0,0,0,0,0,0,0,0,0,0,0,0,0,0,0
Subaru,Impreza,240000,2006,Benzine,Manual,2000,Sedan,450000.0,0,1,0,0,0,0,0,0,0,0,0,0,0,0,0,0,0,1,0,0,0
Subaru,Impreza,250000,2019,Benzine,Automatic,1600,Sedan,700000.0,1,0,1,1,0,0,0,0,0,0,0,0,0,0,0,0,0,0,0,0,0
Changan,CS55,60000,2023,Benzine,Automatic,1500,SUV,1000000.0,1,0,1,0,1,0,1,0,0,1,1,0,0,0,1,0,0,0,0,0,0
Speranza,A516,185000,2007,Benzine,Manual,1600,Sedan,230000.0,1,0,1,0,0,0,0,0,0,0,0,0,0,0,0,0,0,1,0,0,0
Mercedes-Benz,GLA 200,13000,2015,Benzine,Automatic,1500,SUV,1750000.0,0,0,0,0,0,0,0,0,0,0,0,0,0,0,0,0,0,0,0,0,0
Ford,Fiesta,200000,2000,Benzine,Manual,1300,Hatchback,120000.0,0,0,0,0,0,0,0,0,0,0,0,0,0,0,0,0,0,0,0,0,0
Kia,K3,170000,2013,Benzine,Automatic,1600,Sedan,725000.0,1,0,0,0,0,0,0,0,0,0,0,0,0,0,0,0,0,0,0,0,0
Toyota,Corolla,200000,1998,Benzine,Manual,1600,Estate,250000.0,1,0,0,0,0,0,0,0,0,0,0,0,0,0,0,0,0,0,0,0,0
Nissan,Qashqai,100000,2018,Benzine,Automatic,1200,SUV,790000.0,1,0,0,0,0,0,0,0,0,1,0,0,1,0,1,1,1,0,0,0,0
Kia,Cerato,20000,2017,Benzine,Automatic,1600,Sedan,730000.0,0,0,0,0,1,0,0,0,0,0,0,0,0,0,0,0,0,0,0,0,1
Mercedes-Benz,C180,122000,2010,Benzine,Automatic,1600,Sedan,1250000.0,1,0,0,0,0,0,0,0,0,0,0,0,0,0,0,0,0,0,0,0,0
Seat,Ibiza,54000,2024,Diesel,Automatic,1600,Hatchback,900000.0,0,0,0,1,0,1,0,0,0,0,0,0,0,0,0,0,0,0,0,0,0
Renault,Megane,187000,2009,Benzine,Automatic,1600,Sedan,375000.0,1,0,1,0,0,0,0,0,1,0,0,0,0,0,0,0,0,0,0,0,0
Chevrolet,Optra,215000,2008,Benzine,Manual,1500,Sedan,380000.0,0,0,0,0,0,0,0,0,0,0,0,0,0,0,0,0,0,0,0,0,0
Peugeot,504,200000,1980,Benzine,Manual,2000,Sedan,140000.0,1,0,0,0,0,0,0,0,0,0,0,0,0,0,0,0,0,0,0,0,0
Peugeot,508,227000,2015,Benzine,Automatic,1600,Sedan,530000.0,0,0,0,0,0,0,0,0,0,0,0,0,0,0,0,0,0,0,0,0,0
KGM,Torres,18000,2025,Benzine,Automatic,1500,SUV,1750000.0,0,0,0,0,0,0,0,0,0,0,0,0,0,0,0,0,0,0,0,0,0
Jeep,Liberty,430000,2002,Benzine,Automatic,3700,4X4,445000.0,1,0,0,0,0,0,0,0,0,0,0,0,0,0,0,0,0,0,0,0,0
Honda,Accord,14000,2023,Benzine,Automatic,1500,Sedan,2200000.0,0,0,0,0,0,0,0,1,0,0,0,0,0,0,0,0,0,1,0,0,0
Suzuki,Other,17000,2009,Benzine,Manual,1000,Pickup,250000.0,0,0,0,0,1,0,0,0,0,0,0,0,0,0,0,0,0,0,0,0,0
Renault,Megane,302017,2006,Benzine,Automatic,1600,Sedan,300000.0,1,0,1,0,0,0,0,1,0,1,0,0,0,0,0,0,0,0,0,0,0
Senova,A1,49000,2016,Benzine,Automatic,1500,Hatchback,400000.0,1,0,0,0,0,0,0,1,0,0,0,0,0,0,0,0,0,0,0,0,0
Hyundai,Verna,180000,2011,Benzine,Manual,1600,Sedan,390000.0,1,1,1,0,0,0,0,0,0,0,0,0,0,1,0,0,0,0,0,0,0
Nissan,Sunny,240000,2014,Benzine,Automatic,1600,Sedan,385000.0,0,1,1,0,0,0,0,0,0,0,0,0,0,0,0,0,0,1,0,0,0
Fiat,Panda,121000,2017,Benzine,Manual,1200,Hatchback,320000.0,1,0,0,0,0,0,0,0,0,0,0,0,0,0,0,0,0,0,0,0,0
Jac,S3,180000,2015,Benzine,Automatic,1600,SUV,410000.0,1,0,0,0,0,0,0,0,0,0,0,0,0,0,0,0,0,1,0,1,0
Speranza,A620,250000,2007,Benzine,Automatic,2000,Sedan,235000.0,1,0,1,0,0,0,0,0,0,0,0,0,0,0,0,0,0,0,0,0,0
BMW,525,300000,2007,Benzine,Automatic,2500,Sedan,750000.0,0,0,0,0,0,0,0,0,0,0,0,0,0,0,0,0,0,0,0,0,0
Renault,Logan,212000,2013,Benzine,Manual,1600,Sedan,295000.0,1,0,1,0,0,0,0,0,0,0,0,0,0,0,0,0,0,0,0,0,0
Chevrolet,Lanos,155000,2015,Benzine,Manual,1500,Sedan,400000.0,1,0,1,0,0,0,0,0,0,0,0,0,0,1,0,0,0,0,0,0,0
Suzuki,Celerio,199000,2011,Benzine,Manual,1000,Hatchback,290000.0,1,0,0,0,0,0,0,0,0,0,0,0,0,0,0,0,0,0,0,0,0
Hyundai,Verna,400000,2012,Benzine,Manual,1600,Sedan,305000.0,0,0,1,0,0,0,0,0,0,0,0,0,0,0,0,0,0,0,0,0,0
Suzuki,Ertiga,281000,2015,Benzine,Automatic,1400,Estate,550000.0,0,0,1,0,1,0,0,0,0,0,0,0,0,0,0,0,0,0,0,0,0
Hyundai,Tucson,115000,2019,Benzine,Automatic,1600,SUV,1250000.0,1,0,1,0,1,0,0,0,0,1,1,0,1,1,1,0,0,0,0,0,0
Mitsubishi,Pajero,150000,2013,Benzine,Automatic,3800,4X4,1700000.0,0,0,0,0,0,0,0,0,0,0,0,0,0,0,0,0,0,0,0,0,0
BYD,F3,25000,2025,Benzine,Automatic,1600,Sedan,600000.0,0,1,0,0,0,0,0,0,0,0,0,0,0,0,1,0,0,0,0,0,0
Hyundai,Matrix,270000,2007,Benzine,Manual,1599,Hatchback,380000.0,0,0,0,0,0,0,0,0,0,0,0,0,0,0,0,0,0,0,0,0,0
Peugeot,301,70000,2021,Benzine,Automatic,1600,Sedan,645000.0,1,0,0,0,0,0,0,0,0,0,0,0,0,0,0,0,0,1,0,0,0
Opel,Corsa,98000,2014,Benzine,Automatic,1400,Hatchback,585000.0,1,1,0,0,0,1,0,0,0,0,0,0,0,0,0,0,0,0,0,0,0
Toyota,Corolla,98000,2022,Benzine,Automatic,1600,Sedan,1130000.0,1,1,0,0,0,0,0,0,0,0,0,0,0,0,0,0,0,0,0,0,0
Daewoo,Lanos,320000,2003,Benzine,Manual,1500,Sedan,255000.0,1,0,1,0,0,0,0,0,0,0,0,0,0,0,0,0,0,0,0,0,0
Daewoo,Lanos,200000,2006,Benzine,Manual,1500,Sedan,300000.0,0,1,0,0,0,0,0,0,0,0,0,0,0,0,0,0,0,0,0,0,0
BMW,X3,130000,2017,Benzine,Automatic,3000,SUV,2500000.0,1,0,1,0,0,0,0,1,1,1,1,1,1,0,0,1,1,1,1,0,0
Fiat,Tipo,120000,2021,Benzine,Automatic,1600,Sedan,680000.0,1,1,1,0,0,0,0,0,1,1,0,0,0,0,0,0,0,0,0,0,0
Hyundai,Accent,40000,2024,Benzine,Automatic,1600,Sedan,820000.0,1,1,0,0,0,0,0,0,0,0,0,0,0,0,0,1,0,0,0,0,0
Speranza,A113,174000,2009,Benzine,Manual,1300,Hatchback,180000.0,1,0,0,0,0,0,0,0,0,0,0,0,0,0,0,0,0,0,0,0,0
Seat,Leon,135000,2000,Benzine,Automatic,2000,Hatchback,290000.0,0,0,0,0,0,0,0,0,0,0,0,1,0,0,0,1,0,1,0,0,0
BYD,F3,100000,2018,Benzine,Manual,1600,Sedan,380000.0,1,0,1,0,0,0,0,0,0,1,0,0,0,0,0,0,0,0,0,0,0
Ssang Yong,Tivoli,245000,2017,Benzine,Automatic,1600,SUV,680000.0,1,1,0,0,0,0,0,0,0,0,0,0,0,0,0,0,0,0,0,0,0
Chery,Tiggo 7,90000,2021,Benzine,Automatic,1500,SUV,675000.0,1,0,0,0,0,0,0,0,0,0,0,0,0,0,0,0,0,0,0,0,0
Peugeot,405,264320,1991,Benzine,Manual,1600,Sedan,150000.0,0,0,0,0,0,0,0,0,0,0,0,0,0,0,0,0,0,0,0,0,0
Changhe,Ideal,200000,2009,Benzine,Manual,1000,Hatchback,110000.0,0,0,0,0,0,0,0,0,0,0,0,0,0,0,0,0,0,0,0,0,0
BMW,218,125000,2021,Benzine,Automatic,1500,SUV,1500000.0,1,0,1,0,0,0,0,0,0,0,0,0,0,0,0,0,0,0,0,0,0
Nissan,Sunny,92650,1999,Benzine,Manual,1300,Sedan,320000.0,1,1,1,0,0,0,0,0,1,0,0,0,0,0,0,0,0,1,0,0,0
Fiat,Grand Punto,242000,2011,Benzine,Automatic,1400,Hatchback,360000.0,1,0,0,0,0,0,0,0,0,0,0,0,1,0,0,1,1,0,0,0,0
Daihatsu,Terios,47000,2007,Benzine,Manual,1600,Hatchback,420000.0,1,0,1,0,1,0,0,0,0,0,0,0,0,0,0,0,0,0,0,0,0
Speranza,M11,8900,2012,Benzine,Manual,1600,Sedan,240000.0,1,0,0,0,0,0,0,0,0,0,0,0,0,0,0,0,0,0,0,0,0
Nissan,Sentra,80000,2023,Benzine,Automatic,1600,Sedan,580000.0,1,0,0,0,0,0,0,0,0,0,0,0,0,0,1,0,0,1,0,0,0
Hyundai,Verna,180000,2007,Benzine,Manual,1500,Sedan,300000.0,1,0,0,0,0,0,0,0,0,0,0,0,0,0,0,0,0,0,0,0,0
Speranza,A516,260000,2006,Benzine,Manual,1600,Sedan,240000.0,1,0,1,0,0,0,0,0,1,0,0,0,0,0,0,0,0,0,0,0,0
Renault,Kardian,10000,2025,Benzine,Automatic,1000,Hatchback,900000.0,1,1,0,0,0,0,0,0,1,0,1,0,0,0,1,1,1,0,0,0,0
Opel,Astra,176000,2008,Benzine,Automatic,1600,Hatchback,365000.0,1,0,0,1,1,0,0,0,0,0,0,0,0,0,0,0,0,1,0,0,0
Speranza,A516,220000,2009,Benzine,Automatic,2000,Sedan,330000.0,0,1,0,0,0,0,0,0,0,0,0,0,0,0,0,0,0,0,0,0,0
BMW,X1,110000,2020,Benzine,Automatic,1500,SUV,1700000.0,1,1,0,0,0,0,0,1,1,0,1,0,0,0,0,0,0,1,0,0,1
Toyota,Urban Cruiser,19000,2024,Benzine,Automatic,1500,SUV,1300000.0,1,0,0,0,0,0,0,0,0,0,0,0,0,0,0,0,0,0,0,0,0
Hyundai,Getz,270000,2011,Benzine,Automatic,1600,Hatchback,425000.0,1,0,0,0,0,0,0,0,0,0,0,0,0,0,0,0,0,0,0,0,0
Ford,Kuga,153000,2015,Benzine,Automatic,1499,SUV,670000.0,0,0,0,0,0,0,0,0,0,0,0,0,0,0,0,0,0,0,0,0,0
Nissan,Sunny,84500,2022,Benzine,Automatic,1500,Sedan,555000.0,1,0,1,0,0,0,0,0,0,0,0,0,0,0,0,0,0,0,0,0,0
BMW,IX3,200000,2012,Benzine,Automatic,3000,4X4,1190000.0,1,0,1,0,1,0,0,0,0,0,0,0,1,0,0,0,0,0,0,0,0
Hyundai,Matrix,100000,2005,Benzine,Automatic,1600,Hatchback,380000.0,1,0,1,0,0,0,0,0,0,0,0,0,0,0,0,0,0,0,0,0,0
Mitsubishi,Lancer,281400,2006,Benzine,Manual,1600,Sedan,335000.0,1,0,1,0,0,0,0,0,0,0,0,0,0,0,0,0,0,1,1,0,0
BMW,318,150000,1995,Diesel,Manual,1800,Sedan,220000.0,0,0,0,0,1,0,0,0,0,0,0,0,0,0,0,0,0,0,0,0,0
BMW,316,211000,2014,Benzine,Automatic,1600,Sedan,960000.0,1,1,0,0,0,0,0,0,0,0,0,0,0,0,0,0,0,0,0,0,0
BMW,318,68000,2018,Benzine,Automatic,1500,Sedan,1450000.0,1,0,0,0,0,0,0,0,1,1,0,0,1,0,0,0,0,1,1,0,0
Proton,Wira,229000,2004,Benzine,Manual,1300,Sedan,140000.0,0,1,0,0,0,0,0,0,0,0,0,0,0,0,0,0,0,1,0,0,0
Mazda,3,180000,2007,Benzine,Manual,1600,Sedan,350000.0,0,0,0,0,1,0,0,0,0,0,0,0,0,0,0,0,0,1,0,0,0
MG,MG 6,98000,2020,Benzine,Automatic,1500,Sedan,780000.0,0,0,0,0,0,0,0,0,0,0,0,0,0,0,0,0,0,0,0,0,0
Jeep,Wrangler,195000,2012,Benzine,Automatic,3600,4X4,1200000.0,1,1,0,0,0,0,0,0,0,0,0,0,0,0,0,0,0,0,0,0,0
Renault,12,205000,2012,Benzine,Manual,1600,Hatchback,480000.0,0,0,0,0,0,0,0,0,0,0,0,0,0,0,0,0,0,0,0,0,0
Chevrolet,Optra,209000,2014,Benzine,Automatic,1600,Sedan,415000.0,1,0,1,0,0,0,0,0,1,1,1,0,0,0,0,0,0,1,0,0,0
Jeep,Wrangler,225000,2014,Benzine,Automatic,3600,4X4,1350000.0,1,0,0,0,1,0,0,0,0,0,0,0,0,0,0,0,0,0,0,0,0
BMW,320,115000,2021,Benzine,Automatic,2000,Sedan,2100000.0,1,0,0,0,0,0,0,0,0,0,0,0,0,0,0,0,0,0,0,0,0
Hyundai,Elantra,36000,2025,Benzine,Automatic,1600,Sedan,1050000.0,1,0,1,0,0,0,0,0,1,0,0,0,0,0,0,1,1,1,0,0,0
Saipa,Tiba,210000,2014,Benzine,Manual,1500,Sedan,230000.0,0,0,0,0,0,0,0,0,0,0,0,0,0,0,0,0,0,1,1,1,0
Kia,Shuma,110000,2001,Benzine,Automatic,1500,Sedan,205000.0,0,0,1,0,0,0,0,0,1,0,0,0,0,0,0,0,0,1,0,0,0
Renault,Logan,220000,2018,Benzine,Automatic,1500,Sedan,440000.0,1,1,1,0,0,0,0,0,1,1,0,0,0,0,0,0,0,0,0,0,1
BYD,F3,225000,2008,Benzine,Manual,1600,Sedan,275000.0,0,0,1,0,0,0,0,0,0,1,0,1,0,1,0,1,0,1,0,1,0
Subaru,XV,168000,2019,Benzine,Automatic,1600,SUV,1040000.0,1,0,0,0,1,0,0,1,0,0,0,0,0,0,0,0,0,0,0,0,0
Chevrolet,Lanos,188,2010,Benzine,Manual,1500,Sedan,250000.0,1,0,1,0,0,0,0,0,1,0,0,0,0,0,0,0,0,0,0,0,0
Skoda,Superb,117000,2021,Benzine,Automatic,2000,Sedan,1530000.0,1,0,0,1,1,1,0,0,0,0,0,0,0,0,0,0,0,0,0,0,0
Ssang Yong,Torres,25000,2024,Benzine,Automatic,1500,SUV,1360000.0,1,1,0,0,0,0,0,0,0,0,0,0,0,0,0,0,0,0,0,0,0
Opel,Meriva,155000,2016,Benzine,Automatic,1400,Hatchback,475000.0,1,1,0,0,1,0,0,0,0,0,0,0,0,0,0,0,0,0,0,0,0
Skoda,Felecia,500000,1996,Benzine,Manual,1300,Hatchback,135000.0,1,0,0,0,0,0,0,0,0,0,0,0,0,0,0,0,0,0,0,0,0
Mitsubishi,Lancer,100000,1993,Benzine,Manual,1300,Sedan,150000.0,0,0,0,0,0,0,0,0,0,0,0,0,0,0,0,0,0,0,0,0,0
Nissan,Sunny,240000,2014,Benzine,Automatic,1500,Sedan,425000.0,1,0,0,0,1,0,0,0,0,0,0,0,0,0,0,0,0,0,0,0,0
Toyota,Corolla,146000,2015,Benzine,Automatic,1600,Sedan,790000.0,1,0,0,0,0,0,0,0,0,0,0,0,0,0,0,0,0,0,0,0,0
Peugeot,406,199000,1998,Benzine,Manual,1800,Sedan,200000.0,1,0,0,0,0,0,0,0,0,0,0,0,0,0,0,0,0,0,0,0,0
Chevrolet,Aveo,18000,2010,Benzine,Automatic,1500,Sedan,330000.0,0,0,0,0,0,0,0,0,0,0,0,0,0,0,0,0,0,0,0,0,0
Renault,Logan,108000,2012,Benzine,Manual,1600,Sedan,300000.0,1,0,1,0,1,0,0,0,0,0,0,0,0,0,0,0,0,0,0,0,1
Opel,Vectra,170000,2008,Benzine,Automatic,2200,Sedan,470000.0,0,0,0,0,0,0,0,0,0,0,1,0,0,0,0,0,1,0,0,0,0
Kia,Sorento,140000,2019,Benzine,Automatic,3500,SUV,1290000.0,0,0,0,0,0,0,0,0,0,0,0,0,1,0,0,0,0,0,0,0,0
Opel,Astra,340000,2013,Benzine,Automatic,1600,Sedan,420000.0,1,0,0,0,0,0,0,0,0,0,0,0,0,0,0,0,0,0,0,0,0
Speranza,A516,220000,2009,Benzine,Manual,1600,Sedan,210000.0,0,0,0,0,0,0,0,0,0,0,0,0,0,0,0,0,0,0,0,0,0
Changan,EADO,37000,2022,Benzine,Automatic,1600,Sedan,580000.0,0,1,0,0,0,0,0,0,0,0,1,1,0,0,0,1,0,0,1,0,1
Fiat,Shahin,110000,2001,Benzine,Manual,1400,Sedan,140000.0,1,0,0,0,0,0,0,0,0,0,0,0,0,1,0,0,0,0,0,0,0
Fiat,Linea,210000,2013,Benzine,Automatic,1600,Sedan,380000.0,0,0,0,0,0,0,0,0,0,0,0,0,0,0,0,0,0,0,0,0,0
Changan,Alsvin,70000,2022,Benzine,Automatic,1500,Sedan,520000.0,1,1,0,0,0,1,0,0,0,0,1,1,0,0,0,1,1,1,0,0,0
Subaru,Forester,120000,2010,Benzine,Automatic,2000,4X4,650000.0,1,0,1,0,0,0,0,0,0,1,0,1,0,1,0,0,0,0,0,0,0
Ford,Focus,332000,2018,Benzine,Automatic,1000,Sedan,510000.0,1,1,0,0,0,0,0,0,0,0,0,1,0,0,0,1,1,0,0,0,0
Mitsubishi,Lancer,90000,2018,Benzine,Automatic,1600,Sedan,780000.0,0,1,0,0,0,0,0,0,0,0,0,0,0,0,0,1,0,1,0,0,0
Hyundai,Veloster,100000,2019,Benzine,Automatic,1600,Hatchback,1150000.0,1,0,0,0,1,0,0,0,0,0,0,0,0,0,0,0,0,0,0,0,0
Nissan,Sunny,135000,2013,Benzine,Automatic,1500,Sedan,430000.0,1,0,0,0,0,0,0,0,0,0,0,0,0,0,0,0,0,0,0,0,0
Renault,Kadjar,115000,2019,Benzine,Automatic,1400,SUV,790000.0,1,1,0,0,1,0,0,1,0,1,1,1,1,1,0,1,0,0,1,0,0
Jaguar,Other,105000,2006,Benzine,Automatic,4200,Sedan,800000.0,0,0,0,0,0,0,0,0,0,0,0,0,0,0,0,0,0,0,0,0,0
Daewoo,Lanos,175000,2007,Benzine,Manual,1500,Sedan,200000.0,0,0,0,0,0,0,0,0,0,0,0,0,0,0,0,0,0,0,0,0,0
Opel,Crossland,75000,2022,Benzine,Automatic,1300,SUV,780000.0,1,0,0,0,0,0,0,0,0,0,0,0,0,0,0,0,0,0,0,0,0
Chevrolet,Lanos,214000,2011,Benzine,Manual,1500,Sedan,300000.0,0,1,1,0,0,0,0,0,0,0,0,0,0,0,0,0,0,1,0,0,0
Nissan,Juke,130000,2016,Benzine,Automatic,1600,SUV,595000.0,1,0,0,0,1,0,0,0,0,0,0,0,0,0,0,0,0,0,0,0,0
Peugeot,405,500000,1994,Benzine,Manual,1600,Sedan,160000.0,1,0,0,0,0,0,0,0,0,0,0,0,0,0,0,0,0,0,0,0,0
Opel,Astra,200000,2017,Benzine,Automatic,1600,Sedan,585000.0,1,0,1,0,0,0,0,0,0,0,0,0,0,0,0,0,0,0,0,0,0
Nissan,Sunny,190000,2009,Benzine,Automatic,1600,Sedan,380000.0,0,0,0,0,0,0,0,0,0,0,0,0,0,0,0,0,0,0,0,0,0
Kia,Rio,144000,2016,Benzine,Automatic,1500,Hatchback,660000.0,1,0,0,0,0,0,0,0,0,0,0,0,0,0,0,0,0,0,0,0,0
Volvo,XC60,169000,2020,Benzine,Automatic,2000,SUV,1590000.0,0,0,0,0,0,0,0,1,0,1,0,0,1,0,0,0,0,1,0,0,0
Speranza,Tiggo,110000,2010,Benzine,Automatic,2000,SUV,345000.0,0,0,1,0,1,0,0,0,0,0,0,0,0,0,0,0,0,1,0,0,0
Chevrolet,Cruze,120000,2011,Benzine,Automatic,1600,Sedan,450000.0,1,0,0,0,1,0,0,0,0,0,0,0,0,0,0,0,0,0,0,0,0
Mitsubishi,Lancer,130000,2016,Natural Gas,Automatic,1600,Sedan,650000.0,1,0,1,0,0,0,0,0,1,0,0,0,0,1,0,0,1,0,0,0,0
Chevrolet,Aveo,105000,2018,Benzine,Automatic,1600,Sedan,450000.0,0,0,0,0,0,1,0,0,0,0,0,0,0,0,0,0,0,0,1,0,0
Proton,Gen-2,290000,2013,Benzine,Automatic,1600,Sedan,400000.0,0,1,0,0,0,0,0,0,0,0,0,0,0,0,0,0,0,1,0,0,0
BMW,IX3,84000,2012,Benzine,Automatic,2000,Hatchback,1350000.0,0,0,0,0,0,0,0,0,0,0,0,0,0,0,0,0,0,0,0,0,0
Peugeot,301,250000,2017,Benzine,Automatic,1600,Sedan,480000.0,1,0,1,0,0,0,0,0,0,0,0,0,0,0,0,0,0,0,0,0,0
Mercedes-Benz,C180,39000,2020,Benzine,Automatic,1500,Sedan,2350000.0,0,0,0,0,0,0,0,0,1,0,0,0,1,0,1,0,0,0,0,0,0
Kia,Sportage Hybrid,15000,2023,Hybrid,Automatic,1600,Hatchback,1725000.0,1,0,0,0,0,0,0,0,0,0,0,0,0,0,0,0,0,0,0,0,0
Honda,Civic,55000,2021,Benzine,Automatic,1600,Sedan,1270000.0,0,0,0,0,0,0,0,0,0,0,0,0,0,0,0,0,0,1,0,0,0
Senova,X25,119142,2017,Benzine,Automatic,1500,Hatchback,450000.0,0,0,0,0,0,0,0,0,0,0,0,0,0,0,0,0,0,0,0,0,0
Chevrolet,Spark,180000,2008,Benzine,Manual,1000,Hatchback,200000.0,0,0,0,0,0,0,0,0,0,0,0,0,0,0,0,0,0,1,0,0,0
Opel,Vectra,260000,2000,Benzine,Manual,1600,Sedan,265000.0,0,1,0,0,0,0,0,0,0,0,0,0,0,0,0,1,0,0,0,0,0
Volkswagen,T-Roc,45000,2023,Benzine,Automatic,1400,Hatchback,1400000.0,1,0,1,0,0,0,0,0,0,0,0,0,0,0,0,0,0,0,0,0,0
Chevrolet,Other,280000,1998,Diesel,Manual,2400,Pickup,280000.0,0,0,0,0,0,0,0,0,0,0,0,0,0,0,0,0,0,0,0,0,0
Kia,Rio,138000,2017,Benzine,Automatic,1400,Hatchback,550000.0,1,0,1,0,0,0,0,0,0,0,0,0,0,0,0,0,0,0,0,0,0
Opel,Astra,244,2004,Benzine,Automatic,1600,Sedan,290000.0,0,0,0,0,0,0,0,0,0,0,0,0,0,0,0,0,0,0,0,0,0
Toyota,Corolla,146000,2011,Benzine,Automatic,1600,Sedan,675000.0,1,0,0,0,0,0,0,0,0,0,0,0,0,0,0,1,1,0,0,0,0
Fiat,Shahin,100000,1996,Benzine,Manual,1300,Sedan,100000.0,1,1,1,0,0,0,0,0,0,0,0,0,0,0,0,0,0,0,0,0,0
Mercedes-Benz,C200,130000,2019,Benzine,Automatic,1600,Convertible,2280000.0,1,0,0,0,0,0,0,0,0,0,0,0,0,0,0,0,0,0,0,0,0
Hyundai,Accent,375000,2010,Benzine,Manual,1600,Sedan,340000.0,1,0,1,0,0,0,0,0,1,1,0,0,0,0,0,0,0,0,0,0,0
Geely,Emgrand 7,325000,2015,Benzine,Manual,1500,Sedan,280000.0,0,0,0,0,0,0,0,0,0,0,0,0,0,0,0,0,0,0,0,0,0
Audi,Q3,9000,2025,Benzine,Automatic,1400,SUV,2550000.0,0,0,0,0,0,0,0,0,0,0,0,0,0,0,0,0,0,1,0,0,0
Daihatsu,Terios,165000,2000,Benzine,Manual,1300,Hatchback,260000.0,1,0,1,0,0,0,0,0,0,0,0,0,0,0,0,0,0,1,1,0,0
Volkswagen,Tiguan,78000,2021,Benzine,Automatic,1400,SUV,1600000.0,0,0,0,0,0,1,0,0,0,0,0,0,0,0,0,0,0,0,0,0,0
Volkswagen,Pointer,150000,2005,Benzine,Manual,1600,Hatchback,240000.0,0,0,0,0,0,0,0,0,0,0,0,0,0,0,0,0,0,0,0,0,0
Jeep,Liberty,320000,2005,Benzine,Automatic,3700,4X4,525000.0,0,0,0,0,1,0,0,1,1,0,0,0,0,0,0,1,1,1,0,0,0
Fiat,Siena,200000,2001,Benzine,Manual,1400,Sedan,140000.0,0,0,0,0,0,0,0,0,0,0,0,0,0,0,0,0,0,0,0,0,0
Opel,Vectra,143000,1999,Benzine,Manual,1600,Sedan,300000.0,1,0,0,0,0,0,0,0,0,0,0,0,0,0,0,0,0,0,0,0,0
Chery,Tiggo 4,90000,2019,Benzine,Automatic,1500,SUV,750000.0,0,1,0,0,0,0,0,0,0,0,0,0,0,0,0,0,0,0,0,0,0
Changhe,Other,100000,2008,Benzine,Manual,1300,Estate,220000.0,0,0,1,0,0,0,0,0,0,0,0,0,0,0,0,0,0,1,0,0,0
Nissan,Sunny,257000,2014,Benzine,Automatic,1500,Sedan,285000.0,0,0,1,0,0,0,0,0,0,0,0,0,0,0,0,0,0,0,0,0,0
Kia,Sportage,90000,2023,Benzine,Automatic,1600,Hatchback,1490000.0,0,0,0,0,0,0,0,0,0,0,0,0,0,0,0,0,0,0,0,0,0
Mitsubishi,Pajero,75000,2017,Benzine,Automatic,3500,4X4,2500000.0,1,0,0,0,0,0,0,0,0,0,0,0,0,0,0,0,0,0,0,0,0
Renault,Megane,200000,2001,Benzine,Automatic,1600,Sedan,170000.0,0,0,0,0,0,0,0,0,0,0,0,0,0,0,0,0,0,0,0,0,0
Renault,Duster,250000,2016,Benzine,Manual,1600,4X4,525000.0,1,0,1,0,1,0,0,0,0,0,0,0,0,0,0,0,0,0,0,0,0
Hawtai,A25,77000,2017,Benzine,Automatic,1500,Hatchback,480000.0,1,0,0,0,0,1,0,0,0,0,0,0,0,0,0,0,0,0,0,0,0
Chevrolet,Lanos,180000,2019,Benzine,Manual,1500,Sedan,355000.0,1,1,1,0,0,0,0,0,1,0,0,0,0,0,0,0,0,0,0,0,0
Volkswagen,Jetta,310000,2011,Benzine,Automatic,1600,Sedan,550000.0,1,0,0,0,0,0,0,0,0,0,0,0,0,0,0,0,0,0,0,0,0
Daewoo,Lanos,250000,2007,Benzine,Manual,1499,Sedan,300000.0,1,0,1,0,0,0,0,0,1,0,0,1,0,0,0,0,0,1,0,1,0
Lada,Granta,52000,2020,Benzine,Manual,1500,Sedan,320000.0,0,1,0,0,0,0,0,0,0,0,0,0,0,0,0,0,0,0,0,1,0
Renault,Kadjar,127000,2020,Benzine,Automatic,1200,SUV,900000.0,0,1,1,0,1,0,0,0,1,1,1,1,0,0,0,1,0,1,0,1,1
Nissan,Qashqai,80000,2018,Benzine,Automatic,1200,SUV,800000.0,1,0,0,0,1,0,0,0,0,0,0,0,0,0,0,0,0,0,0,0,0
Brilliance,FRV Cross,175000,2013,Benzine,Automatic,1600,Hatchback,400000.0,1,0,0,0,0,0,0,0,0,0,0,0,0,0,0,0,0,0,0,0,0
BMW,520,128000,2017,Benzine,Automatic,2000,Sedan,1680000.0,1,0,1,0,0,0,0,0,0,0,0,0,0,0,0,0,0,0,0,0,0
Toyota,Corolla,230000,2013,Benzine,Automatic,1600,Sedan,730000.0,0,0,0,0,1,0,0,0,0,0,0,0,0,0,0,0,0,0,0,0,0
Volkswagen,Souran,306000,2009,Benzine,Manual,1500,SUV,320000.0,0,0,1,0,0,0,0,0,0,0,0,0,0,0,0,0,0,1,1,0,0
Kia,Picanto,100000,2020,Benzine,Automatic,1200,Hatchback,710000.0,1,0,0,0,0,0,0,0,0,0,0,0,0,0,0,0,0,0,0,0,0
BMW,316,190000,2014,Benzine,Automatic,1600,Sedan,890000.0,1,0,0,1,0,0,0,0,0,0,0,0,0,0,0,0,0,0,0,0,0
Jeep,Cherokee,200000,1990,Benzine,Automatic,4000,4X4,155000.0,1,0,0,0,0,0,0,0,0,0,0,0,0,0,0,0,0,0,0,0,0
Fiat,Tipo,75000,2022,Benzine,Automatic,1600,Hatchback,750000.0,1,0,0,0,0,1,0,0,0,0,0,0,0,0,0,0,0,0,0,0,0
Daewoo,Leganza,100000,1999,Benzine,Manual,2000,Estate,230000.0,1,0,0,0,0,0,0,0,0,1,0,0,0,0,0,0,0,1,0,0,0
Nissan,Sunny,364681,2000,Benzine,Manual,1300,Sedan,220000.0,0,0,0,0,0,0,0,0,0,0,0,0,0,0,0,0,0,0,0,0,0
Skoda,Kodiaq,0,2025,Benzine,Automatic,1500,SUV,2600000.0,0,1,0,0,0,0,0,0,0,0,0,0,0,0,0,0,0,1,0,0,0
Renault,Logan,100000,2014,Benzine,Manual,1600,Estate,310000.0,1,0,0,0,0,0,0,0,0,0,0,0,0,0,0,0,0,0,0,0,0
Peugeot,405,350000,2005,Benzine,Manual,1600,Sedan,200000.0,1,0,0,0,1,0,0,0,0,0,0,0,0,0,0,0,0,1,0,0,1
MINI,Cooper,283000,2015,Benzine,Automatic,1500,Hatchback,900000.0,1,0,0,0,0,0,0,0,0,0,0,0,0,0,0,0,0,0,0,0,0
Jetour,X70,30000,2024,Benzine,Automatic,1500,SUV,1300000.0,1,1,0,0,0,0,0,0,0,0,0,0,0,0,0,0,0,0,0,0,0
BMW,523,230000,2008,Benzine,Automatic,2500,Sedan,700000.0,0,0,0,0,0,0,0,0,0,0,0,0,0,0,0,0,0,0,0,0,0
Renault,Megane,200000,2005,Benzine,Automatic,1600,Sedan,330000.0,1,0,1,0,1,0,1,1,0,1,0,1,0,0,1,1,0,1,0,1,0
Mercedes-Benz,C180,280000,2011,Benzine,Automatic,1600,Sedan,1050000.0,0,1,0,0,0,0,0,0,0,1,0,0,0,0,0,0,0,0,0,0,0
Mercedes-Benz,C200,199000,2009,Benzine,Automatic,1800,Sedan,1100000.0,1,0,0,0,0,0,0,1,0,0,0,0,0,0,0,0,0,0,0,0,1
Skoda,Octavia,199700,2007,Benzine,Manual,1600,Sedan,600000.0,0,1,0,0,1,0,0,0,0,0,0,0,0,0,0,1,1,1,0,0,0
Renault,Duster,226000,2019,Benzine,Automatic,1600,SUV,600000.0,1,0,0,0,0,0,0,0,0,0,0,0,0,0,0,0,0,0,0,0,0
Seat,Ibiza,160000,2018,Benzine,Automatic,1600,Hatchback,750000.0,1,0,0,0,0,1,0,0,0,0,0,0,0,0,0,0,0,0,0,0,0
Ford,Focus,264000,2008,Benzine,Automatic,1600,Sedan,280000.0,0,0,0,0,1,0,0,0,1,0,0,0,0,0,0,1,0,0,0,0,0
Fiat,Shahin,2000,2005,Benzine,Manual,1400,Sedan,155000.0,1,1,1,0,0,0,0,0,0,0,0,0,0,0,0,0,0,0,0,0,0
Mercedes-Benz,C180,69000,2022,Benzine,Automatic,2000,Sedan,2600000.0,1,0,0,0,0,0,0,0,0,0,0,0,0,0,0,0,0,0,0,0,0
Kia,Sephia,250000,2001,Benzine,Manual,1600,Sedan,190000.0,1,0,1,0,0,0,0,0,1,0,0,0,0,0,0,0,0,1,0,0,0
Nissan,Tiida,145000,2014,Benzine,Automatic,1600,Hatchback,520000.0,1,0,0,0,0,0,0,0,0,1,0,0,0,0,1,0,0,1,0,0,0
Kia,Carens,120000,2015,Benzine,Automatic,1600,Sedan,725000.0,0,0,1,0,0,0,0,0,0,0,0,0,0,0,0,0,0,0,0,0,1
Skoda,Octavia,250000,1998,Benzine,Manual,1600,Sedan,240000.0,1,0,1,0,0,0,0,0,0,0,0,0,0,0,0,0,0,0,0,0,0
Hyundai,Verna,300000,2008,Benzine,Manual,1600,Sedan,285000.0,1,1,0,0,0,0,0,0,0,0,0,0,0,0,0,0,0,0,0,0,0
Renault,Logan,250000,2016,Benzine,Automatic,1600,Sedan,385000.0,1,0,0,0,0,0,0,0,0,0,0,0,0,0,0,0,0,0,0,0,0
Renault,Kadjar,180000,2017,Benzine,Automatic,1200,Hatchback,675000.0,1,0,1,0,0,0,0,0,1,0,0,0,0,0,0,1,1,0,0,0,0
Chevrolet,Lanos,202000,2010,Benzine,Manual,1500,Sedan,265000.0,1,0,1,0,1,0,0,0,1,0,0,0,0,0,0,0,0,0,0,0,0
Hyundai,I30,131500,2011,Benzine,Automatic,1600,Hatchback,530000.0,0,0,0,0,0,0,0,0,1,0,0,0,0,0,0,1,0,1,0,0,0
Hyundai,I10,107000,2010,Benzine,Manual,1100,Hatchback,250000.0,0,0,1,0,0,0,0,0,0,0,0,0,0,0,0,0,0,0,0,0,0
Daewoo,Nubira,170000,2006,Benzine,Manual,1600,Sedan,260000.0,1,0,1,0,0,0,0,0,0,0,0,0,0,0,0,0,0,0,0,0,0
Fiat,Shahin,90000,1998,Benzine,Manual,1400,Sedan,120000.0,0,0,0,0,0,0,0,0,0,0,0,0,0,0,0,0,0,0,0,0,0
BMW,218 i,153000,2020,Benzine,Automatic,1500,Sedan,1390000.0,0,0,0,0,0,1,0,0,0,0,0,0,0,0,0,0,0,0,0,0,0
Peugeot,307,263000,2005,Benzine,Automatic,1600,Hatchback,350000.0,0,0,1,0,0,0,0,0,0,0,0,0,0,0,0,0,0,0,0,0,0
Seat,Ibiza,200000,1998,Benzine,Manual,1400,Hatchback,170000.0,0,1,1,0,0,0,0,0,0,0,0,0,0,0,0,0,0,0,0,0,0
Hyundai,Verna,180000,2012,Benzine,Automatic,1600,Sedan,240000.0,0,0,0,0,0,0,1,0,0,0,0,0,0,0,0,0,0,0,0,1,0
Geely,Pandido,100000,2011,Benzine,Manual,1300,Hatchback,265000.0,0,1,1,0,0,0,0,0,0,0,0,0,0,0,0,0,0,0,0,0,0
MG,MG 5,138000,2020,Benzine,Automatic,1600,Sedan,665000.0,0,0,0,0,0,0,0,0,0,0,0,0,0,0,0,0,0,0,0,0,0
Peugeot,307,221000,2006,Benzine,Automatic,1600,Hatchback,380000.0,1,0,0,0,0,0,0,0,0,1,0,0,0,0,0,0,0,1,0,0,0
Peugeot,301,20000,2023,Benzine,Automatic,1600,Sedan,730000.0,1,0,0,0,1,0,1,0,0,0,1,0,0,0,0,1,0,1,0,1,0
Volkswagen,Tiguan,50000,2023,Benzine,Automatic,1400,SUV,1850000.0,0,0,0,0,0,0,0,0,0,1,0,0,1,0,0,0,0,1,0,0,0
Suzuki,Van,50000,2009,Benzine,Manual,1300,Van / Bus,155000.0,0,1,1,0,0,0,0,0,0,0,0,0,0,0,0,0,0,0,0,0,0
Volkswagen,Pointer,197000,2006,Benzine,Manual,1600,Hatchback,260000.0,0,0,0,0,1,0,0,0,0,0,0,0,0,0,0,0,0,0,0,0,0
Audi,Q2,20000,2024,Benzine,Automatic,1400,Hatchback,2000000.0,0,0,0,0,0,0,0,0,0,0,0,0,0,0,0,0,0,0,0,0,0
Volkswagen,Polo,274000,1998,Benzine,Manual,1000,Hatchback,165000.0,0,0,1,0,0,0,0,0,1,0,0,0,0,0,0,0,0,0,0,0,0
Chevrolet,Lanos,136000,2017,Benzine,Manual,1500,Sedan,360000.0,0,0,1,0,0,0,0,0,1,0,0,0,0,0,0,0,0,0,0,0,0
Kia,Shuma,240000,1998,Benzine,Automatic,1500,Sedan,230000.0,1,0,1,0,0,0,0,0,1,0,0,0,0,0,0,0,0,1,0,0,0
Renault,Clio,263400,2004,Benzine,Manual,1200,Sedan,170000.0,1,0,0,1,0,0,0,0,0,0,0,0,0,0,0,0,0,0,0,0,0
Kia,Sportage,51000,2022,Benzine,Automatic,1600,SUV,1250000.0,1,0,1,0,0,0,0,0,0,0,0,0,0,0,0,0,0,0,0,0,0
Fiat,Dogan,200000,1994,Benzine,Manual,1600,Sedan,110000.0,0,0,1,0,1,0,0,0,1,0,0,0,0,0,0,0,0,0,0,0,0
Renault,Logan,150000,2018,Benzine,Automatic,1500,Sedan,430000.0,1,0,1,0,0,0,0,0,0,0,0,0,0,0,0,0,0,0,0,0,0
Skoda,Fantasia,140000,2011,Benzine,Automatic,1600,Sedan,695000.0,1,0,1,0,1,0,0,1,1,0,1,0,0,1,0,1,0,1,1,0,0
Opel,Vectra,205000,1998,Benzine,Automatic,2000,Sedan,230000.0,0,1,0,0,0,0,0,0,0,0,0,0,0,0,0,0,0,0,0,0,0
Skoda,Octavia,190000,2007,Benzine,Automatic,1600,Sedan,370000.0,1,0,0,0,0,0,0,0,0,0,0,0,0,0,0,0,0,0,0,0,0
Mercedes-Benz,C180,350000,2000,Benzine,Automatic,1800,Sedan,475000.0,0,1,0,0,0,0,0,0,0,0,0,0,0,0,0,0,1,0,0,0,0
Audi,Q3,60000,2021,Benzine,Automatic,1400,Hatchback,1750000.0,0,0,0,0,0,0,0,0,0,1,0,0,0,0,0,0,0,1,0,0,0
Kia,Rio,170000,2005,Benzine,Automatic,1400,Sedan,370000.0,0,0,0,0,0,0,0,0,0,0,0,0,0,0,0,1,0,0,0,0,0
Suzuki,Van,200000,2015,Benzine,Manual,1000,Van / Bus,300000.0,0,0,0,0,0,0,0,0,0,0,0,0,0,0,0,0,0,0,0,0,0
Fiat,Punto,240000,1995,Benzine,Manual,1300,Hatchback,140000.0,1,0,0,0,1,0,0,0,0,0,0,0,0,0,0,0,0,0,0,0,0
Kia,Picanto,236000,2011,Benzine,Automatic,1100,Hatchback,420000.0,1,0,0,0,0,0,0,0,0,0,0,0,0,0,0,0,0,0,0,0,0
Fiat,Tipo,197000,2021,Benzine,Automatic,1600,Sedan,700000.0,1,0,1,0,0,1,0,0,1,0,0,0,0,0,0,0,0,0,0,0,0
Chevrolet,Pickup/Dababa,200000,2010,Diesel,Manual,2000,Van / Bus,400000.0,1,0,1,0,0,0,0,0,0,0,0,0,0,0,0,0,0,0,0,0,0
Ford,Focus,137000,2018,Benzine,Automatic,1000,Sedan,620000.0,1,0,0,0,1,1,0,0,0,0,0,0,0,0,0,0,0,0,0,0,0
Skoda,Superb,200,2024,Hybrid,Automatic,1400,Sedan,2650000.0,0,0,0,0,0,0,0,1,0,0,0,0,0,0,0,0,0,1,0,0,0
BMW,320,121450,2019,Benzine,Automatic,2000,Sedan,1550000.0,1,0,0,0,0,0,0,0,0,0,0,0,0,0,0,0,0,0,0,0,0
MG,ZS,135000,2020,Benzine,Automatic,1500,SUV,715000.0,1,1,0,0,0,0,0,0,0,0,0,0,0,0,0,0,0,0,0,0,0
BYD,F3,250000,2021,Benzine,Manual,1500,Sedan,400000.0,0,0,1,1,0,0,0,0,0,0,0,0,0,0,0,0,0,0,0,0,0
Hyundai,Excel,115000,1997,Benzine,Automatic,1500,Sedan,225000.0,1,0,0,0,1,0,0,0,0,0,0,0,0,0,0,0,0,1,0,1,0
BMW,218 i,130000,2020,Benzine,Automatic,1500,Sedan,1450000.0,1,0,0,0,0,0,0,0,0,0,0,0,0,0,0,0,0,0,0,1,0
Hyundai,Santamo,300000,2003,Benzine,Automatic,2000,Hatchback,310000.0,1,0,1,0,0,0,0,0,1,0,0,0,0,0,0,0,0,1,0,1,0
Chery,Tiggo 3,60000,2023,Benzine,Automatic,1600,SUV,699000.0,1,0,1,0,0,0,0,1,1,1,1,1,1,0,0,1,1,1,1,0,0
Renault,Logan,20000,2009,Benzine,Manual,1600,Sedan,235000.0,1,0,0,0,1,0,0,0,0,0,0,0,0,0,0,0,0,0,0,0,0
Hyundai,Elantra,230000,1994,Hybrid,Automatic,1600,Sedan,130000.0,1,0,1,0,0,0,0,0,0,0,0,0,0,0,0,0,0,0,0,0,0
Peugeot,3008,100000,2021,Benzine,Automatic,1600,Estate,1175000.0,1,0,0,0,0,1,0,0,0,0,0,0,0,0,0,0,0,0,0,0,0
Skoda,Octavia,25400,2021,Benzine,Automatic,1400,Sedan,1450000.0,1,0,0,0,0,0,0,0,0,0,0,0,0,0,0,0,0,0,0,0,0
Mazda,3,329000,2008,Benzine,Automatic,1600,Sedan,360000.0,1,0,1,1,0,0,0,0,0,0,0,0,0,0,0,0,0,1,0,0,0
Volkswagen,Tiguan,78500,2018,Benzine,Automatic,1400,SUV,1550000.0,1,0,0,0,0,1,0,0,0,0,0,0,0,0,0,0,0,0,0,0,1
Mitsubishi,Lancer,185000,2015,Benzine,Automatic,1600,Sedan,565000.0,0,0,1,0,1,0,0,0,1,0,1,0,0,0,0,0,0,0,0,0,0
Chevrolet,Optra,172,2006,Benzine,Manual,1600,Hatchback,280000.0,0,0,1,0,0,0,0,0,1,0,0,0,0,0,0,0,1,0,0,0,0
Peugeot,301,95000,2022,Benzine,Automatic,1600,Sedan,645000.0,1,0,0,0,1,0,0,0,0,0,0,0,0,0,0,0,0,0,0,0,0
Mercedes-Benz,C200,290000,2007,Benzine,Automatic,2000,Sedan,850000.0,0,0,0,0,0,0,0,0,0,0,0,0,0,0,0,0,0,0,0,0,0
BMW,X3,115000,2017,Benzine,Automatic,3000,4X4,1850000.0,0,0,0,0,0,0,0,0,0,0,0,0,0,0,0,0,0,0,0,0,0
Ford,Kuga,235000,2015,Benzine,Automatic,1500,Hatchback,630000.0,1,0,0,0,0,0,0,0,0,0,0,0,0,0,0,0,0,0,0,0,0
Mercedes-Benz,GLA 200,215000,2017,Benzine,Automatic,1400,SUV,1350000.0,1,0,0,0,0,0,0,0,0,0,0,0,0,0,0,0,0,0,0,0,0
BYD,F3,87000,2018,Benzine,Manual,1500,Sedan,450000.0,0,1,0,0,1,1,0,0,0,0,0,0,0,0,0,0,0,0,0,0,1
BMW,316,115000,2014,Benzine,Automatic,1600,Sedan,950000.0,1,1,1,0,1,1,0,0,0,0,0,0,0,0,0,0,0,0,0,0,0
Chevrolet,Aveo,120000,2014,Benzine,Manual,1500,Sedan,350000.0,1,0,1,0,0,0,0,0,1,0,0,1,0,0,0,0,0,0,0,0,0
Citroen,C4 Grand Picasso,150000,2019,Benzine,Automatic,1600,MPV,870000.0,1,0,0,0,0,0,0,0,0,0,0,0,0,0,0,0,0,0,0,0,0
Chery,Envy,180000,2018,Benzine,Manual,1500,Sedan,305000.0,1,0,1,0,0,0,0,0,1,1,0,0,0,0,0,0,0,0,0,0,0
DFSK,Sokon,11375,2022,Benzine,Manual,1050,Van / Bus,530000.0,0,1,0,0,0,0,0,0,0,0,0,0,0,0,0,0,0,1,0,0,0
Volkswagen,Polo,185000,1995,Benzine,Manual,1300,Hatchback,180000.0,1,0,1,0,0,0,0,0,0,0,0,0,0,0,0,0,0,0,0,0,0
Kia,Sportage,109000,2020,Benzine,Automatic,1600,SUV,1260000.0,0,0,0,0,0,0,0,0,0,0,0,0,0,0,0,0,0,0,0,0,0
Peugeot,405,250000,1996,Benzine,Manual,1600,Sedan,150000.0,0,1,1,0,0,0,0,0,0,0,0,0,0,0,0,0,0,0,0,0,0
Suzuki,Van,1000,2015,Benzine,Manual,1000,Van / Bus,289000.0,0,1,1,0,0,0,0,0,0,0,0,0,0,0,0,0,0,0,0,0,0
Jetour,T2,12000,2025,Benzine,Automatic,1500,SUV,1800000.0,1,1,0,0,0,0,0,0,0,0,0,0,0,0,0,0,0,0,0,0,0
Seat,Ateca,142000,2018,Benzine,Automatic,1400,SUV,1250000.0,1,0,0,0,0,0,0,0,0,0,1,0,0,0,0,0,0,0,0,0,0
Daewoo,Lanos,290000,2000,Benzine,Manual,1500,Sedan,215000.0,1,0,1,0,0,0,0,0,0,0,0,0,0,0,0,0,0,0,0,0,0
Chevrolet,Optra,104000,2019,Benzine,Automatic,1600,Sedan,490000.0,0,1,1,1,0,0,0,0,0,0,0,0,0,0,0,0,0,0,0,0,0
Toyota,Fortuner,120000,2020,Benzine,Automatic,4000,4X4,2400000.0,0,1,0,0,0,0,0,0,0,0,0,0,0,0,0,0,0,0,0,0,0
Chevrolet,Optra,230000,2013,Benzine,Automatic,1600,Sedan,397000.0,1,0,1,0,0,0,0,0,1,1,0,0,0,0,0,0,0,0,0,0,0
Hyundai,Viva,71000,2008,Benzine,Manual,1500,Sedan,330000.0,1,0,1,0,1,0,0,0,1,0,0,0,0,0,0,0,0,1,0,0,0
Volkswagen,Passat,160000,2008,Benzine,Automatic,1600,Sedan,600000.0,1,0,1,0,0,0,0,0,0,0,0,0,0,0,0,0,0,0,0,0,0
Hyundai,Matrix,190000,2005,Benzine,Automatic,1600,Hatchback,500000.0,1,0,0,0,0,0,1,1,0,0,0,0,0,0,0,0,0,1,0,0,0
Opel,Astra,190000,2016,Benzine,Automatic,1600,Sedan,570000.0,1,0,1,0,0,0,0,0,1,0,1,0,0,0,0,0,0,0,0,0,0
Opel,Grandland,7000,2024,Benzine,Automatic,1600,SUV,1650000.0,0,1,0,0,0,0,0,0,1,0,1,0,0,0,1,0,1,0,0,0,0
Jetour,X70,18000,2024,Benzine,Automatic,1500,SUV,1125000.0,0,0,0,0,0,0,0,0,0,0,0,0,0,0,0,0,0,0,0,0,0
Hyundai,Verna,294000,2017,Benzine,Manual,1600,Sedan,445000.0,1,0,1,0,0,0,0,0,1,1,0,0,0,0,0,0,0,0,0,0,0
BYD,F3,5700,2024,Benzine,Manual,1500,Sedan,630000.0,0,1,0,0,0,0,0,0,0,0,0,0,0,0,0,0,0,0,0,0,0
BMW,X1,89000,2020,Benzine,Automatic,1500,SUV,1350000.0,1,1,0,0,0,1,0,0,0,0,0,0,0,0,0,0,0,0,0,0,0
Mitsubishi,Pajero,250000,2009,Benzine,Automatic,3000,4X4,950000.0,1,0,0,0,0,0,0,0,0,0,0,0,0,0,0,0,0,0,0,0,0
Mercedes-Benz,CLA 200,70000,2023,Benzine,Automatic,1400,Sedan,2200000.0,0,0,0,0,0,0,0,0,0,0,0,0,0,0,0,0,0,0,0,0,0
Kia,Pride,150000,1999,Benzine,Automatic,1300,Sedan,130000.0,0,0,0,0,0,0,0,0,0,0,0,0,0,0,0,0,0,0,0,0,0
Kia,Shuma,235000,2001,Benzine,Manual,1500,Sedan,165000.0,1,0,0,0,0,0,0,0,0,0,0,0,0,0,0,0,0,1,0,0,0
Chevrolet,Aveo,270000,2014,Benzine,Manual,1600,Sedan,320000.0,1,0,0,0,1,0,0,0,0,0,0,0,0,0,0,0,0,0,0,0,0
Opel,Corsa,290000,2005,Benzine,Manual,1600,Sedan,200000.0,1,0,1,0,0,0,0,0,0,0,0,0,0,0,0,0,0,0,0,0,0
Jeep,Renegade,31000,2021,Benzine,Automatic,1400,SUV,1100000.0,1,0,0,0,0,1,0,0,0,0,0,0,0,0,0,0,0,0,0,0,0
Citroen,C4,50000,2023,Benzine,Automatic,1500,SUV,1190000.0,0,0,0,0,0,1,0,0,0,0,0,0,0,0,0,0,0,0,0,0,0
Peugeot,3008,320000,2015,Benzine,Automatic,1600,SUV,590000.0,1,0,0,0,0,0,0,0,0,1,1,1,0,0,0,0,0,0,0,0,0
Chevrolet,Cruze,126000,2016,Benzine,Automatic,1600,Sedan,485000.0,1,1,1,0,0,0,0,0,0,0,0,0,0,0,0,1,1,0,0,0,0
Peugeot,406,450000,2003,Benzine,Automatic,2000,Sedan,260000.0,0,0,0,0,0,0,0,0,0,0,0,0,0,0,0,0,0,0,0,0,0
Chevrolet,Optra,259000,2018,Benzine,Automatic,1500,Sedan,410000.0,1,0,0,1,1,0,0,0,0,1,0,0,0,0,0,0,1,0,0,0,0
Kia,Xceed,5000,2022,Benzine,Automatic,1500,SUV,1295000.0,0,1,0,0,0,0,0,0,0,0,0,0,0,0,0,0,0,0,0,0,0
Suzuki,Swift,150000,1994,Benzine,Manual,1300,Sedan,140000.0,1,0,1,0,1,0,0,0,1,0,0,0,0,0,0,0,0,0,0,0,0
Lada,Granta,85000,2015,Benzine,Manual,1600,Sedan,315000.0,1,0,1,0,0,0,0,0,0,0,0,1,0,0,0,0,0,0,1,0,0
Chrysler,M300,220000,1999,Benzine,Automatic,3500,Sedan,250000.0,0,0,0,0,0,0,0,0,0,0,0,0,0,0,0,0,0,1,0,0,0
Bestune,B70,71000,2023,Benzine,Automatic,1500,Sedan,790000.0,1,0,0,0,0,0,0,0,1,0,0,0,0,0,1,0,0,0,0,0,0
Peugeot,307 SW,293000,2007,Benzine,Automatic,1600,Estate,395000.0,0,1,1,0,0,1,0,0,0,0,0,0,0,0,0,0,0,0,0,0,0
Chrysler,Neon,240000,1998,Benzine,Automatic,2000,Sedan,180000.0,0,0,0,0,0,0,0,0,0,0,0,0,0,0,0,0,0,0,0,0,0
Skoda,Fantasia,240,2010,Benzine,Manual,1600,Sedan,500000.0,0,0,0,0,0,0,0,0,0,0,0,0,0,0,0,0,0,0,0,0,0
Geely,Pandido,115000,2014,Benzine,Automatic,1500,Hatchback,265000.0,1,0,0,0,1,0,0,0,0,1,0,1,0,1,0,0,0,1,0,0,0
BYD,F3,24000,2019,Benzine,Manual,1600,Sedan,450000.0,1,0,0,0,0,0,0,0,0,0,0,0,0,0,0,0,0,0,0,0,0
Speranza,A516,237000,2009,Benzine,Manual,1500,Sedan,230000.0,1,0,1,0,0,0,0,0,0,0,0,0,0,0,0,0,0,1,0,0,0
Chevrolet,Spark,40000,2008,Benzine,Manual,1000,Hatchback,320000.0,1,1,0,0,0,0,0,0,0,0,0,0,0,0,0,0,0,1,0,0,0
Kia,Pride,250000,1998,Benzine,Manual,1300,Sedan,120000.0,0,0,0,0,0,0,0,0,0,0,0,0,0,0,0,0,0,0,0,0,0
Chevrolet,Equinox,149500,2018,Benzine,Automatic,1500,SUV,900000.0,1,0,1,0,1,0,0,0,0,0,0,0,0,0,0,0,0,0,0,0,0
Citroen,C4,300000,2007,Benzine,Automatic,1400,Hatchback,320000.0,1,0,0,0,0,0,0,0,0,0,0,0,0,0,0,0,0,0,0,0,0
Ford,Escort,150000,1998,Benzine,Manual,1300,Sedan,110000.0,1,0,0,0,0,0,0,0,0,0,0,0,0,0,0,0,0,0,0,0,0
Kia,Cerato,110000,2013,Benzine,Automatic,1600,Sedan,825000.0,0,1,1,0,0,0,0,1,1,1,0,1,1,0,0,1,0,0,0,0,0
Mitsubishi,Lancer,251000,2010,Benzine,Automatic,1600,Sedan,400000.0,1,0,1,0,0,0,0,0,0,0,0,0,0,0,0,0,0,0,0,0,0
Opel,Astra,80300,2021,Benzine,Automatic,1400,Sedan,750000.0,0,1,0,0,0,0,0,0,0,0,0,0,0,0,0,0,0,0,0,0,0
Alfa Romeo,Stelvio,94000,2021,Benzine,Automatic,2000,SUV,1950000.0,0,0,0,0,0,0,0,1,0,1,0,0,0,0,0,0,0,1,0,0,0
Audi,Q3,87000,2021,Benzine,Automatic,1400,SUV,1900000.0,0,0,1,0,0,0,0,0,0,0,0,0,0,0,0,0,0,0,0,0,0
Hyundai,Excel,264000,1997,Benzine,Manual,1500,Sedan,140000.0,1,0,0,0,0,0,0,0,0,0,0,0,0,1,0,0,0,1,0,0,0
Kia,Picanto,150000,2010,Benzine,Manual,1100,Hatchback,360000.0,0,0,1,0,1,0,0,0,0,0,0,0,0,0,0,0,0,0,0,0,1
Mitsubishi,Lancer,100000,1999,Benzine,Automatic,1300,Sedan,300000.0,1,0,0,0,0,0,0,0,0,0,0,0,0,0,0,0,0,0,0,0,0
Ssang Yong,Torres,19000,2023,Benzine,Automatic,1600,SUV,1600000.0,1,0,0,0,0,0,0,0,0,1,1,1,1,1,0,0,0,0,0,1,0
Renault,Megane,110000,2004,Benzine,Automatic,1600,Hatchback,310000.0,1,1,0,0,0,0,0,0,0,0,0,0,0,0,0,0,0,0,0,0,0
Renault,Megane,73000,2016,Benzine,Automatic,1600,Hatchback,475000.0,0,0,0,0,0,0,0,0,0,0,0,0,0,0,0,0,0,0,0,0,0
Renault,Logan,218000,2010,Benzine,Manual,1600,Sedan,275000.0,1,0,0,0,0,0,0,0,0,0,0,0,0,0,0,0,0,0,0,1,1
Hyundai,Elantra,154000,2021,Benzine,Automatic,1600,Sedan,1030000.0,1,0,0,0,0,0,0,0,0,0,0,0,0,0,0,0,0,0,0,0,0
Kia,Sportage,50000,2021,Benzine,Automatic,1600,Hatchback,1550000.0,0,0,0,0,0,1,0,0,0,0,0,0,0,0,0,0,0,0,0,0,0
Hyundai,Elantra,248000,2015,Benzine,Automatic,1600,Sedan,640000.0,0,0,1,0,0,0,0,0,0,0,0,0,0,0,0,0,0,0,0,0,0
Toyota,Yaris,200000,2008,Benzine,Manual,1300,Sedan,380000.0,0,1,1,0,0,0,0,0,1,0,0,0,0,0,0,0,0,0,0,0,0
Mercedes-Benz,C200,60000,2019,Benzine,Automatic,1500,Sedan,2350000.0,1,1,1,0,0,0,0,1,1,1,1,1,0,1,0,0,0,0,0,1,0
BMW,520,171000,2017,Benzine,Automatic,2000,Sedan,1500000.0,0,0,1,0,0,0,0,0,0,0,0,0,0,0,0,0,0,0,0,0,0
Mitsubishi,Lancer,300000,2016,Benzine,Automatic,1600,Sedan,610000.0,0,1,1,0,0,0,0,0,1,0,0,0,0,0,0,0,0,0,0,0,0
Kia,Sportage,75000,2015,Benzine,Automatic,1600,Hatchback,1050000.0,1,0,0,0,0,0,0,0,0,0,0,0,0,0,0,0,0,0,0,0,0
Skoda,Octavia,285000,2005,Benzine,Automatic,1600,Sedan,510000.0,1,0,0,0,1,0,0,0,0,1,1,0,0,0,0,0,1,0,0,0,0
Mercedes-Benz,B180,37000,2021,Benzine,Automatic,1300,Hatchback,1800000.0,1,0,1,0,0,0,0,0,0,0,0,0,0,0,0,0,0,0,0,0,0
BMW,X1,100000,2017,Benzine,Automatic,1500,SUV,1275000.0,0,1,0,0,0,0,0,0,0,1,0,0,1,0,0,0,0,1,0,0,0
BMW,316,185000,2015,Benzine,Automatic,1600,Sedan,950000.0,1,0,0,0,0,0,0,0,0,0,0,0,0,0,0,0,0,0,0,0,0
BMW,320,160000,2016,Benzine,Automatic,1400,Sedan,1250000.0,0,0,0,0,1,0,0,0,0,0,0,0,0,0,0,0,0,0,0,0,0
BYD,F3,47000,2025,Natural Gas,Manual,1500,Sedan,550000.0,0,0,0,0,0,0,0,0,0,0,0,0,0,0,0,0,0,0,0,0,0
Mercedes-Benz,C300,65000,2020,Benzine,Automatic,2000,Sedan,2650000.0,0,0,0,0,0,0,0,1,0,0,0,0,0,0,0,0,0,1,0,0,0
Nissan,Sunny,299000,1998,Benzine,Automatic,1300,Sedan,270000.0,1,0,0,0,0,0,0,0,0,0,0,0,0,0,0,0,0,1,0,1,0
Kia,Cerato,126000,2017,Benzine,Automatic,1600,Sedan,875000.0,0,0,1,0,0,0,0,0,0,0,0,0,0,0,0,0,0,1,0,0,0
Mazda,3,15088,2009,Benzine,Automatic,1600,Sedan,460000.0,0,0,1,0,0,0,0,0,1,0,0,0,0,0,0,0,0,0,0,0,0
Mitsubishi,Xpander,140000,2019,Benzine,Automatic,1600,Hatchback,825000.0,0,0,0,0,0,0,0,0,0,0,0,0,0,0,0,0,0,0,0,0,0
Chevrolet,Spark,129000,2008,Benzine,Manual,1000,Hatchback,270000.0,0,0,0,0,0,0,0,0,0,0,0,0,0,0,0,0,0,0,1,0,0
Peugeot,406,284000,2000,Benzine,Automatic,2000,Sedan,230000.0,0,0,1,0,0,0,0,0,0,0,0,0,0,0,0,0,0,0,0,0,0
Ford,Focus,53555,2012,Benzine,Automatic,1600,Sedan,560000.0,0,1,1,0,0,0,0,0,1,0,1,0,0,0,0,0,0,0,0,0,1
Hyundai,Tucson,170000,2021,Benzine,Automatic,1600,SUV,1175000.0,0,0,0,0,0,0,0,0,0,0,0,0,0,0,0,0,0,0,0,0,0
Hyundai,Tucson,85000,2021,Benzine,Automatic,1600,SUV,1460000.0,1,0,0,0,0,0,0,0,0,0,0,0,0,0,0,0,0,0,0,0,0
Peugeot,508,137000,2017,Benzine,Automatic,1600,Sedan,675000.0,0,0,0,0,1,0,0,0,0,0,0,0,0,0,0,0,0,0,0,0,0
Fiat,Punto,11900,2003,Benzine,Automatic,1400,Hatchback,265000.0,1,0,1,0,0,0,0,0,0,0,0,0,0,0,0,0,0,0,0,0,0
Mercedes-Benz,C200,90000,2019,Benzine,Automatic,1500,Sports / Coupe,2350000.0,1,0,0,0,0,0,0,0,0,0,0,0,0,0,0,0,0,0,0,0,0
Peugeot,405,100000,2003,Benzine,Manual,1600,Sedan,190000.0,0,0,1,0,0,0,0,0,0,0,0,0,0,0,0,0,0,0,0,0,0
Peugeot,508,180000,2022,Benzine,Automatic,1600,Sedan,1200000.0,1,0,0,0,0,0,0,0,0,0,0,0,0,0,0,0,0,0,0,0,0
Renault,Megane,212000,2006,Benzine,Automatic,1600,Sedan,260000.0,0,0,0,0,0,0,0,0,0,0,0,0,0,0,0,0,0,0,0,0,0
Honda,Civic,1000,1992,Benzine,Manual,1500,Sedan,260000.0,0,1,1,0,0,0,0,0,0,0,0,0,0,0,0,0,0,0,0,0,0
Kia,Cerato,6000,2023,Benzine,Automatic,1600,Sedan,1350000.0,0,0,0,0,0,0,0,0,0,0,0,0,0,0,0,0,0,0,0,1,0
Daewoo,Lanos,186000,1999,Benzine,Manual,1500,Sedan,205000.0,1,0,1,0,0,0,0,0,0,0,0,0,0,1,0,0,0,1,0,0,0
Chevrolet,Lanos,130000,2017,Benzine,Manual,1500,Sedan,370000.0,1,0,0,0,0,0,0,0,0,0,0,0,0,0,0,0,0,0,0,0,0
Honda,Accord,290000,1990,Benzine,Automatic,2000,Sedan,150000.0,0,0,0,0,0,0,0,0,0,0,0,0,0,1,0,0,0,1,0,0,0
Daewoo,Lacetti,200000,2008,Benzine,Automatic,1600,Sedan,420000.0,1,0,0,0,0,0,0,0,0,0,0,0,0,0,0,0,0,0,0,0,0
BMW,316,148000,1997,Benzine,Automatic,1600,Sedan,430000.0,0,1,0,0,0,0,0,0,1,0,0,0,0,0,0,0,0,1,0,0,0
Seat,Leon,95000,2020,Benzine,Automatic,1600,Hatchback,910000.0,1,1,0,0,0,0,0,1,0,1,1,0,0,0,0,0,0,0,0,0,1
Skoda,Octavia,30000,2022,Benzine,Automatic,1400,Sedan,1410000.0,0,0,0,0,0,0,0,0,0,0,0,0,0,0,0,0,0,0,0,0,0
Renault,Duster,205000,2021,Benzine,Automatic,1600,SUV,720000.0,1,0,0,0,1,0,0,0,0,0,0,0,0,0,0,0,0,0,0,0,0
Peugeot,407,213000,2008,Benzine,Automatic,2200,Sedan,380000.0,1,0,0,0,1,0,0,0,0,0,0,0,0,0,0,0,0,0,0,0,0
Hyundai,Elantra,15000,2023,Benzine,Automatic,1600,Sedan,1200000.0,1,0,0,0,0,0,0,0,0,0,0,0,0,0,0,0,0,0,0,0,0
Chevrolet,Lanos,59000,2011,Benzine,Manual,1500,Sedan,400000.0,1,0,1,0,0,0,0,0,0,0,0,0,0,0,0,0,0,0,0,0,0
Suzuki,Van,100000,2011,Benzine,Manual,1000,Van / Bus,150000.0,0,0,0,1,0,0,0,0,0,0,0,0,0,0,0,0,0,0,0,0,0
Daewoo,Lanos,333000,2000,Benzine,Manual,1500,Sedan,210000.0,1,0,0,0,0,0,0,0,0,1,0,0,0,0,0,0,0,0,0,0,0
Seat,Ibiza,110000,2019,Benzine,Automatic,1600,Hatchback,840000.0,0,1,0,0,0,0,0,0,0,0,0,0,0,0,0,0,0,0,0,0,0
Seat,Ibiza,250000,1999,Benzine,Manual,1600,Van / Bus,110000.0,0,0,0,0,0,0,0,0,0,0,0,0,0,0,0,0,0,1,0,0,0
Renault,Megane,10000,2007,Benzine,Automatic,1600,Sedan,330000.0,1,0,1,0,0,0,0,0,0,1,0,0,0,0,0,0,0,0,0,0,0
Kia,Cerato Coupe,107,2014,Benzine,Automatic,1600,Sports / Coupe,670000.0,0,1,1,0,0,0,0,0,0,0,0,0,0,0,0,0,0,0,0,0,0
Opel,Astra,245000,2004,Benzine,Automatic,1600,Sedan,335000.0,0,0,1,0,0,0,0,0,1,0,0,0,0,0,0,0,0,0,0,0,0
Mitsubishi,Lancer,150000,2017,Benzine,Automatic,1600,Sedan,630000.0,1,0,0,0,0,0,0,0,0,0,0,0,0,0,0,0,0,0,0,0,0
Daewoo,Lanos,240000,1999,Natural Gas,Manual,1500,Sedan,180000.0,1,0,1,0,0,0,0,0,1,0,0,0,0,0,0,0,0,1,0,0,0
Daewoo,Leganza,90000,2000,Benzine,Automatic,2000,Sedan,255000.0,0,0,0,0,0,0,0,0,0,0,0,0,0,0,0,0,0,1,0,0,0
Skoda,Superb,65000,2021,Benzine,Automatic,1400,Sedan,1980000.0,0,0,1,0,0,1,0,0,1,0,1,1,0,0,0,1,1,1,1,0,0
Chevrolet,Optra,110000,2008,Benzine,Manual,1600,Sedan,330000.0,1,0,0,0,0,0,0,0,0,0,0,0,0,0,0,0,0,0,0,0,0
Renault,Logan,193000,2018,Benzine,Automatic,1600,Sedan,460000.0,1,0,0,0,0,0,0,0,0,0,0,0,0,0,0,0,0,0,0,0,0
Seat,Ibiza,3000,2023,Benzine,Automatic,1600,Hatchback,1100000.0,1,1,0,0,0,0,0,0,0,0,0,0,0,0,0,0,0,0,0,0,0
Hyundai,Coupe,314000,2005,Benzine,Manual,1600,Sports / Coupe,260000.0,0,0,1,0,0,0,0,0,0,0,0,0,0,0,0,0,0,0,0,0,0
Peugeot,405,188000,1995,Benzine,Manual,1600,Sedan,155000.0,0,0,0,0,0,0,0,0,0,0,0,0,0,0,0,0,0,0,0,0,0
Kia,Sportage,198000,2015,Benzine,Automatic,1600,Hatchback,880000.0,0,0,1,0,0,0,0,1,0,0,0,0,0,0,1,0,0,0,0,1,0
Hyundai,Elantra,120000,2021,Benzine,Automatic,1600,Sedan,710000.0,0,0,0,0,0,0,0,0,0,0,0,0,0,0,0,0,0,0,0,0,0
Opel,Grandland,199000,2020,Benzine,Automatic,1600,SUV,985000.0,1,1,0,0,1,1,0,0,0,0,0,0,0,0,0,0,0,0,0,0,0
Chevrolet,Optra,226000,2007,Benzine,Manual,1600,Sedan,310000.0,0,0,0,0,0,0,0,0,0,0,0,0,0,0,0,0,0,0,0,0,0
Hyundai,Elantra,120000,2015,Benzine,Automatic,1600,Sedan,690000.0,1,0,1,0,0,0,0,0,1,0,0,0,0,0,0,0,0,0,0,0,0
Chery,Arrizo 5,250000,2019,Benzine,Automatic,1600,Sedan,455000.0,0,0,0,0,0,0,0,0,0,0,1,1,0,0,0,0,0,0,0,0,0
Mercedes-Benz,GLA 200,83000,2020,Benzine,Automatic,1600,SUV,1600000.0,1,0,0,0,0,0,0,0,0,0,0,0,0,0,0,0,0,0,0,0,0
Opel,Vectra,255000,2008,Benzine,Automatic,2200,Sedan,350000.0,1,0,0,0,0,0,0,0,0,1,0,1,0,0,0,0,0,0,0,0,0
Hyundai,Matrix,150000,2002,Benzine,Automatic,1600,Hatchback,430000.0,1,0,1,0,0,0,0,0,0,0,0,0,0,0,0,0,0,1,0,0,0
MG,HS,138000,2022,Benzine,Automatic,1500,SUV,875000.0,0,0,0,0,0,0,0,0,0,0,0,0,0,0,0,0,0,0,0,0,0
Mercedes-Benz,E200,80000,2021,Benzine,Automatic,2000,Sedan,2650000.0,0,0,0,0,1,0,0,0,0,0,0,0,0,0,0,0,0,1,0,0,0
Toyota,Corolla,33450,2024,Benzine,Automatic,1600,Sedan,1420000.0,1,0,0,0,0,0,0,0,0,0,0,0,0,0,0,0,0,0,0,0,0
Hyundai,Excel,190,1994,Benzine,Manual,1500,Sedan,100000.0,0,0,0,0,0,0,0,0,0,0,0,0,0,0,0,0,0,0,0,0,0
Hyundai,Elantra,95000,2022,Benzine,Automatic,1600,Sedan,930000.0,1,0,0,0,0,0,0,0,0,0,0,0,0,0,0,0,0,0,0,0,0
Hyundai,Viva,160000,2008,Benzine,Manual,1500,Sedan,300000.0,1,0,1,0,0,0,0,0,1,0,0,0,0,0,0,0,0,0,0,0,0
Renault,Fluence,196000,2015,Benzine,Automatic,1600,Sedan,510000.0,0,0,0,0,0,1,0,0,0,0,0,0,0,0,0,0,0,0,0,0,0
Peugeot,3008,175000,2019,Benzine,Automatic,1600,SUV,950000.0,1,0,1,0,0,1,0,0,0,0,0,0,0,0,0,0,0,0,0,0,0
Speranza,A516,273000,2010,Natural Gas,Manual,1600,Sedan,285000.0,1,0,0,0,1,0,0,0,0,0,0,0,0,0,0,0,0,0,0,0,1
BMW,X3 M,200000,2008,Benzine,Automatic,3000,Hatchback,875000.0,1,0,1,0,0,0,0,0,0,0,0,0,0,0,0,0,0,0,0,0,0
Proton,Wira,100000,1990,Benzine,Manual,1600,Sedan,155000.0,1,0,0,0,0,0,0,0,0,0,0,0,0,0,1,0,0,0,0,0,0
Volkswagen,Golf,9000,2024,Benzine,Automatic,2000,Hatchback,2600000.0,0,0,0,0,0,0,0,0,0,0,0,0,0,0,0,0,0,1,0,0,0
Ford,Fiesta,60,1996,Benzine,Manual,1100,Hatchback,120000.0,0,0,0,0,0,0,0,0,0,0,0,0,0,0,0,0,0,0,0,0,0
Kia,Carens,170000,2012,Benzine,Automatic,1600,Hatchback,600000.0,1,0,0,0,0,0,0,0,0,0,0,0,0,0,0,0,0,0,0,0,0
Mercedes-Benz,CLA 200,400000,2022,Benzine,Automatic,1300,Sedan,2300000.0,0,0,0,0,0,0,0,0,0,0,1,0,0,1,1,1,0,1,1,0,0
Mazda,3,120000,2017,Benzine,Automatic,1600,Sedan,730000.0,0,1,0,0,0,1,0,0,0,0,0,0,0,0,0,0,0,0,0,0,0
Renault,Duster,112800,2022,Benzine,Automatic,1600,SUV,650000.0,1,0,1,0,0,1,0,0,0,0,0,0,0,0,0,0,0,0,0,0,0
Chevrolet,Lanos,170000,2009,Benzine,Manual,1300,Sedan,300000.0,0,0,0,0,0,0,0,0,0,0,0,0,0,0,0,0,0,0,0,0,0
Skoda,Felecia,110000,1997,Benzine,Manual,1300,Hatchback,155000.0,1,1,0,0,0,0,0,0,0,0,0,0,0,0,0,0,0,0,0,0,0
Chevrolet,Aveo,110000,2020,Benzine,Automatic,1500,Sedan,480000.0,0,0,0,0,0,0,0,0,1,0,0,0,0,0,0,0,0,0,0,0,0
Suzuki,Swift,199999,1996,Benzine,Manual,1300,Sedan,170000.0,0,1,0,0,0,0,0,0,0,0,0,0,0,0,0,0,0,0,0,0,0
Mitsubishi,Lancer,152000,1999,Benzine,Manual,1300,Sedan,250000.0,1,0,1,0,0,0,0,0,0,0,0,0,0,0,0,0,0,1,0,0,0
Ford,EcoSport,44700,2022,Benzine,Automatic,1000,SUV,720000.0,1,1,0,1,0,0,0,0,0,0,0,0,0,0,0,0,0,0,0,0,0
Chery,Tiggo 7 Pro,62000,2023,Benzine,Automatic,1500,SUV,950000.0,0,1,0,0,1,0,0,0,1,1,1,0,1,0,0,0,0,1,0,0,0
BMW,520,455000,1992,Benzine,Automatic,2000,Sedan,350000.0,0,0,0,0,0,0,0,0,0,0,0,0,0,0,0,0,0,0,0,0,0
Subaru,Impreza,198000,2009,Benzine,Manual,1600,Sedan,390000.0,1,0,1,0,0,0,0,0,1,0,0,0,0,0,0,0,0,0,0,0,0
Chevrolet,Captiva,138000,2021,Benzine,Automatic,1500,SUV,775000.0,0,0,0,0,0,0,0,0,0,0,0,0,0,0,0,0,0,0,0,0,0
Seat,Toledo,208000,2003,Benzine,Automatic,1800,Sedan,350000.0,0,0,1,0,0,0,0,0,0,0,0,0,0,0,0,0,0,0,0,0,0
Geely,Emgrand 7,192000,2015,Benzine,Manual,1500,Sedan,270000.0,0,0,1,0,0,0,0,0,0,0,0,0,0,0,0,0,0,1,0,0,0
Toyota,Corolla,117000,2013,Benzine,Automatic,1800,Sedan,800000.0,0,1,0,0,0,1,0,0,0,0,0,0,0,0,0,0,0,0,0,0,0
Peugeot,307 SW,200000,2007,Benzine,Automatic,1600,SUV,413000.0,0,1,1,0,0,0,0,0,1,1,0,0,0,0,0,0,0,0,0,0,0
Mercedes-Benz,C250,19000,2012,Benzine,Automatic,2000,Sedan,2050000.0,0,1,0,0,0,0,0,0,0,0,0,0,0,0,0,0,0,0,0,0,0
Mercedes-Benz,GLA 180,90000,2020,Benzine,Automatic,1600,Hatchback,1650000.0,0,0,0,0,0,0,0,0,0,0,0,0,0,0,0,0,0,0,0,0,0
Daewoo,Lanos,350000,1999,Benzine,Manual,1500,Sedan,197000.0,0,0,0,0,0,0,1,0,0,0,0,0,0,0,0,0,0,1,0,1,0
Fiat,Siena,258000,2001,Benzine,Manual,1400,Sedan,140000.0,1,0,1,0,1,0,0,0,0,0,0,0,0,0,0,0,0,0,0,0,0
BMW,X3,111000,2013,Benzine,Automatic,2000,SUV,1150000.0,0,0,0,0,0,0,0,0,0,0,0,0,0,0,0,0,0,0,0,0,0
Daewoo,Espero,290000,1995,Hybrid,Manual,1500,Sedan,130000.0,0,0,0,0,0,0,0,0,0,0,0,0,0,0,0,0,0,0,0,0,0
Citroen,C5 Aircross,129000,2020,Benzine,Automatic,1600,SUV,980000.0,0,0,0,0,0,1,0,0,0,0,0,0,0,0,0,0,0,0,0,0,0
Hyundai,Bayon,80000,2022,Benzine,Automatic,1400,SUV,780000.0,1,0,0,0,0,0,0,0,0,0,0,0,0,0,0,0,0,0,0,0,0
Chery,Tiggo 3,134000,2017,Benzine,Automatic,1600,SUV,530000.0,1,0,0,0,1,0,0,0,0,0,0,0,0,0,0,1,0,0,0,0,0
BMW,316,217000,1998,Benzine,Manual,1800,Sedan,400000.0,1,1,0,0,0,0,0,0,0,0,0,0,0,0,0,0,0,0,0,0,0
Daewoo,Nubira,143433,1997,Benzine,Manual,1500,Sedan,175000.0,1,0,0,0,0,0,0,0,0,0,0,0,0,0,0,0,0,0,0,0,0
Jeep,Cherokee,160000,2011,Benzine,Automatic,3700,4X4,780000.0,0,0,0,0,0,0,0,1,0,0,0,0,0,0,0,0,0,0,0,0,1
BMW,318,78000,2019,Benzine,Automatic,1500,Sedan,1340000.0,1,0,1,0,0,0,0,0,0,0,0,0,0,0,0,0,0,0,0,0,0
Volkswagen,Tiguan,90000,2020,Benzine,Automatic,1400,SUV,1450000.0,1,0,1,0,1,1,0,1,0,0,1,0,0,0,1,0,0,0,0,0,0
Daewoo,Lanos,207000,2007,Benzine,Manual,1500,Sedan,260000.0,1,0,0,0,0,0,0,0,0,0,0,0,0,0,0,0,0,0,0,0,0
Fiat,Tempra,100000,1990,Benzine,Manual,1600,Sedan,130000.0,1,0,1,0,0,0,0,0,0,0,0,0,0,0,0,0,0,0,0,0,0
Daewoo,Nubira,220000,2001,Benzine,Manual,1600,Sedan,250000.0,0,0,1,0,1,0,0,0,0,0,0,0,0,0,0,0,0,0,0,0,0
Fiat,Shahin,1000,1999,Benzine,Manual,1400,Sedan,110000.0,0,0,0,0,0,0,0,0,0,0,0,0,0,0,0,0,0,0,0,0,0
Toyota,Corolla,145000,2015,Benzine,Automatic,1600,Sedan,685000.0,1,0,0,0,0,0,0,0,0,1,0,0,0,0,1,0,0,0,0,0,0
Speranza,A113,146000,2009,Benzine,Manual,1300,Hatchback,210000.0,1,1,1,0,0,0,0,0,1,0,0,0,0,0,0,0,0,0,0,0,0
Geely,Emgrand 7,200000,2015,Benzine,Manual,1600,Sedan,320000.0,0,0,1,0,0,0,0,0,0,0,0,0,0,0,0,0,0,0,0,0,0
Chevrolet,Aveo,165000,2017,Benzine,Automatic,1500,Sedan,470000.0,1,0,0,0,0,0,0,0,0,0,0,0,0,0,0,0,0,0,0,0,0
Daewoo,Juliet,178000,2002,Benzine,Manual,1500,Hatchback,295000.0,0,1,1,0,1,0,0,0,0,0,0,0,0,0,0,0,0,1,0,0,0
Baic,BJ30,21500,2025,Hybrid,Automatic,1500,4X4,1450000.0,0,0,0,0,0,0,0,0,0,1,1,0,0,0,0,1,0,0,0,1,0
Peugeot,508,195000,2020,Benzine,Automatic,1600,Sedan,1000000.0,0,0,0,0,0,0,0,0,0,0,1,0,0,0,0,0,0,0,0,0,0
Proton,Saga,165000,2013,Benzine,Automatic,1300,Sedan,360000.0,1,0,0,0,0,0,0,0,0,0,0,0,0,0,0,0,0,0,0,0,0
Renault,Megane,170000,2020,Benzine,Automatic,1200,Sedan,780000.0,1,0,0,0,1,0,0,0,0,0,0,0,0,0,0,0,0,0,0,0,0
Chevrolet,Aveo,176000,2017,Benzine,Automatic,1500,Sedan,385000.0,1,0,1,0,0,0,0,0,1,0,0,0,0,0,0,0,0,0,0,0,0
Hyundai,Verna,470000,2007,Benzine,Manual,1600,Sedan,260000.0,1,0,1,0,0,0,0,0,0,0,0,0,0,0,0,0,0,0,0,0,0
Geely,Emgrand X7,62000,2019,Benzine,Automatic,1300,SUV,675000.0,0,1,1,0,0,0,0,0,1,0,1,0,0,0,0,1,1,0,0,1,0
Mitsubishi,Xpander,32000,2024,Benzine,Automatic,1500,SUV,1400000.0,1,0,0,0,0,0,0,0,0,0,0,0,0,0,0,0,0,0,0,0,0
Toyota,Corolla,440,1995,Benzine,Manual,1300,Sedan,210000.0,0,0,0,0,0,0,0,0,0,0,0,0,0,0,0,0,0,0,0,0,0
Opel,Astra,149600,2013,Benzine,Automatic,1600,Hatchback,550000.0,0,1,1,0,1,0,0,0,0,0,0,0,0,0,0,0,1,0,1,0,0
Nissan,Sunny,300000,2004,Benzine,Automatic,1600,Sedan,270000.0,1,0,1,0,0,0,0,0,0,0,0,0,0,0,0,0,0,0,0,0,0
Chevrolet,Aveo,400000,2012,Natural Gas,Automatic,1500,Sedan,275000.0,0,0,1,0,0,0,0,0,1,0,0,0,0,0,0,0,0,1,0,0,0
Toyota,Echo,195000,2002,Benzine,Automatic,1300,Sedan,280000.0,0,0,0,0,0,0,0,0,0,0,0,0,0,0,0,0,0,0,0,0,0
Hyundai,IX35,220,2016,Benzine,Automatic,1600,SUV,750000.0,0,0,0,0,0,0,0,0,1,0,0,0,0,0,1,0,0,0,0,1,0
Renault,Logan,240000,2015,Benzine,Manual,1600,Sedan,370000.0,1,0,0,1,0,0,0,0,0,0,0,0,0,0,0,0,0,0,0,0,0
Brilliance,FSV,198000,2010,Benzine,Manual,1500,Sedan,280000.0,1,0,1,0,0,0,0,0,0,0,0,0,0,0,0,0,0,1,0,0,0
Mitsubishi,Lancer,260000,2006,Benzine,Automatic,1600,Sedan,420000.0,0,0,0,0,0,0,0,0,0,0,0,0,0,0,0,0,0,0,0,0,0
Nissan,Sunny,185000,2000,Benzine,Manual,1300,Sedan,330000.0,1,0,0,0,0,0,0,0,0,0,0,0,0,0,0,0,0,0,0,0,0
Toyota,Corolla,5000,1992,Benzine,Manual,1400,Sedan,155000.0,0,0,0,0,0,0,0,0,0,0,0,0,0,0,0,0,0,0,0,0,0
Seat,Leon,70500,2021,Benzine,Automatic,1400,Hatchback,1265000.0,1,0,0,0,0,1,0,0,0,0,0,0,0,0,0,0,0,0,0,0,0
Suzuki,Swift,59000,2022,Benzine,Automatic,1200,Hatchback,680000.0,1,0,0,0,0,1,0,0,0,1,1,0,0,0,0,1,0,1,1,0,0
Mitsubishi,Lancer,2000,1992,Benzine,Manual,1300,Sedan,165000.0,0,0,0,0,0,0,0,0,0,0,0,0,0,0,1,0,0,1,0,0,0
Audi,A4,168000,2012,Benzine,Automatic,1800,Sedan,900000.0,0,0,0,0,0,0,0,0,0,0,0,0,0,0,0,0,0,0,0,0,0
Suzuki,Swift,254188,1994,Benzine,Manual,1300,Sedan,160000.0,1,0,0,0,0,0,0,0,0,0,0,0,0,1,0,0,0,0,0,0,0
Changan,CS15,130000,2022,Benzine,Automatic,1600,SUV,580000.0,0,0,0,0,0,0,0,0,0,0,0,0,0,0,0,0,0,0,0,0,0
BMW,740,185000,2013,Benzine,Automatic,3000,Sedan,1500000.0,0,0,0,0,0,0,0,0,0,0,0,0,0,0,0,0,0,0,0,1,0
Chrysler,Town and Country,200000,2009,Benzine,Automatic,3800,Estate,1200000.0,0,0,1,0,1,0,1,0,1,0,0,1,1,1,0,1,1,1,0,1,0
Seat,Toledo,140000,2015,Benzine,Automatic,1600,Sedan,590000.0,1,0,0,0,0,0,0,0,0,0,0,0,0,0,0,0,0,0,0,0,0
Kia,Cerato,253000,2013,Benzine,Automatic,1600,Sedan,650000.0,0,0,0,0,0,0,0,0,0,0,0,0,0,0,0,0,1,0,0,0,0
Renault,Megane,140000,2022,Benzine,Automatic,1600,Sedan,720000.0,1,0,0,0,0,0,0,0,0,0,0,0,0,0,0,0,0,0,0,0,0
Fiat,Shahin,250000,2006,Benzine,Manual,1400,MPV,185000.0,0,1,1,0,0,0,0,0,0,0,0,0,0,0,0,0,0,0,0,0,0
Mitsubishi,Lancer,200000,2000,Benzine,Manual,1300,Sedan,250000.0,0,0,1,0,0,0,0,0,0,0,0,0,0,0,0,0,0,0,0,0,0
Fiat,Shahin,26000,1995,Benzine,Manual,1600,Sedan,135000.0,0,0,0,0,0,0,0,0,0,0,0,0,0,0,0,0,0,0,0,0,0
Hyundai,Elantra,280000,2008,Benzine,Automatic,1600,Sedan,465000.0,1,0,0,1,1,0,0,0,0,0,0,0,0,0,0,0,0,0,0,0,0
Daewoo,Lanos,137000,2000,Benzine,Manual,1500,Sedan,195000.0,0,0,0,0,0,0,0,0,0,0,0,0,0,0,0,0,0,0,0,0,0
Hyundai,Elantra,125000,2015,Diesel,Automatic,1600,Sedan,750000.0,1,0,0,0,0,0,0,0,0,0,0,0,0,0,0,0,0,0,0,0,0
Skoda,Fantasia,235000,2010,Benzine,Automatic,1600,Sedan,655000.0,1,0,0,0,0,0,0,0,0,0,0,0,0,0,0,0,0,0,0,0,0
BMW,X3,170000,2017,Benzine,Automatic,2000,4X4,1500000.0,1,0,1,0,0,0,0,1,0,0,0,0,0,0,0,0,0,0,0,0,0
BYD,F3,45000,2018,Benzine,Manual,1500,Sedan,430000.0,1,0,0,0,0,0,0,0,1,0,0,0,0,0,0,0,0,0,0,0,0
Honda,Civic,250000,1992,Benzine,Manual,1600,Sedan,200000.0,1,0,0,0,0,0,0,0,0,0,0,0,0,0,0,0,0,1,0,0,0
Fiat,Punto,180000,1995,Benzine,Manual,1300,Hatchback,130000.0,0,0,0,0,0,0,0,0,0,0,0,0,0,0,0,0,0,0,0,1,0
Mercedes-Benz,E250,168000,2010,Benzine,Automatic,1800,Sedan,1550000.0,0,1,0,0,0,0,0,0,0,0,0,0,0,0,0,0,0,1,0,0,0
Hyundai,IX35,200000,2015,Benzine,Automatic,1600,Hatchback,835000.0,1,1,0,0,0,0,0,0,0,0,0,0,0,0,0,0,0,0,0,0,0
Opel,Vectra,200000,2008,Benzine,Automatic,2200,Sedan,450000.0,0,0,0,0,0,0,0,0,1,0,0,0,0,0,0,0,0,1,0,0,0
Renault,Kadjar,70000,2022,Benzine,Automatic,1200,SUV,1050000.0,1,0,0,0,0,0,0,0,0,0,0,0,0,0,0,0,0,0,0,0,0
Mercedes-Benz,C180,136000,2019,Benzine,Automatic,1500,Sedan,1925000.0,0,0,0,0,0,0,0,1,0,0,0,0,1,0,0,1,1,1,1,0,0
Hyundai,Viva,370000,2008,Benzine,Manual,1500,Sedan,250000.0,0,0,1,0,0,0,0,0,0,0,0,0,0,0,0,0,0,0,0,0,0
Opel,Astra,117000,2020,Benzine,Automatic,1400,Sedan,700000.0,1,0,0,0,0,0,0,0,0,0,0,0,0,0,0,0,0,0,0,0,0
Hyundai,Coupe,340000,2005,Benzine,Manual,1600,Sports / Coupe,300000.0,0,0,1,0,0,0,0,0,1,0,0,1,0,0,0,0,0,0,0,0,0
MINI,Countryman,145000,2016,Benzine,Automatic,1600,Hatchback,950000.0,1,0,0,0,0,0,0,0,0,0,0,0,0,0,0,0,0,0,0,0,0
Chevrolet,Optra,370000,2005,Benzine,Automatic,1600,Sedan,310000.0,1,0,1,0,1,0,0,0,0,0,0,0,0,0,0,0,0,0,0,0,0
Mercedes-Benz,C250,260000,2011,Benzine,Automatic,1800,Sedan,950000.0,0,0,1,0,0,0,0,0,0,0,0,0,0,0,0,0,0,0,0,0,0
Kia,Rio,230000,2004,Benzine,Automatic,1300,Sedan,250000.0,0,0,0,0,0,0,0,0,0,0,0,0,0,0,0,0,0,1,0,0,0
Honda,City,198000,2016,Benzine,Automatic,1500,Sedan,600000.0,1,0,0,0,1,0,0,0,0,0,0,0,0,0,0,0,0,0,0,0,0
Mitsubishi,Lancer,200000,2015,Benzine,Automatic,1600,Sedan,545000.0,0,0,0,0,0,0,0,0,0,0,0,0,0,0,0,0,0,0,0,0,0
Geely,Emgrand X7,40000,2019,Benzine,Automatic,1300,SUV,700000.0,0,1,1,0,0,0,0,0,1,0,0,0,0,0,0,0,0,0,0,0,0
Peugeot,408,19000,2024,Benzine,Automatic,1600,Sports / Coupe,1850000.0,1,0,0,0,0,1,0,0,0,0,0,0,0,0,0,0,0,0,0,0,0
Chevrolet,Cruze,215000,2015,Benzine,Automatic,1600,Sedan,510000.0,1,1,1,0,0,0,0,0,0,1,0,0,1,0,0,0,0,0,0,0,0
Renault,Duster,110000,2019,Benzine,Automatic,1600,SUV,690000.0,0,0,0,0,0,0,0,0,0,0,0,0,0,0,0,0,0,0,0,0,0
Volkswagen,Passat,288000,2010,Benzine,Automatic,1400,Sedan,590000.0,1,0,1,0,1,0,0,1,1,0,0,0,1,0,0,0,0,1,0,0,1
Opel,Vectra,230000,1996,Benzine,Automatic,1800,Sedan,235000.0,0,0,0,0,0,0,0,0,0,0,0,0,0,0,0,0,0,0,0,0,0
Mercedes-Benz,C180,223000,2013,Benzine,Automatic,1600,Sedan,1100000.0,0,0,0,0,0,0,0,0,0,0,0,0,0,0,0,0,0,0,0,0,0
Hyundai,Matrix,296689,2008,Benzine,Automatic,1600,Hatchback,450000.0,1,0,0,0,0,0,0,0,0,0,0,0,0,0,0,0,0,0,0,0,0
Speranza,A620,17000,2007,Benzine,Automatic,2000,Sedan,220000.0,1,0,1,0,0,0,0,0,0,0,0,0,0,0,0,0,0,0,0,0,0
Seat,Ibiza,100000,2002,Benzine,Manual,1400,Hatchback,210000.0,1,0,0,0,0,0,0,0,0,0,0,0,0,0,0,0,0,0,0,0,0
Volkswagen,Transporter,175000,1995,Benzine,Manual,1600,MPV,350000.0,0,0,0,0,0,0,0,0,0,0,0,0,0,0,0,0,0,0,0,0,0
Kia,Xceed,73000,2022,Benzine,Automatic,1500,Hatchback,1150000.0,0,1,0,0,0,1,0,0,0,0,1,1,0,0,0,0,0,0,0,0,1
Ford,Focus,280000,2004,Benzine,Automatic,1600,Sedan,300000.0,1,0,0,0,0,0,0,0,0,0,0,0,0,0,0,0,0,0,0,0,0
Hyundai,Getz,60000,2008,Benzine,Manual,1600,Hatchback,480000.0,1,0,1,0,0,0,0,0,0,0,0,0,0,0,0,0,0,0,0,0,0
Renault,Clio,188650,2008,Benzine,Manual,1000,Sedan,260000.0,0,0,0,0,0,0,0,0,0,0,0,0,0,0,0,0,0,0,0,0,0
Brilliance,FSV,110000,2011,Benzine,Manual,1500,Sedan,290000.0,1,0,0,0,1,0,0,0,0,0,0,0,0,0,0,0,0,0,0,0,0
Citroen,C3,153000,2007,Benzine,Automatic,1600,Hatchback,300000.0,1,0,1,0,1,0,0,0,0,0,0,0,0,0,0,0,0,1,0,0,0
Opel,Astra,180000,2020,Benzine,Automatic,1400,Sedan,620000.0,0,0,0,0,0,0,0,0,0,0,0,0,0,0,0,0,0,0,0,0,0
Hyundai,Tucson,119000,2020,Benzine,Automatic,1600,SUV,1350000.0,1,0,1,0,0,0,0,1,1,0,0,0,0,0,0,0,0,0,0,1,0
Opel,Mokka,20000,2024,Benzine,Automatic,1200,SUV,1200000.0,1,1,0,0,0,0,0,0,0,0,0,0,0,0,0,0,0,0,0,0,0
Hyundai,Excel,400000,1998,Benzine,Manual,1500,Sedan,130000.0,0,0,0,0,0,0,0,0,0,0,0,0,0,0,0,0,0,0,0,0,0
MG,MG 5,75000,2022,Benzine,Automatic,1500,Sedan,720000.0,1,0,1,0,1,0,0,0,0,0,0,0,0,0,0,0,0,1,0,0,0
Daewoo,Nubira,250000,2007,Benzine,Manual,1500,Sedan,220000.0,0,0,0,0,0,0,0,0,0,0,0,0,0,0,0,0,0,0,0,0,0
BMW,316,140000,2014,Benzine,Automatic,1600,Sedan,970000.0,1,0,0,0,0,0,0,0,0,0,0,0,0,0,0,0,0,0,0,0,0
Volkswagen,Tiguan,107000,2020,Benzine,Automatic,1500,SUV,1500000.0,1,1,0,0,0,1,0,0,0,0,0,0,0,0,0,0,0,0,0,0,0
BMW,530,146000,2019,Benzine,Automatic,2000,Sedan,2200000.0,1,0,0,0,0,1,0,0,0,0,0,0,0,0,0,0,0,0,0,0,0
Lada,Granta,81000,2020,Benzine,Automatic,1600,Sedan,390000.0,1,0,0,0,0,0,0,0,0,0,0,0,0,0,0,0,0,0,0,0,0
Mitsubishi,Xpander,51000,2024,Benzine,Automatic,1500,SUV,1250000.0,1,0,1,0,0,0,0,0,1,0,0,0,0,0,0,0,0,0,0,0,0
Chevrolet,Spark,90000,2009,Benzine,Automatic,1000,Hatchback,340000.0,1,0,0,0,0,0,0,0,0,0,0,0,0,0,0,0,0,1,0,0,0
Chevrolet,Aveo,98000,2007,Benzine,Manual,1500,Sedan,290000.0,0,0,0,0,0,0,0,0,0,0,0,0,0,0,0,0,0,0,0,0,0
Renault,Clio,158000,2001,Benzine,Manual,1400,Sedan,175000.0,1,0,0,0,1,0,0,0,0,0,0,0,0,0,0,0,0,0,0,0,0
BMW,530,108000,2019,Benzine,Automatic,2000,Sedan,2390000.0,0,0,0,0,0,0,0,0,0,1,0,0,1,0,0,0,0,1,0,0,0
Skoda,Roomster,75000,2009,Benzine,Manual,1600,SUV,440000.0,0,0,0,0,1,0,0,0,0,0,0,0,0,0,0,0,0,0,0,0,0
Speranza,A113,147000,2011,Benzine,Manual,1300,Hatchback,250000.0,1,0,1,0,0,0,0,0,0,0,0,0,0,0,0,0,0,0,0,0,0
Opel,Vectra,110000,1999,Benzine,Manual,1600,Sedan,235000.0,1,0,0,0,0,0,1,0,0,0,0,0,0,0,0,0,0,0,0,1,0
Audi,A5,55000,2024,Benzine,Automatic,2000,Sedan,2500000.0,0,1,0,0,0,0,0,0,0,0,0,0,0,0,0,0,0,1,0,0,0
Mercedes-Benz,CLE 200,125,2014,Benzine,Automatic,1600,Sedan,1120000.0,1,1,0,0,1,0,0,0,0,0,0,0,0,0,0,0,0,0,0,1,1
Peugeot,3008,138000,2016,Benzine,Automatic,1600,SUV,625000.0,1,0,0,0,0,0,0,0,0,0,0,0,0,0,0,0,0,0,0,0,0
Skoda,Octavia,85000,2021,Benzine,Automatic,1400,Sedan,1300000.0,1,0,0,0,0,0,0,0,0,0,0,0,0,0,0,0,0,0,0,0,0
Ford,Focus,49000,2023,Benzine,Automatic,1500,Sedan,1000000.0,0,0,0,0,0,0,0,0,0,0,0,0,0,0,0,0,0,0,0,0,0
Mitsubishi,Lancer,310000,2008,Benzine,Automatic,1300,Sedan,380000.0,1,0,0,0,0,0,0,0,0,0,0,0,0,0,0,0,0,0,0,0,0
Toyota,Corolla,160000,2008,Benzine,Automatic,1600,Sedan,565000.0,0,0,0,0,1,0,0,0,0,0,0,1,0,0,0,1,1,0,1,0,0
Kia,K3,39000,2018,Benzine,Automatic,1600,Sedan,840000.0,1,1,1,1,0,1,0,0,0,0,0,0,0,0,0,0,0,0,0,0,0
MG,MG 5,130000,2021,Benzine,Automatic,1500,Sedan,625000.0,1,0,0,0,0,1,0,0,0,0,0,0,0,0,0,0,0,0,0,0,0
BYD,F0,131000,2013,Benzine,Manual,1000,Hatchback,213000.0,1,0,1,0,0,0,0,0,0,0,0,0,0,0,0,0,0,0,0,0,0
Chevrolet,Aveo,25000,2008,Benzine,Manual,1600,Sedan,325000.0,0,1,0,0,0,0,0,0,0,0,0,0,0,0,0,0,0,0,0,0,0
Mercedes-Benz,C180,160000,2020,Benzine,Automatic,1500,Sedan,2000000.0,0,0,0,0,0,0,0,0,0,0,0,0,0,0,0,0,0,1,0,0,0
BMW,X3,210000,2013,Benzine,Automatic,3500,SUV,1275000.0,1,0,1,0,0,0,0,0,0,0,0,0,0,0,0,0,0,0,0,0,0
Mercedes-Benz,C180,90000,2019,Benzine,Automatic,1600,Sedan,2200000.0,0,0,1,0,0,0,0,0,0,0,0,0,0,0,0,0,0,1,0,0,0
Chevrolet,Lanos,240000,2015,Benzine,Manual,1500,Sedan,325000.0,1,0,0,0,0,0,0,0,0,0,0,0,0,0,0,0,0,0,0,0,0
Honda,Civic,10000,1992,Benzine,Manual,1500,Sedan,260000.0,0,1,1,0,0,0,0,0,0,0,0,0,0,0,0,0,0,0,0,0,0
Daewoo,Racer,200000,1994,Benzine,Manual,1500,Sedan,130000.0,0,0,0,0,0,0,0,0,0,0,0,0,0,0,0,0,0,0,0,0,0
Chery,Envy,170000,2015,Benzine,Manual,1500,Sedan,315000.0,1,1,1,0,0,0,0,0,1,0,0,0,0,0,0,0,0,1,0,0,0
Nissan,Sunny,27000,2025,Benzine,Automatic,1500,Sedan,730000.0,0,0,1,0,0,0,0,0,1,0,0,0,0,0,0,0,0,0,0,0,0
Honda,Other,13000,2017,Hybrid,Automatic,3471,Sedan,1300000.0,0,1,0,0,0,0,0,0,1,0,0,1,0,1,1,0,0,1,0,1,0
BYD,F3,145000,2015,Benzine,Automatic,1500,Sedan,350000.0,0,0,1,0,0,0,0,0,1,0,0,0,0,0,1,1,0,0,0,0,0
Mercedes-Benz,B200,90000,2019,Benzine,Automatic,1300,Hatchback,1700000.0,0,0,0,0,0,0,0,0,0,0,0,0,0,0,0,0,0,0,0,0,0
Ford,Focus,34000,2018,Benzine,Automatic,1000,Sedan,725000.0,0,0,0,0,1,0,0,0,0,0,0,0,0,0,0,0,0,0,0,0,0
Seat,Tarraco,100000,2021,Benzine,Automatic,1395,SUV,1450000.0,1,0,0,0,0,0,0,1,1,1,0,0,0,0,0,0,0,1,0,0,0
Chevrolet,Aveo,137000,2015,Natural Gas,Automatic,1500,Sedan,360000.0,0,0,0,0,0,0,1,0,0,0,0,0,0,0,0,0,0,0,0,1,0
BMW,X3,115000,2020,Benzine,Automatic,2000,SUV,2450000.0,0,0,1,0,0,0,0,0,0,0,0,0,0,0,0,0,0,0,0,0,0
Chery,Tiggo 3,35000,2024,Benzine,Automatic,1600,Hatchback,735000.0,1,0,0,0,0,1,0,0,0,0,0,0,0,0,0,0,0,0,0,0,0
Volkswagen,Golf,61000,1990,Benzine,Manual,2000,Hatchback,220000.0,1,1,0,0,0,0,0,0,0,0,0,0,0,0,0,0,0,0,0,0,0
Toyota,Corolla,456000,2002,Benzine,Automatic,1300,Sedan,420000.0,1,0,0,0,1,0,0,0,0,0,0,0,0,0,0,0,0,0,0,0,1
Renault,Logan,215000,2015,Benzine,Automatic,1600,Sedan,400000.0,1,0,0,0,0,0,0,0,0,0,0,0,0,0,0,0,0,0,0,0,0
MINI,Cooper s,139000,2007,Benzine,Automatic,1600,Sports / Coupe,650000.0,0,0,1,0,0,0,0,0,0,0,0,0,0,0,0,0,0,0,0,0,0
Seat,Cordoba,290000,2006,Benzine,Automatic,1400,Sedan,360000.0,1,0,1,0,1,0,0,0,0,0,0,0,0,0,0,0,1,1,0,0,0
Peugeot,405,500000,2010,Benzine,Manual,1600,Sedan,180000.0,0,1,1,0,0,0,0,0,1,0,0,0,0,0,0,0,0,0,0,0,0
Opel,Insignia,145000,2018,Benzine,Automatic,1500,Sedan,1200000.0,1,0,0,0,1,0,0,0,0,0,0,0,0,0,0,0,0,0,0,0,0
Kia,Cerato,219000,2012,Benzine,Automatic,1600,Sedan,520000.0,0,0,0,0,0,0,0,0,0,0,0,0,0,0,0,0,0,0,0,0,0
Skoda,Octavia,160000,1999,Benzine,Manual,1600,Hatchback,300000.0,1,0,0,0,0,0,0,0,0,0,0,0,0,0,0,0,1,1,0,0,0
Chevrolet,N300,131000,2019,Benzine,Manual,1300,Van / Bus,350000.0,1,0,1,0,0,0,0,0,0,0,0,0,0,0,0,0,0,0,0,0,0
Fiat,Siena,500000,2002,Benzine,Manual,1400,Sedan,160000.0,0,0,0,0,0,0,0,0,0,0,0,0,0,0,0,0,0,0,0,0,0
MG,RX5,47000,2024,Benzine,Automatic,1500,SUV,1150000.0,0,0,0,0,0,0,0,0,0,0,0,0,0,0,0,0,0,0,0,0,0
Ford,Mustang,102000,2010,Benzine,Manual,4000,Sports / Coupe,1550000.0,0,0,0,0,0,0,0,0,0,0,0,0,0,0,0,0,0,0,0,0,0
Fiat,Tipo,17000,2024,Benzine,Manual,1400,Sedan,735000.0,0,1,0,0,0,1,0,0,0,0,0,0,0,0,0,0,0,0,0,0,0
Mercedes-Benz,A200,63000,2021,Benzine,Automatic,1300,Sedan,1750000.0,1,0,0,0,0,0,0,0,0,0,0,0,0,0,0,0,0,0,0,0,0
Fiat,Marea,438708,2002,Benzine,Manual,1300,Sedan,130000.0,1,0,0,0,0,0,0,0,0,1,0,0,0,0,0,0,0,0,0,0,0
Mercedes-Benz,C180,100000,1999,Benzine,Automatic,1800,Sedan,425000.0,0,0,0,1,0,0,0,0,0,0,0,0,0,0,0,0,0,0,0,0,0
Chana,New Star,100000,2008,Benzine,Manual,1000,Van / Bus,140000.0,1,0,0,0,0,0,0,0,0,0,0,0,0,0,0,0,0,0,0,0,0
Volkswagen,Golf,170000,2016,Benzine,Automatic,1400,Hatchback,1170000.0,1,0,0,0,0,0,0,0,0,0,0,0,0,0,0,0,0,0,0,0,0
Chery,Tiggo 3,31000,2024,Benzine,Automatic,1600,Hatchback,725000.0,0,1,1,0,0,0,0,0,1,0,0,0,0,0,0,0,0,0,0,0,0
Speranza,A516,160000,2009,Benzine,Automatic,1600,Sedan,250000.0,0,0,0,0,0,0,0,0,0,0,0,0,0,0,0,0,0,0,0,0,0
Renault,Duster,164000,2021,Benzine,Automatic,1600,SUV,675000.0,1,0,0,0,0,0,0,0,0,0,0,0,0,0,0,0,0,0,0,0,0
Fiat,Petra,217491,2004,Benzine,Manual,1600,Sedan,160000.0,0,0,0,0,0,0,0,0,0,0,0,0,0,0,0,0,0,0,0,0,0
Other make,Smart,120000,2008,Benzine,Automatic,1100,Small city car,180000.0,0,0,1,0,0,0,0,0,0,0,0,0,0,0,0,0,0,0,0,0,0
MG,MG 7,6000,2025,Benzine,Automatic,1500,Sedan,1550000.0,1,1,0,1,0,0,0,0,0,0,0,0,0,0,0,0,0,0,0,0,0
Renault,Optima,7000,1999,Natural Gas,Manual,1300,Sedan,120000.0,0,0,1,0,0,0,0,0,1,0,0,0,0,0,0,0,0,0,0,0,0
Renault,Logan,193000,2016,Benzine,Automatic,1600,Sedan,370000.0,1,0,1,0,1,0,0,0,0,0,0,0,0,0,0,0,0,0,0,0,0
Jaguar,XE,47000,2020,Benzine,Automatic,2000,Sedan,2180000.0,0,0,0,0,0,0,0,0,0,0,0,0,0,0,0,0,0,0,0,0,0
Daewoo,Lanos,247000,2004,Benzine,Manual,1500,Sedan,220000.0,0,0,0,0,0,0,0,0,0,0,0,0,0,0,0,0,0,0,0,1,0
Toyota,Rush,40000,2019,Benzine,Automatic,1500,Hatchback,1050000.0,1,0,0,0,0,1,0,0,0,0,0,0,0,0,0,0,0,0,0,0,0
Ford,Mondeo,200000,1998,Benzine,Manual,1600,Sedan,130000.0,1,0,0,0,0,0,0,0,0,0,0,0,0,0,0,0,0,0,0,0,0
Daewoo,Juliet,225000,1999,Benzine,Automatic,1600,Hatchback,260000.0,1,0,1,0,0,0,0,0,1,0,0,0,0,0,0,0,0,0,0,0,0
Seat,Leon,168000,2020,Benzine,Automatic,1600,Hatchback,945000.0,1,1,0,0,0,1,0,0,0,0,0,0,0,0,0,0,0,0,0,0,0
Renault,14,197000,2014,Benzine,Manual,1600,Hatchback,340000.0,1,0,1,0,0,0,0,0,1,0,0,0,0,0,0,0,0,0,0,0,0
Daewoo,Lanos,242000,2005,Benzine,Manual,1500,Sedan,255000.0,0,1,1,0,0,0,0,0,0,0,0,0,0,0,0,0,0,1,0,0,0
Renault,Logan,182000,2013,Benzine,Automatic,1600,Sedan,350000.0,1,0,1,0,1,0,0,0,0,0,0,0,0,0,0,0,0,0,0,0,0
Daewoo,Lanos,255000,2004,Benzine,Manual,1500,Sedan,265000.0,1,0,1,0,0,0,0,0,0,0,0,0,0,0,0,0,0,0,0,0,0
Mitsubishi,Lancer,140000,2016,Benzine,Automatic,1600,Sedan,590000.0,1,0,0,0,0,0,0,0,0,0,0,0,0,0,0,0,0,0,0,0,0
Mercedes-Benz,GLK,290000,2015,Benzine,Automatic,2000,4X4,1400000.0,0,0,0,0,0,0,0,0,0,0,0,0,0,0,0,0,0,0,0,0,0
Chevrolet,Optra,20000,2022,Benzine,Automatic,1500,Sedan,600000.0,1,1,0,0,0,0,0,1,0,0,0,0,0,0,0,0,0,0,0,0,0
Fiat,Tipo,12000,2022,Benzine,Automatic,1600,Sedan,850000.0,0,1,0,0,0,0,0,0,0,0,0,0,0,0,0,0,0,0,0,0,0
Jeep,Cherokee,238000,2012,Benzine,Automatic,3700,4X4,850000.0,1,0,0,0,0,0,0,0,0,0,0,0,0,0,0,0,0,0,0,0,0
Suzuki,Alto,71000,2022,Benzine,Manual,1000,Van / Bus,440000.0,1,0,1,0,0,0,0,0,0,0,0,0,0,0,0,0,0,0,0,0,0
Hyundai,Santa Fe,250000,2009,Benzine,Automatic,2700,SUV,750000.0,1,1,0,0,0,0,0,0,0,0,0,0,0,0,0,0,0,1,0,0,0
Seat,Leon,285000,2018,Benzine,Automatic,1200,Hatchback,775000.0,1,0,0,0,0,0,0,0,0,0,0,0,0,0,0,0,0,0,0,0,0
BMW,X1,73000,2019,Benzine,Automatic,2000,SUV,1580000.0,1,0,0,0,0,0,0,0,0,0,0,0,0,0,0,0,0,0,0,0,0
Daewoo,Lanos,190000,2006,Benzine,Manual,1500,Sedan,250000.0,1,0,1,0,1,0,0,0,1,0,0,0,0,0,0,0,0,0,0,0,0
BMW,520,200000,2014,Benzine,Automatic,2000,Sedan,1050000.0,0,0,0,0,0,0,0,0,0,0,0,0,0,0,0,0,0,0,0,0,0
Renault,Megane,185000,2008,Benzine,Automatic,1600,Convertible,570000.0,1,0,1,0,0,0,0,0,0,1,0,0,0,0,0,0,0,1,1,0,0
Renault,Sandero Stepway,171000,2019,Benzine,Automatic,1600,SUV,575000.0,0,0,0,0,0,0,0,0,0,0,1,0,0,0,0,0,0,0,0,0,0
Fiat,Tipo,68000,2020,Benzine,Automatic,1600,Sedan,780000.0,0,0,1,0,1,0,1,0,0,1,1,0,0,1,0,1,0,0,1,0,1
Mercedes-Benz,Other,200000,1985,Benzine,Automatic,3000,Sedan,160000.0,1,0,1,0,0,0,0,0,0,0,0,0,0,0,0,0,0,0,0,0,0
Mercedes-Benz,E320,284000,2003,Benzine,Automatic,3200,Sedan,775000.0,1,1,1,0,0,0,0,1,0,0,0,1,0,0,0,0,0,0,0,0,0
Mercedes-Benz,C180,217000,2012,Benzine,Automatic,1700,Sedan,1100000.0,0,1,1,0,0,1,0,0,1,0,0,0,0,0,0,0,0,0,0,0,0
Volkswagen,Jetta,120000,2014,Benzine,Automatic,1400,Sedan,875000.0,0,1,0,0,0,0,0,0,0,0,0,0,0,0,0,1,1,0,0,0,0
Volkswagen,Tiguan,80000,2023,Benzine,Automatic,1400,Estate,1750000.0,0,1,0,0,0,0,0,0,0,0,0,0,0,0,0,0,0,0,0,0,0
Daewoo,Lanos,168000,2006,Benzine,Manual,1600,Sedan,265000.0,1,0,1,0,1,0,0,0,0,0,0,0,0,0,0,0,0,1,0,0,0
Jeep,Renegade,80000,2018,Benzine,Automatic,1400,SUV,1050000.0,0,0,0,0,0,0,0,0,0,0,0,0,0,0,0,0,0,0,0,0,0
Chery,Tiggo 7,34000,2024,Benzine,Automatic,1500,SUV,870000.0,1,0,0,0,0,0,0,0,0,0,0,0,0,0,0,0,0,0,0,0,0
Audi,A3,103000,2020,Benzine,Automatic,1000,Sedan,1100000.0,1,0,0,0,0,0,0,0,0,0,0,0,0,0,0,0,0,0,0,0,0
MG,RX5,68000,2024,Benzine,Automatic,1500,SUV,1100000.0,1,0,0,0,0,0,0,0,0,0,0,0,0,0,0,0,0,0,0,0,1
Chery,Tiggo 3,118000,2018,Benzine,Automatic,1600,SUV,550000.0,1,0,1,0,0,0,0,0,1,0,0,0,0,0,0,0,0,0,0,1,0
Fiat,Ritmo,240000,1994,Benzine,Manual,1600,Hatchback,255000.0,0,1,1,0,0,0,0,0,0,0,0,0,0,0,0,0,0,0,0,0,0
Seat,Ibiza,131000,2018,Benzine,Automatic,1600,Hatchback,680000.0,0,0,0,0,0,0,0,0,0,0,0,0,0,0,0,0,0,0,0,0,0
Volkswagen,Jetta,237000,2009,Benzine,Automatic,1600,Sedan,420000.0,0,0,1,1,0,0,0,0,0,0,0,0,0,0,0,0,0,0,0,0,0
Mitsubishi,Lancer,220000,1998,Benzine,Manual,1300,Sedan,255000.0,0,1,1,0,0,0,0,0,0,0,0,0,0,0,0,0,0,1,0,0,1
Nissan,Juke,136000,2016,Benzine,Automatic,1600,SUV,650000.0,0,0,0,0,0,0,0,0,0,0,0,0,0,0,0,0,0,0,0,0,0
BMW,X3,114000,2015,Benzine,Automatic,2000,SUV,1300000.0,1,0,0,0,0,0,0,0,0,0,0,0,0,0,0,0,0,0,0,0,0
Chevrolet,Lanos,206000,2013,Benzine,Manual,1500,Sedan,285000.0,0,0,0,0,0,0,0,0,0,0,0,0,0,0,0,0,0,0,0,0,0
Skoda,Felecia,198888,1995,Diesel,Manual,1500,Hatchback,105000.0,0,1,0,0,0,0,0,0,0,0,0,0,0,0,0,0,0,0,0,0,0
Speranza,A516,255000,2010,Natural Gas,Manual,1600,Sedan,200000.0,0,0,1,0,0,0,0,0,0,0,0,0,0,0,0,0,0,1,0,0,0
Hyundai,Elantra,108000,2024,Benzine,Automatic,1600,Sedan,1360000.0,1,1,0,0,0,0,0,1,0,1,1,0,1,0,1,0,0,0,0,0,0
Mercedes-Benz,C180,140000,2013,Benzine,Automatic,1600,Sedan,1225000.0,0,1,0,0,0,0,0,0,0,0,0,0,0,0,0,0,0,0,0,0,0
Kia,Sportage,195000,2022,Benzine,Automatic,1600,SUV,1280000.0,1,0,0,0,0,0,0,0,0,0,0,0,0,0,0,0,0,0,0,0,0
Peugeot,3008,126000,2020,Benzine,Automatic,1600,SUV,1050000.0,0,1,0,0,0,0,0,0,0,0,0,0,0,0,0,0,0,1,0,0,0
Kia,Sportage,26000,2021,Benzine,Automatic,1600,SUV,1400000.0,1,1,0,0,0,1,0,0,0,0,0,0,0,0,1,0,0,0,0,0,1
Ford,Focus,29000,2023,Benzine,Automatic,1500,Sedan,990000.0,1,0,0,0,0,1,0,0,0,1,1,0,1,0,0,1,1,0,1,0,0
Mercedes-Benz,B160,252000,2010,Benzine,Automatic,1500,Hatchback,425000.0,1,1,1,0,0,0,0,0,0,0,0,0,0,0,0,0,0,0,0,1,0
Renault,Logan,150000,2018,Benzine,Automatic,1600,Sedan,430000.0,1,0,0,0,0,0,0,0,0,0,0,0,0,0,0,1,1,0,0,0,0
Mercedes-Benz,C180,166000,2012,Benzine,Automatic,1600,Estate,1195000.0,1,0,0,0,1,0,0,0,0,0,0,0,0,0,0,0,0,1,0,0,0
Renault,Logan,83500,2016,Benzine,Automatic,1600,Sedan,350000.0,1,0,1,0,0,0,0,0,0,0,0,0,0,0,0,0,0,0,0,0,0
Opel,Vectra,191000,1995,Benzine,Automatic,2000,Sedan,180000.0,1,0,0,0,0,0,0,0,0,0,0,0,0,0,0,0,0,0,0,0,0
Suzuki,Van,72000,2016,Benzine,Manual,1000,Van / Bus,288000.0,1,0,1,0,0,0,0,0,0,0,0,0,0,0,0,0,0,0,0,0,0
Kia,Sportage,92000,2020,Benzine,Automatic,1600,SUV,1450000.0,1,0,0,0,0,0,0,0,0,0,0,0,0,0,0,0,0,0,0,0,0
Kia,Sportage,18000,2025,Benzine,Automatic,1600,Hatchback,1600000.0,1,0,0,0,0,0,0,0,0,0,0,0,0,0,0,0,0,0,0,0,0
Opel,Astra,245000,2004,Benzine,Automatic,1600,Sedan,335000.0,0,0,1,0,1,0,0,0,1,0,0,0,0,0,0,0,0,1,0,0,0
Proton,Gen-2,320000,2006,Benzine,Automatic,1600,Sedan,335000.0,1,0,1,0,0,0,0,0,0,0,0,0,0,0,0,0,0,0,0,0,0
Opel,Astra,180000,2018,Benzine,Automatic,1600,Sedan,610000.0,1,0,0,0,0,0,0,0,0,0,0,0,0,0,0,0,0,0,0,0,0
Fiat,Tempra,220000,1991,Benzine,Manual,1600,Sedan,145000.0,0,0,0,0,0,0,0,0,0,0,0,0,0,0,0,0,0,0,0,0,0
Opel,Vectra,350,1997,Benzine,Automatic,1800,Sedan,240000.0,0,0,0,0,0,0,0,0,0,0,0,0,0,0,0,0,0,0,0,0,0
Suzuki,Van,196000,2019,Benzine,Manual,1000,Van / Bus,385000.0,0,0,0,0,0,0,0,0,0,0,0,0,0,0,0,0,0,0,0,0,0
Suzuki,Swift,200000,1993,Benzine,Manual,1300,Sedan,140000.0,0,1,1,0,1,0,0,0,0,0,0,0,0,0,0,0,0,0,0,0,0
Peugeot,106,250000,1994,Benzine,Manual,1400,Hatchback,110000.0,1,0,1,0,0,0,0,0,0,0,0,0,0,0,0,0,0,0,0,0,0
Daihatsu,Charade,148,2004,Benzine,Automatic,1000,Hatchback,305000.0,0,0,1,0,0,0,0,0,0,0,0,0,0,0,0,0,0,0,0,0,0
BMW,318,127000,2017,Benzine,Automatic,1500,Sedan,1300000.0,0,0,1,0,0,0,0,0,0,0,0,0,0,0,0,0,0,0,0,0,0
Opel,Astra,300000,2000,Benzine,Manual,1200,Sedan,190000.0,1,0,1,0,0,0,0,0,0,0,0,0,0,0,0,0,0,1,0,0,0
Chevrolet,Optra,200000,2007,Benzine,Manual,1600,Sedan,320000.0,0,0,0,0,0,0,0,0,0,0,0,0,0,0,0,0,0,1,0,0,0
BMW,X4,109000,2018,Benzine,Automatic,3000,SUV,2550000.0,1,0,0,0,0,0,0,0,0,0,0,0,0,0,0,0,0,0,0,0,0
Nissan,Qashqai,120000,2019,Benzine,Automatic,1200,SUV,860000.0,0,0,0,0,0,0,0,0,0,0,0,0,0,0,0,0,0,0,0,0,0
BMW,318,181000,2017,Benzine,Automatic,1400,Sedan,1100000.0,1,0,1,0,0,0,0,0,0,0,0,0,0,0,0,0,0,0,0,0,0
Jeep,Wrangler,340,2016,Benzine,Automatic,3500,4X4,1350000.0,1,0,0,0,0,0,0,0,0,0,0,0,0,0,0,0,0,0,0,0,0
Seat,Ibiza,115000,2020,Benzine,Automatic,1600,Hatchback,900000.0,1,0,0,0,0,1,0,0,0,0,0,0,0,0,0,0,0,0,0,0,0
Proton,Persona,130000,2011,Benzine,Automatic,1600,Sedan,380000.0,1,0,1,1,0,0,0,0,1,0,0,1,0,0,0,0,1,0,0,0,0
Daihatsu,Terios,250,2008,Benzine,Automatic,1500,4X4,470000.0,1,0,0,0,0,0,0,0,0,0,0,0,0,0,0,1,0,0,0,0,0
Fiat,Tempra,250000,1990,Benzine,Manual,1600,MPV,100000.0,0,1,1,0,0,0,0,0,0,0,0,0,0,0,0,0,0,0,0,0,0
BYD,F3,153000,2019,Benzine,Manual,1500,Sedan,300000.0,0,0,1,1,0,0,0,0,0,0,0,0,0,0,0,0,0,1,0,0,0
Kia,Carens,175000,2014,Benzine,Automatic,1600,SUV,750000.0,0,0,0,0,0,0,0,0,0,0,0,0,0,0,0,0,0,0,0,0,0
Skoda,Fantasia,220000,2010,Benzine,Automatic,1600,Sedan,570000.0,0,0,1,0,0,0,0,0,0,0,0,0,1,0,0,0,0,0,0,0,0
Fiat,Uno,145000,2000,Benzine,Manual,1000,Hatchback,140000.0,0,0,0,0,0,0,0,0,0,0,0,0,0,0,0,0,0,0,0,0,0
BMW,316,432500,1997,Benzine,Manual,1600,Sedan,265000.0,1,0,1,0,0,0,0,0,0,0,0,0,0,0,0,0,0,0,0,1,0
Fiat,Tempra,200000,2000,Benzine,Manual,1600,Sedan,125000.0,1,0,0,0,1,0,0,0,0,0,0,0,0,0,0,0,0,0,0,0,0
Seat,Ibiza,10000,2024,Benzine,Automatic,1600,Hatchback,1350000.0,1,1,0,0,0,0,0,0,0,0,0,0,0,0,0,0,0,0,0,0,0
Geely,Emgrand X7,95000,2019,Benzine,Automatic,1299,Hatchback,700000.0,0,0,0,0,0,0,0,0,0,0,0,0,0,0,0,0,0,0,0,0,0
Skoda,Felecia,250000,1998,Benzine,Manual,1300,Hatchback,130000.0,1,0,1,0,0,0,0,0,0,0,0,0,0,0,0,0,0,0,0,0,0
Jeep,Wrangler,290000,2013,Benzine,Automatic,3700,4X4,1100000.0,1,0,0,0,0,0,0,0,0,0,0,0,0,0,0,0,0,0,0,0,0
Volkswagen,Passat,108000,2013,Benzine,Automatic,1400,Sedan,900000.0,1,0,0,0,0,0,0,0,0,0,0,0,0,0,0,0,0,0,0,0,0
BMW,523,346000,1999,Benzine,Automatic,2500,Sedan,550000.0,1,0,0,0,0,0,0,0,0,0,0,0,0,0,0,0,0,0,0,0,0
BMW,318,156000,2018,Benzine,Automatic,1500,Sedan,1150000.0,0,0,0,0,0,0,0,0,0,0,0,0,0,0,0,0,0,0,0,0,0
Speranza,M12,188000,2011,Benzine,Manual,1600,Hatchback,250000.0,1,0,0,0,0,0,0,0,0,0,0,0,0,0,0,0,0,1,0,0,0
Mitsubishi,Lancer,1000,1993,Benzine,Manual,1300,Sedan,165000.0,0,0,0,0,0,0,0,0,0,0,0,0,0,0,0,0,0,0,0,0,0
Opel,Insignia,120000,2020,Benzine,Automatic,1600,Sedan,1200000.0,0,0,0,0,0,0,0,0,0,0,0,0,0,0,0,0,0,0,0,0,0
Kia,Sportage,150000,2019,Benzine,Automatic,1600,SUV,1270000.0,1,0,0,0,0,1,0,0,0,0,0,0,0,0,1,0,0,0,0,0,0
Opel,Astra,230000,2007,Benzine,Automatic,1600,Hatchback,330000.0,0,0,0,0,0,0,0,0,0,0,0,0,0,0,0,0,0,0,0,0,0
Peugeot,308,115000,2011,Natural Gas,Automatic,1600,Convertible,785000.0,1,0,0,0,0,0,0,0,0,0,0,0,0,0,0,0,0,0,0,0,0
Peugeot,307 SW,35000,2008,Benzine,Automatic,1600,Hatchback,400000.0,1,0,1,0,0,0,0,1,0,0,0,0,0,0,0,0,0,1,0,0,0
Speranza,A113,1000,2008,Benzine,Manual,1300,Hatchback,180000.0,1,0,1,0,0,0,0,0,1,0,0,0,0,0,0,0,0,1,0,0,0
BMW,X3,140000,2015,Benzine,Automatic,3000,4X4,1400000.0,0,1,0,0,1,0,0,1,1,0,0,0,0,0,1,1,0,0,0,0,0
MG,MG 5,111500,2021,Benzine,Automatic,1500,Sedan,690000.0,1,0,0,0,0,0,0,0,0,0,0,0,0,0,0,0,0,0,0,0,0
Opel,Corsa,11000,2021,Benzine,Automatic,1200,Hatchback,850000.0,1,0,0,0,0,0,0,0,0,0,0,0,0,0,0,0,0,0,0,0,0
Nissan,Sunny,300000,2011,Benzine,Automatic,1600,Sedan,485000.0,0,0,0,0,0,0,0,0,0,0,0,0,0,0,0,0,0,0,0,0,0
Speranza,A113,120000,2010,Diesel,Manual,1300,Hatchback,230000.0,0,0,1,0,1,0,0,0,1,0,0,0,0,0,0,0,0,1,0,0,0
Kia,Sportage,92000,2020,Benzine,Automatic,1600,SUV,1350000.0,0,1,0,0,0,0,0,0,1,0,0,0,0,0,0,0,0,0,0,0,0
Chevrolet,Lanos,200000,2009,Benzine,Manual,1500,Sedan,220000.0,0,0,0,0,0,0,0,0,0,0,0,0,0,0,0,0,0,0,0,0,0
Hyundai,Verna,216000,2008,Benzine,Manual,1500,Sedan,270000.0,1,0,1,0,0,0,0,0,0,0,0,0,0,0,0,0,0,0,0,0,0
Daewoo,Nubira,260000,2006,Benzine,Manual,1500,Sedan,265000.0,1,0,1,0,0,0,0,0,0,0,1,0,0,0,0,0,0,0,0,0,0
MG,MG 5,50000,2021,Benzine,Automatic,1500,Sedan,770000.0,1,1,1,0,1,0,0,0,0,0,0,0,0,0,0,0,0,0,0,0,0
BMW,318,106000,2018,Benzine,Automatic,1500,Sedan,1550000.0,1,0,0,0,0,0,0,0,0,0,0,0,0,0,0,0,0,0,0,1,0
Fiat,Petra,200000,2003,Benzine,Manual,1600,Sedan,150000.0,0,0,0,0,0,0,0,0,0,0,0,0,0,0,0,0,0,0,0,0,0
Renault,Logan,313000,2016,Benzine,Automatic,1600,Sedan,380000.0,0,0,0,0,0,0,0,0,0,0,0,0,0,0,0,0,0,0,0,0,0
Kia,Sportage,97000,2020,Benzine,Automatic,1600,Hatchback,1950000.0,0,1,0,0,0,0,0,0,0,0,1,1,0,0,0,1,1,1,0,0,0
Renault,Fluence,190000,2015,Benzine,Automatic,1600,Sedan,490000.0,1,0,0,0,0,0,0,0,0,0,0,0,0,0,0,0,0,0,0,0,0
Renault,Sandero Stepway,105000,2017,Benzine,Automatic,1600,Hatchback,480000.0,1,0,0,0,0,0,1,0,0,0,0,0,0,0,0,0,0,0,0,0,0
Speranza,M11,75000,2012,Benzine,Manual,1600,Sedan,300000.0,1,0,0,0,0,0,0,0,0,0,0,0,0,0,0,0,0,0,0,0,0
Geely,Emgrand 7,146000,2017,Benzine,Manual,1500,Estate,290000.0,0,0,0,0,0,0,0,0,0,0,0,0,0,0,0,0,0,0,0,0,0
Seat,Leon,10000,2018,Benzine,Automatic,2000,Hatchback,1200000.0,0,0,0,0,0,0,0,0,0,0,0,0,0,0,0,0,0,1,0,0,0
Kia,Cerato,158000,2016,Benzine,Automatic,1500,Sedan,730000.0,1,0,1,0,1,0,0,0,1,1,0,1,0,1,0,0,0,0,0,0,0
Toyota,Corolla,121000,2021,Benzine,Automatic,1600,Sedan,1065000.0,0,0,0,0,0,0,0,0,0,0,0,0,0,0,0,0,0,0,0,0,0
BMW,520,166000,2019,Benzine,Automatic,2000,Sedan,2100000.0,1,0,1,0,0,0,0,0,0,0,0,0,0,0,0,0,0,0,0,0,0
Hyundai,Verna,114000,2004,Benzine,Manual,1600,Sedan,330000.0,1,0,1,0,0,0,0,0,1,0,0,0,0,0,0,0,0,1,0,0,0
Proton,Gen-2,245000,2008,Benzine,Manual,1600,Sedan,320000.0,1,0,0,0,0,0,0,0,0,0,0,0,0,0,0,0,0,0,0,0,0
Toyota,Corolla,116000,2017,Benzine,Automatic,1600,Sedan,1000000.0,0,0,0,0,0,0,0,0,1,0,0,0,0,0,0,0,0,0,0,0,0
Hyundai,Accent,105000,2017,Benzine,Automatic,1600,Sedan,615000.0,1,1,0,0,0,0,0,1,0,1,0,1,0,0,0,0,0,0,0,0,0
Opel,Vectra,169000,2008,Benzine,Automatic,1600,Sedan,460000.0,0,0,0,0,1,0,0,0,0,0,0,0,0,0,0,0,0,0,0,0,0
Peugeot,3008,30000,2022,Benzine,Automatic,1600,Hatchback,1600000.0,0,1,0,0,0,0,0,0,0,0,0,0,0,0,0,0,0,0,0,0,0
Nissan,Maxima,100000,2000,Benzine,Automatic,2000,Sedan,260000.0,0,0,0,0,0,0,0,0,0,0,0,0,0,0,0,0,0,0,0,0,0
Chevrolet,Cruze,132000,2016,Benzine,Automatic,1600,Sedan,490000.0,1,0,0,0,1,0,0,0,0,0,0,0,0,0,0,1,1,0,1,0,0
Fiat,Punto,200000,2009,Benzine,Manual,1300,Hatchback,300000.0,1,0,1,0,1,0,0,0,1,1,0,0,0,0,0,0,0,1,0,0,0
BMW,316,84000,2010,Benzine,Automatic,1600,Sedan,875000.0,0,0,0,0,1,0,0,0,0,0,0,0,0,0,0,0,0,0,0,0,0
Land Rover,LR4,221000,2016,Benzine,Automatic,2997,4X4,2100000.0,1,0,0,0,0,0,0,1,0,1,1,0,1,0,0,1,0,1,0,0,0
Nissan,Sunny,210000,2010,Benzine,Automatic,1600,Sedan,360000.0,1,0,0,0,0,0,0,0,0,0,0,0,0,0,0,0,0,0,0,0,0
Mitsubishi,Lancer,190000,2014,Benzine,Automatic,1600,Sedan,575000.0,0,1,0,0,1,0,0,0,0,0,0,0,0,0,0,0,0,0,0,0,0
Mercedes-Benz,C180,86000,2018,Benzine,Automatic,1600,Sedan,2150000.0,0,0,0,0,0,0,0,0,0,0,0,0,0,0,0,0,0,0,0,0,0
Kia,Xceed,12000,2025,Benzine,Automatic,1500,SUV,1320000.0,1,0,0,0,0,0,0,1,0,0,1,1,0,0,0,0,1,1,0,0,0
Renault,Logan,136000,2013,Benzine,Manual,1600,Sedan,285000.0,1,0,1,0,0,0,0,0,0,0,0,0,0,0,0,0,0,0,0,1,0
Renault,Logan,108000,2012,Benzine,Manual,1600,Sedan,280000.0,1,0,1,0,1,0,0,0,0,0,0,0,0,0,0,0,0,0,0,0,1
Kia,Rio,250000,2003,Benzine,Manual,1300,Sedan,200000.0,1,0,0,0,0,0,0,0,0,1,0,1,0,1,0,0,0,1,0,0,0
Nissan,Sunny,250000,2008,Benzine,Automatic,1600,Sedan,410000.0,1,0,1,0,0,0,0,0,0,0,0,0,0,0,0,0,0,0,0,0,0
Hyundai,IX35,195000,2016,Benzine,Automatic,1600,SUV,800000.0,1,0,0,0,0,0,0,0,0,0,0,0,0,0,0,0,0,0,0,0,0
Toyota,Corolla,100000,1982,Benzine,Automatic,1500,Sedan,125000.0,0,0,0,0,0,0,0,0,0,0,0,0,0,0,0,0,0,0,0,1,0
Volkswagen,Golf,136000,2015,Benzine,Automatic,1200,Hatchback,850000.0,1,0,0,0,0,0,0,0,0,0,0,0,0,0,0,0,0,0,0,0,0
Toyota,Corolla,400000,1993,Benzine,Manual,1300,Sedan,260000.0,1,0,0,0,0,0,0,0,0,0,0,0,0,0,0,0,0,0,0,0,0
Kia,Sportage,21000,2024,Benzine,Automatic,1600,SUV,1775000.0,0,0,0,0,0,0,0,1,0,0,0,0,0,0,0,0,0,0,0,0,0
Kia,Pride,215000,2001,Benzine,Automatic,1300,Sedan,220000.0,1,0,0,0,0,0,0,0,0,0,0,0,0,0,0,0,0,1,0,0,1
Hyundai,Excel,500000,1997,Benzine,Manual,1300,Sedan,105000.0,0,0,0,0,0,0,0,0,0,0,0,0,0,0,0,0,0,0,0,0,0
Peugeot,307 SW,168000,2007,Benzine,Automatic,1600,Hatchback,450000.0,0,0,0,0,0,0,0,0,0,0,0,0,0,0,0,0,0,0,0,0,0
Chery,QQ,123000,2009,Benzine,Manual,1100,Hatchback,135000.0,0,0,0,0,0,0,0,0,0,0,0,0,0,0,0,0,0,1,0,0,0
Hyundai,Accent,170000,2002,Benzine,Manual,1300,Sedan,180000.0,1,0,1,0,1,0,0,0,0,0,0,0,0,0,0,0,0,0,0,0,0
Proton,Waja,300000,2006,Benzine,Manual,1500,Sedan,200000.0,0,0,0,0,0,0,0,0,0,0,0,0,0,0,0,0,0,1,0,0,0
Nissan,Pickup,9999,2007,Diesel,Manual,2500,Pickup,360000.0,0,0,0,0,0,0,0,0,0,0,0,0,0,0,0,0,0,0,0,0,0
Skoda,Fantasia,125000,2012,Benzine,Automatic,1600,Sedan,790000.0,1,1,0,0,0,0,0,0,0,0,0,0,0,0,0,0,0,0,0,0,0
Volkswagen,Tiguan,62000,2023,Benzine,Automatic,1400,SUV,1780000.0,0,0,0,0,0,0,0,1,0,0,0,0,0,0,0,0,0,0,0,0,0
Mercedes-Benz,C180,77000,2020,Benzine,Automatic,1800,Sedan,1850000.0,0,0,1,0,1,0,0,0,0,0,0,0,0,0,0,0,0,0,0,0,0
Daewoo,Nubira,289000,2003,Benzine,Manual,1600,Sedan,234000.0,1,0,1,0,0,0,0,0,0,0,0,0,0,0,0,0,0,1,0,1,0
Brilliance,FRV Cross,150000,2013,Benzine,Manual,1500,Hatchback,330000.0,0,0,1,0,0,0,0,0,1,0,0,0,0,0,0,0,1,1,1,0,0
Skoda,Octavia,340000,2008,Benzine,Automatic,1600,Sedan,445000.0,1,1,1,0,0,0,0,0,1,1,0,1,0,0,0,0,1,0,0,0,0
Seat,Ibiza,500000,2001,Benzine,Manual,1400,Hatchback,250000.0,1,0,0,0,0,0,0,0,0,0,0,0,0,0,0,0,0,0,0,0,0
Hyundai,Avante,179,2000,Benzine,Automatic,1500,Sedan,360000.0,1,0,1,0,0,0,0,0,1,0,0,0,0,0,0,0,0,0,0,0,0
Skoda,Felecia,285000,1997,Benzine,Manual,1300,Hatchback,130000.0,1,0,1,0,0,0,0,0,1,0,0,0,0,0,0,0,0,0,0,0,0
Land Rover,LR3,330000,2007,Benzine,Automatic,4000,4X4,1050000.0,0,0,1,0,1,0,0,1,0,0,1,0,0,1,0,1,1,1,0,0,0
Chevrolet,Aveo,160000,2017,Benzine,Automatic,1500,Sedan,450000.0,1,0,0,0,0,0,0,0,0,0,0,0,0,0,0,0,0,1,1,0,0
Ford,Mustang,98000,2011,Benzine,Automatic,5000,Convertible,2000000.0,0,0,0,0,0,0,0,0,0,0,0,0,0,0,0,0,0,0,0,0,0
Seat,Cordoba,289000,2002,Benzine,Manual,1400,Sedan,260000.0,1,0,1,0,0,0,0,0,1,0,0,0,0,0,0,0,0,0,1,0,0
Opel,Astra,120000,2019,Benzine,Automatic,1400,Sedan,690000.0,1,0,0,0,0,1,0,0,0,0,0,0,0,0,0,0,0,0,0,0,0
Hyundai,Tucson,115000,2022,Benzine,Automatic,1600,SUV,1230000.0,1,1,0,0,0,0,0,0,0,0,0,0,0,0,0,0,0,0,0,0,0
Mitsubishi,Other,316500,1989,Benzine,Manual,2500,Pickup,150000.0,1,0,0,0,0,0,0,0,0,0,0,0,0,0,0,0,0,0,0,0,0
Fiat,Tipo,221000,2021,Benzine,Automatic,1600,Sedan,690000.0,0,1,0,0,0,0,0,0,0,0,0,0,0,0,0,0,1,1,1,0,0
Subaru,Impreza,106000,2019,Benzine,Automatic,1600,Sedan,850000.0,1,1,0,0,0,0,0,0,0,0,0,0,1,0,0,0,0,0,0,0,0
Renault,Logan,250000,2016,Benzine,Automatic,1600,Sedan,160000.0,0,0,0,0,0,0,0,0,0,0,0,0,0,0,0,0,0,0,0,0,0
Changan,Alsvin,30000,2022,Benzine,Automatic,1500,Sedan,550000.0,1,0,1,0,0,0,0,0,1,0,0,0,0,0,0,0,0,0,0,0,0
BMW,320,199000,2007,Benzine,Automatic,2000,Sedan,610000.0,1,1,1,0,0,0,0,0,1,0,0,0,0,0,0,0,0,0,0,0,0
Ford,Focus,250000,2006,Benzine,Automatic,1600,Sedan,350000.0,1,0,1,0,1,0,0,0,1,1,0,0,0,0,0,0,0,0,0,0,0
Chery,Arrizo 5,290000,2019,Benzine,Automatic,1500,Sedan,390000.0,0,0,0,0,0,0,0,0,0,0,0,0,0,0,0,0,0,0,0,0,0
Fiat,Tipo,170000,2019,Benzine,Manual,1400,Sedan,520000.0,1,0,0,0,0,0,0,0,0,0,0,0,0,0,0,0,0,0,0,0,0
Kia,Cerato Coupe,235000,2011,Benzine,Automatic,1600,Sports / Coupe,545000.0,1,0,1,0,1,0,0,0,1,0,0,0,0,0,0,0,0,0,0,0,0
Mercedes-Benz,C180,148000,2013,Benzine,Automatic,1600,Sedan,1220000.0,1,0,1,0,1,1,1,0,1,1,1,0,0,0,0,0,0,1,0,1,0
Hyundai,Verna,102000,2013,Benzine,Manual,1600,Sedan,340000.0,0,0,0,0,0,0,0,0,0,1,0,0,0,0,0,0,0,0,1,0,0
Volkswagen,Jetta,160000,1985,Benzine,Manual,1600,Sedan,160000.0,0,0,0,0,1,0,0,0,0,0,0,0,0,0,0,0,0,0,0,0,0
Honda,Civic,300000,2008,Benzine,Automatic,1600,Sedan,565000.0,1,0,1,0,0,0,0,0,0,0,0,0,0,0,0,0,0,0,0,0,0
Nissan,Sunny,190000,1994,Benzine,Manual,1600,Sedan,150000.0,1,0,0,0,0,0,0,0,0,0,0,0,0,0,0,0,0,0,0,0,0
Skoda,Felecia,140000,1997,Benzine,Manual,1200,Hatchback,120000.0,0,0,0,0,0,0,0,0,0,0,0,0,0,0,0,0,0,0,0,0,0
Cupra,Formentor,11000,2024,Benzine,Automatic,1500,SUV,2050000.0,1,1,0,0,0,0,0,0,0,0,0,0,0,0,0,0,0,0,0,0,0
Chevrolet,Optra,150000,2020,Benzine,Automatic,1500,Sedan,600000.0,0,0,0,0,0,0,0,0,0,0,0,0,0,0,0,0,0,0,0,0,0
Jac,A10,100000,2013,Benzine,Manual,1000,Hatchback,170000.0,0,0,0,0,0,0,0,0,0,0,0,0,0,0,0,0,0,0,0,0,0
Renault,Duster,170000,2012,Benzine,Automatic,1600,Hatchback,430000.0,0,0,1,0,0,0,0,0,0,0,0,0,0,0,0,0,0,0,0,0,0
Brilliance,Galena,135000,2009,Benzine,Automatic,2000,Sedan,320000.0,0,0,1,0,0,0,0,0,0,0,0,0,0,0,0,0,0,0,0,0,0
Volkswagen,Jetta,182000,2012,Benzine,Automatic,1400,Sedan,650000.0,1,0,1,0,0,0,0,0,0,0,0,0,0,0,0,0,0,0,0,0,0
Mercedes-Benz,B200,28000,2023,Benzine,Automatic,1500,SUV,2200000.0,0,0,0,0,0,0,0,0,0,1,1,0,0,0,0,0,0,1,0,0,0
Toyota,Corolla,145000,2009,Benzine,Automatic,1600,Sedan,585000.0,0,0,0,0,0,0,0,0,0,0,0,0,0,0,0,1,1,0,0,0,0
Chevrolet,Pickup/Dababa,417724,2007,Diesel,Manual,2500,Pickup,400000.0,0,0,0,0,0,0,0,0,0,0,0,0,0,0,0,0,0,0,0,0,0
Mercedes-Benz,B150,188000,2009,Benzine,Automatic,1500,SUV,500000.0,1,0,1,0,1,0,0,0,1,1,0,0,0,0,0,0,0,0,0,0,0
Peugeot,5008,141000,2020,Benzine,Automatic,1600,Hatchback,1200000.0,1,0,0,0,0,1,0,0,0,0,0,0,0,0,0,0,0,0,0,0,0
Jeep,Wrangler,250000,1997,Benzine,Manual,4100,4X4,520000.0,0,0,0,0,0,0,0,0,1,0,0,0,0,0,0,0,0,1,0,0,0
Daewoo,Lanos,200000,1999,Benzine,Manual,1500,Sedan,280000.0,1,0,0,0,0,0,0,0,0,0,0,0,0,0,0,0,0,0,0,0,0
Chevrolet,Optra,223000,2007,Benzine,Automatic,1600,Sedan,360000.0,1,0,1,0,0,0,0,0,0,0,0,0,0,0,0,0,0,0,0,0,0
Suzuki,Swift,70000,2022,Benzine,Automatic,1200,Hatchback,620000.0,0,0,0,0,0,0,0,0,0,0,0,0,0,0,0,0,0,0,0,0,0
Mercedes-Benz,C180,245000,2007,Diesel,Automatic,1800,Sedan,650000.0,1,0,1,0,1,0,0,0,0,0,0,0,0,0,0,0,0,0,0,0,0
BMW,318,250000,2005,Benzine,Manual,2500,Sedan,525000.0,0,0,0,0,0,0,0,0,0,0,0,0,0,0,0,0,0,0,0,0,0
Mitsubishi,Mirage,130000,2000,Benzine,Automatic,1500,Sedan,295000.0,0,0,1,0,0,0,0,0,0,0,0,0,0,0,0,0,0,1,0,0,0
Jeep,Renegade,97000,2016,Benzine,Automatic,1400,SUV,860000.0,1,0,0,0,0,0,0,0,0,0,0,0,0,0,0,0,0,0,0,0,0
Daihatsu,Terios,350000,2007,Benzine,Automatic,1500,4X4,440000.0,1,0,0,0,0,0,0,0,0,0,0,0,0,0,0,0,0,0,0,0,0
Renault,Logan,200000,2015,Benzine,Automatic,1600,Sedan,400000.0,1,0,0,0,0,0,0,0,0,0,0,0,0,0,0,0,0,0,0,0,0
Skoda,Fabia,165000,2002,Benzine,Manual,1400,Hatchback,255000.0,0,0,0,0,1,0,0,0,0,0,0,0,0,0,0,0,0,0,0,0,0
Chery,Tiggo 8,59600,2024,Benzine,Automatic,1500,SUV,935000.0,0,0,0,0,0,0,0,0,0,0,0,0,0,0,0,0,0,0,0,1,0
Renault,Clio,250000,2003,Benzine,Manual,1200,Sedan,210000.0,1,0,0,0,0,0,0,0,0,0,0,0,0,0,0,0,0,1,0,0,0
Hyundai,Tucson,170000,2017,Benzine,Automatic,1600,SUV,1070000.0,1,1,1,0,0,0,0,0,1,0,0,1,0,0,0,1,1,0,0,0,0
Kia,Sportage,18000,2022,Benzine,Automatic,1600,SUV,1750000.0,1,0,1,0,1,1,0,0,0,0,0,0,0,0,0,0,0,0,0,0,0
Hyundai,Atos,131000,2010,Benzine,Manual,1100,Hatchback,320000.0,1,0,1,0,0,0,0,0,0,0,0,0,0,0,0,0,0,0,0,0,0
Seat,Ibiza,14000,2025,Benzine,Automatic,1600,Hatchback,1170000.0,1,0,0,0,0,0,0,0,0,0,0,0,0,0,0,0,0,0,0,0,0
Fiat,Siena,150000,2000,Benzine,Manual,1600,Sedan,130000.0,1,0,1,0,0,0,0,0,0,0,0,0,0,0,0,0,0,0,0,0,0
Fiat,Siena,230000,2002,Benzine,Manual,1400,Sedan,147000.0,0,0,0,0,0,0,0,0,0,0,0,0,0,0,0,0,0,0,0,0,0
Senova,A1,200000,2016,Benzine,Manual,1500,Hatchback,340000.0,1,0,1,0,0,0,0,0,1,0,0,0,0,0,0,0,0,0,0,0,0
Chevrolet,Optra,290000,2020,Benzine,Automatic,1500,Sedan,475000.0,1,1,0,0,0,0,0,0,0,0,0,0,0,0,0,0,0,0,0,0,0
Hyundai,Matrix,245749,2008,Benzine,Automatic,1600,Hatchback,450000.0,0,0,0,0,0,0,0,0,0,0,0,0,0,0,0,0,0,0,0,0,0
Renault,Duster,100000,2020,Benzine,Automatic,1600,SUV,680000.0,1,0,1,0,0,0,0,0,0,0,0,0,0,0,0,0,0,0,0,0,0
Speranza,A516,140000,2009,Benzine,Manual,1600,Sedan,210000.0,1,1,1,0,0,0,0,0,0,0,0,1,0,0,0,0,0,0,0,0,0
Nissan,Sunny,400000,2000,Benzine,Manual,1600,Sedan,350000.0,1,0,0,0,0,0,0,0,0,0,0,0,0,0,0,0,0,0,0,0,0
Peugeot,405,111111,1989,Benzine,Manual,1600,Sedan,140000.0,1,0,1,0,1,0,0,0,1,0,0,0,0,0,0,0,0,0,0,0,0
Fiat,Tipo,53000,2021,Benzine,Automatic,1600,Hatchback,825000.0,1,1,1,0,0,0,0,1,0,1,0,0,1,1,0,1,0,1,0,0,0
Mitsubishi,Lancer,120000,2015,Benzine,Automatic,1600,Sedan,655000.0,1,1,0,0,0,0,0,0,0,0,0,0,0,0,0,0,0,0,0,0,0
Opel,Corsa,95000,2012,Benzine,Automatic,1400,Hatchback,490000.0,1,1,0,0,0,0,0,0,0,0,0,0,0,0,0,0,0,0,0,0,0
Daewoo,Nubira,134000,2006,Benzine,Manual,1600,Sedan,275000.0,1,1,0,0,1,0,0,0,0,1,0,0,0,0,0,0,0,0,1,0,0
Jetour,X70 Plus,18000,2025,Benzine,Automatic,1500,SUV,1250000.0,0,1,0,0,0,0,0,0,0,0,0,0,0,0,0,0,0,0,0,0,0
BMW,520,64000,2019,Benzine,Automatic,2000,Sedan,2450000.0,0,0,1,0,0,0,0,0,0,0,0,0,0,0,0,0,0,0,0,0,0
BYD,F3,350000,2019,Natural Gas,Manual,1500,Sedan,425000.0,1,0,0,0,0,0,0,0,0,0,0,0,0,0,0,0,0,0,0,0,0
Mercedes-Benz,C300,140000,2020,Benzine,Automatic,2000,Sedan,2420000.0,0,0,0,0,0,1,0,0,0,1,1,1,0,0,0,1,0,1,0,0,0
Mitsubishi,Lancer,265000,2015,Benzine,Automatic,1600,Sedan,510000.0,1,0,1,0,0,0,0,0,0,0,0,0,0,0,0,1,1,0,0,0,0
Mercedes-Benz,E180,115000,2016,Benzine,Automatic,1600,Sedan,2000000.0,0,0,0,0,0,0,0,0,0,0,0,0,0,0,0,0,0,0,0,0,0
Hyundai,Verna,206000,2011,Benzine,Automatic,1600,Sedan,335000.0,1,0,0,0,1,0,0,0,0,0,0,0,0,0,0,0,0,0,0,0,0
Kia,Sportage,170000,2015,Benzine,Automatic,1600,SUV,850000.0,0,0,1,0,0,0,0,0,0,0,0,0,0,0,0,0,0,0,0,0,0
Kia,Pride,240000,2000,Benzine,Manual,1300,Sedan,155000.0,1,0,1,0,0,0,0,0,0,0,0,0,0,0,0,0,0,1,0,0,0
Skoda,Octavia,320000,2000,Benzine,Manual,2000,Sedan,305000.0,0,0,1,0,0,0,0,0,0,0,0,0,0,0,0,0,1,1,0,0,0
Fiat,Punto,119000,2003,Benzine,Automatic,1400,Hatchback,265000.0,1,0,1,0,0,0,0,0,0,0,0,0,0,0,0,0,0,0,0,0,0
Suzuki,Dzire,68000,2022,Benzine,Automatic,1200,Sedan,550000.0,1,0,0,0,0,1,0,0,0,0,0,0,0,0,0,1,0,0,0,0,0
Mercedes-Benz,A200,280000,1994,Benzine,Automatic,2000,Sedan,445000.0,0,0,0,0,1,0,0,0,0,0,0,0,0,0,0,0,0,1,0,0,0
Volkswagen,Golf,130000,2000,Benzine,Automatic,2000,Hatchback,380000.0,0,0,1,0,0,0,0,0,0,0,0,0,0,0,0,0,0,0,0,0,0
Hyundai,Elantra,260000,1994,Benzine,Manual,1600,Sedan,175000.0,0,0,1,0,0,0,0,0,0,0,0,0,0,0,0,0,0,0,0,0,0
Renault,Fluence,177000,2017,Benzine,Automatic,1500,Sedan,590000.0,1,0,1,0,0,0,0,0,1,1,0,0,0,0,0,0,0,0,0,0,0
Chevrolet,Optra,316000,2010,Benzine,Automatic,1600,Sedan,350000.0,1,0,1,0,0,0,0,0,0,0,0,0,0,0,0,0,0,0,0,0,0
Jeep,Wrangler Sahara,170000,2018,Benzine,Automatic,3600,4X4,1800000.0,1,0,0,0,0,0,0,0,0,1,0,0,0,0,0,0,0,0,0,0,0
Fiat,Tipo,52000,2023,Benzine,Automatic,1600,Sedan,980000.0,0,0,0,0,0,0,0,0,0,0,0,0,0,0,1,0,0,0,0,0,0
Skoda,Kodiaq,13000,2024,Benzine,Automatic,1400,Estate,2150000.0,0,0,0,0,0,0,0,0,0,0,0,0,0,0,0,0,0,0,0,0,0
Renault,Logan,115000,2021,Benzine,Automatic,1600,Sedan,480000.0,1,0,0,0,0,0,0,0,0,0,0,0,0,0,0,0,0,0,0,0,0
Hyundai,Elantra,90000,2020,Benzine,Automatic,1600,Sedan,860000.0,0,0,0,0,0,0,0,0,0,0,0,0,0,0,0,0,0,0,0,0,0
Hyundai,Elantra,45000,2025,Benzine,Automatic,1600,Sedan,1400000.0,1,0,1,0,0,0,0,1,1,0,1,1,0,1,1,0,0,0,0,0,0
Nissan,Tiida,145000,2013,Benzine,Automatic,1600,Hatchback,505000.0,1,1,1,0,0,1,0,0,0,0,0,0,0,0,0,0,0,0,0,0,0
Daewoo,Lacetti,120000,2003,Benzine,Automatic,1500,Sedan,290000.0,0,0,0,0,0,0,0,0,0,0,0,0,0,0,0,0,0,0,0,0,0
Mitsubishi,Lancer,300000,1998,Benzine,Automatic,1500,Sedan,280000.0,1,0,1,0,0,0,0,0,0,0,0,0,0,0,0,0,0,0,0,0,0
Opel,Astra,148000,2012,Benzine,Automatic,1600,Sedan,470000.0,0,0,0,0,0,1,0,0,0,0,0,0,0,0,0,0,0,0,0,0,0
Mercedes-Benz,C180,90000,2019,Benzine,Automatic,1600,Sedan,2250000.0,1,1,1,0,0,0,0,0,1,0,0,1,0,1,0,1,1,0,1,0,0
Peugeot,3008,99000,2021,Benzine,Automatic,1600,SUV,1250000.0,1,0,0,0,0,1,0,0,0,0,0,0,0,0,0,0,0,0,0,0,0
Geely,Ck,100000,2009,Benzine,Manual,1500,Sports / Coupe,140000.0,0,0,0,0,0,0,0,0,0,0,0,0,0,0,0,0,0,0,0,0,0
BMW,318,200000,2000,Benzine,Automatic,1800,Sedan,440000.0,0,0,1,0,0,0,0,0,1,0,0,0,0,0,0,0,0,1,0,0,0
Chery,Envy,310000,2017,Benzine,Manual,1500,Sedan,225000.0,1,1,1,0,0,0,0,0,1,0,1,0,0,0,0,0,0,0,0,0,0
Jac,S2,3000,2025,Benzine,Automatic,1500,SUV,700000.0,0,0,1,0,0,0,0,0,1,0,0,0,0,0,0,0,0,1,0,0,0
BMW,320,150000,2014,Benzine,Automatic,2000,Sedan,1300000.0,1,0,0,0,0,0,0,0,0,0,0,0,0,0,0,0,0,0,0,0,0
Mercedes-Benz,C180,152000,2019,Benzine,Automatic,1595,Sedan,2000000.0,1,0,1,0,0,0,0,0,1,0,0,0,0,0,0,0,0,0,0,0,0
Volkswagen,Pointer,210000,2006,Benzine,Manual,1800,Hatchback,195000.0,1,0,1,0,0,0,0,0,1,0,0,0,0,1,0,1,0,0,0,0,0
Skoda,Superb,73000,2023,Benzine,Automatic,1400,Sedan,1950000.0,0,0,0,0,0,0,0,0,0,0,0,0,0,0,0,0,0,0,0,0,0
Mercedes-Benz,A200,200000,1985,Benzine,Manual,2000,Sedan,270000.0,0,1,1,0,0,0,0,0,0,0,0,0,0,0,0,0,0,0,0,0,0
Skoda,Octavia,330000,2006,Benzine,Automatic,1600,Sedan,400000.0,1,0,0,1,1,0,0,0,1,1,0,1,0,0,0,0,0,0,0,0,0
MINI,Cooper,109000,2010,Benzine,Automatic,1600,Hatchback,650000.0,1,0,1,0,0,0,0,0,0,0,0,0,0,0,0,0,0,0,0,0,0
Hyundai,Tucson,160000,2018,Benzine,Automatic,1600,SUV,1250000.0,0,0,0,0,0,0,0,0,0,0,0,0,0,0,0,0,0,0,0,0,0
Suzuki,Swift,208958,2001,Benzine,Manual,1300,Sedan,170000.0,1,0,1,0,0,0,0,0,0,0,0,0,0,0,0,0,0,0,0,0,0
Fiat,Tipo,81000,2020,Benzine,Automatic,1600,Sedan,700000.0,1,0,0,0,1,0,0,0,0,0,0,0,0,0,0,0,0,0,0,0,0
Mahindra,Scorpio,272000,2010,Diesel,Automatic,2200,SUV,400000.0,0,0,0,0,0,0,0,0,0,1,0,0,0,0,0,0,0,0,0,1,0
Opel,Vectra,230000,1995,Diesel,Manual,2000,Sedan,110000.0,1,0,0,0,0,0,0,0,0,0,0,0,0,0,0,0,0,0,0,0,0
BYD,L3,170000,2016,Benzine,Automatic,1500,Sedan,420000.0,1,1,0,0,0,0,0,1,0,0,0,0,0,0,0,0,0,1,0,0,0
Kia,Rio,52000,2010,Benzine,Manual,1400,Sedan,420000.0,0,0,0,0,1,0,0,0,0,0,0,0,0,0,0,0,0,0,0,0,0
Nissan,Sunny,140000,2019,Benzine,Automatic,1500,Sedan,460000.0,0,0,1,1,0,0,0,0,1,0,0,0,0,0,0,0,0,0,0,0,0
BYD,Flyer,1000,2006,Benzine,Automatic,1000,Hatchback,135000.0,1,0,0,0,0,0,0,0,0,0,0,0,0,0,0,0,0,0,0,0,0
Proton,Waja,290,2006,Benzine,Automatic,1500,Sedan,280000.0,0,0,0,0,0,0,0,0,0,0,0,0,0,0,0,0,0,0,0,1,0
Mitsubishi,Outlander,266000,2006,Benzine,Automatic,2400,4X4,475000.0,1,0,0,0,0,0,0,1,0,0,0,0,1,0,1,0,0,1,0,0,0
Chevrolet,Spark,147000,2009,Benzine,Manual,1000,Hatchback,195000.0,1,0,1,0,0,0,0,0,0,0,0,0,0,0,0,0,0,1,0,0,0
Fiat,Siena,190000,2000,Benzine,Manual,1400,Sedan,125000.0,1,0,0,0,0,0,0,0,0,0,0,0,0,0,0,0,0,0,0,0,0
Lada,2107,95000,2011,Benzine,Manual,1600,Sedan,125000.0,0,0,0,0,1,0,0,0,1,0,0,0,0,0,0,0,0,0,0,0,0
Fiat,Tipo,133000,2020,Benzine,Automatic,1600,Sedan,670000.0,1,0,0,0,0,0,0,0,0,0,0,0,0,0,0,0,0,0,0,0,0
Mercedes-Benz,C250,200000,2011,Benzine,Automatic,1800,Sedan,1060000.0,0,0,0,0,0,0,0,1,0,1,1,0,1,1,1,1,1,1,1,0,0
Nissan,Sunny,139000,2001,Benzine,Automatic,1525,Sedan,525000.0,0,1,0,0,0,0,0,0,0,0,0,0,0,0,0,0,0,0,0,0,0
Mercedes-Benz,C200,52000,2019,Benzine,Automatic,2000,Sedan,2500000.0,1,1,0,0,0,1,0,0,0,0,0,0,0,0,0,0,0,0,0,0,1
Renault,Logan,215000,2016,Benzine,Automatic,1600,Sedan,410000.0,1,1,1,0,0,0,0,0,1,0,0,0,0,0,0,0,0,0,0,0,0
Mercedes-Benz,CLA 180,160000,2015,Benzine,Automatic,1600,Sedan,1300000.0,0,0,0,0,0,0,0,0,0,0,0,0,0,0,0,0,0,0,0,0,0
Kia,Carens,93000,2012,Benzine,Automatic,1600,SUV,720000.0,1,0,0,0,0,0,0,0,0,0,0,0,0,0,0,0,0,0,0,0,0
Chevrolet,Optra,150000,2009,Benzine,Manual,1600,Sedan,350000.0,0,0,1,0,0,0,0,0,0,0,0,0,0,0,0,0,0,0,0,0,0
Mazda,3,230000,2011,Benzine,Automatic,1600,Sedan,470000.0,1,0,0,0,0,0,0,0,0,0,0,0,0,0,0,0,0,0,0,0,0
Seat,Leon,70000,2018,Benzine,Automatic,1200,Hatchback,1050000.0,1,1,0,0,0,0,0,0,0,0,0,0,0,0,0,0,0,0,0,0,0
Jeep,Wrangler,177000,2011,Benzine,Automatic,3800,4X4,1300000.0,0,0,0,0,1,0,0,0,0,0,0,0,0,0,0,0,0,0,0,0,0
Skoda,Yeti,48000,2015,Benzine,Automatic,1400,Hatchback,610000.0,1,0,0,0,0,0,0,0,0,0,0,0,0,0,0,0,0,0,0,0,0
BYD,F3,175000,2020,Hybrid,Manual,1500,Sedan,400000.0,0,0,0,0,0,0,0,0,0,0,0,0,0,0,0,0,0,0,0,0,0
MG,GT,31000,2023,Benzine,Automatic,1500,Sedan,1100000.0,1,0,0,0,0,0,0,0,0,0,0,0,0,0,0,0,0,0,0,0,0
Nissan,Qashqai,134000,2017,Benzine,Automatic,1200,SUV,740000.0,1,0,0,0,0,1,0,0,0,0,0,1,0,0,0,0,1,0,0,0,0
Nissan,Sunny,312000,2006,Benzine,Automatic,1600,Sedan,370000.0,0,0,0,0,0,0,0,0,0,0,0,0,0,0,0,0,0,0,0,0,0
BMW,X3,220000,2013,Benzine,Automatic,2000,4X4,1200000.0,1,0,0,0,0,0,0,0,0,0,0,0,0,0,0,0,0,0,0,0,0
Kia,Cerato,195000,2012,Benzine,Automatic,1600,Sedan,575000.0,1,0,1,0,0,0,0,0,0,0,0,0,0,0,0,1,1,0,1,0,0
Chevrolet,Lanos,150000,2018,Benzine,Manual,1600,Sedan,350000.0,1,1,0,0,0,1,0,0,0,0,0,0,0,0,0,0,0,1,0,0,1
Hyundai,Verna,470000,2014,Natural Gas,Manual,1600,Sedan,380000.0,1,1,1,0,0,0,0,0,0,0,0,0,0,0,0,0,0,0,0,0,0
Chery,Tiggo 3,42000,2024,Benzine,Automatic,1600,SUV,735000.0,1,0,0,0,0,1,0,0,0,0,0,0,0,0,0,0,0,0,0,0,0
Suzuki,S-Presso,150000,2021,Benzine,Manual,1000,Hatchback,395000.0,0,0,0,0,0,0,0,0,0,0,0,0,0,0,0,0,0,0,0,0,0
Fiat,Tipo,100000,1988,Benzine,Manual,1600,Hatchback,145000.0,0,1,1,0,0,0,0,0,0,0,0,0,0,0,0,0,0,0,0,0,0
Opel,Grandland,145000,2020,Benzine,Automatic,1500,SUV,1200000.0,1,0,0,0,0,1,0,0,0,0,0,0,0,0,0,0,0,0,0,0,0
MG,MG 6,152000,2019,Benzine,Automatic,1500,Sedan,740000.0,0,0,0,0,0,1,0,0,0,0,0,0,0,0,0,0,0,0,0,0,0
Chevrolet,Optra,90000,2022,Benzine,Automatic,1600,Sedan,600000.0,0,0,0,0,0,0,0,0,0,0,0,0,0,0,0,0,0,0,0,0,0
BMW,X6,155000,2010,Benzine,Automatic,3000,SUV,1750000.0,0,0,0,0,0,0,0,0,0,0,0,0,0,0,0,0,0,0,0,0,0
Brilliance,Galena,300000,2007,Benzine,Automatic,2000,Sedan,210000.0,0,0,1,0,0,0,0,0,0,0,0,0,0,0,0,0,0,1,0,0,0
Skoda,Superb,53000,2021,Benzine,Automatic,1400,Sedan,1850000.0,0,1,0,0,0,1,0,0,0,0,0,0,0,0,0,0,0,0,0,0,0
Opel,Vectra,275000,1999,Benzine,Manual,2000,Sedan,180000.0,1,0,1,0,0,0,0,0,0,0,0,0,0,0,0,0,0,0,0,0,0
Nissan,Qashqai,144000,2019,Benzine,Automatic,1600,SUV,850000.0,1,0,0,0,0,0,0,1,0,0,1,1,0,0,0,0,0,0,0,1,0
Chevrolet,Optra,317000,2007,Benzine,Automatic,1500,Sedan,325000.0,1,0,0,0,0,0,0,0,0,0,0,0,0,0,0,0,0,0,0,0,0
Peugeot,405,230755,2004,Benzine,Manual,1600,Sedan,190000.0,0,0,0,0,1,0,0,0,0,0,0,0,0,0,0,0,0,0,0,0,0
Chery,Tiggo 8,23500,2025,Benzine,Automatic,1500,SUV,1100000.0,0,1,0,0,0,0,0,0,0,0,0,0,0,0,0,0,0,0,0,0,0
Fiat,Grand Punto,135000,2007,Benzine,Automatic,1400,Hatchback,300000.0,0,0,0,0,0,0,0,0,0,0,0,0,0,0,0,0,0,0,0,0,0
Jeep,Cherokee,152000,2008,Benzine,Automatic,3700,4X4,700000.0,1,1,1,0,1,0,0,0,0,0,0,0,0,0,0,0,0,0,0,0,0
Kia,K4,140000,2019,Benzine,Automatic,1600,Sedan,875000.0,0,0,0,0,0,0,0,0,0,0,1,1,0,0,0,1,0,0,0,0,0
Nissan,Sunny,190000,2009,Benzine,Automatic,1600,Sedan,450000.0,1,0,0,0,1,0,0,0,0,0,0,0,0,0,0,0,0,0,0,0,0
MG,HS,83000,2022,Benzine,Automatic,1500,SUV,1100000.0,1,0,1,0,0,0,0,0,0,0,0,0,0,0,0,0,0,0,0,0,0
Renault,Logan,140000,2015,Benzine,Manual,1600,Sedan,400000.0,1,1,0,0,0,0,0,0,0,0,0,0,0,0,0,0,0,0,0,0,0
Mercedes-Benz,C180,30000,2023,Benzine,Automatic,1600,Sedan,2650000.0,0,0,0,0,0,0,0,0,0,0,0,0,0,0,0,0,0,0,0,0,0
Kia,Carens,200000,2013,Benzine,Automatic,1600,SUV,700000.0,1,0,0,0,0,0,0,0,0,0,0,0,0,0,0,0,0,0,0,0,0
MINI,Cooper s,48000,2023,Benzine,Automatic,2000,Sports / Coupe,1950000.0,0,0,0,0,0,0,0,0,0,0,0,0,0,0,0,0,0,1,0,0,0
Chevrolet,N300,290000,2016,Benzine,Manual,1200,Van / Bus,340000.0,1,1,1,0,0,0,0,0,0,0,0,0,0,0,0,0,0,0,0,0,0
Chery,Tiggo 3,165000,2017,Benzine,Automatic,1600,SUV,520000.0,1,0,1,0,1,0,0,1,1,1,1,1,1,1,0,1,0,1,0,0,0
Peugeot,405,43169,1999,Benzine,Manual,1600,Sedan,1750000.0,1,0,1,0,1,0,0,0,0,0,0,0,0,0,0,0,0,0,0,0,0
Speranza,A516,111000,2010,Benzine,Manual,1600,Sedan,200000.0,0,0,0,0,0,0,0,0,0,0,0,0,0,0,0,0,0,0,0,1,0
Toyota,Corolla,55000,2015,Benzine,Automatic,2000,Sedan,830000.0,0,0,1,0,0,0,0,0,0,0,1,0,0,0,0,0,1,1,0,0,1
Hyundai,IX35,140000,2015,Benzine,Automatic,1600,SUV,850000.0,0,0,0,0,0,0,0,0,0,0,0,0,0,0,0,0,0,0,0,0,0
Toyota,Corolla,30000,2022,Benzine,Automatic,1600,Sedan,1060000.0,1,0,0,0,0,1,0,0,0,0,0,0,0,0,0,0,0,0,0,0,0
Suzuki,Pick up,65000,2014,Benzine,Manual,1300,Pickup,275000.0,1,0,0,0,0,0,0,0,0,0,0,0,0,0,0,0,0,0,0,0,0
BMW,118,13000,2021,Benzine,Automatic,1500,SUV,1600000.0,1,0,0,0,0,0,0,0,0,0,0,0,0,0,0,0,0,0,0,0,0
Fiat,Punto,116000,2012,Benzine,Manual,1300,Hatchback,285000.0,1,1,0,0,0,0,0,0,0,0,0,0,0,0,0,0,0,1,0,0,0
Fiat,Dogan,25000,1995,Benzine,Manual,1600,Sedan,135000.0,1,1,1,0,0,0,0,0,1,0,0,0,0,0,0,0,0,0,0,0,0
Seat,Toledo,192000,2016,Benzine,Automatic,1600,Sedan,695000.0,0,1,1,0,0,0,0,0,0,0,0,0,0,0,0,0,0,1,0,0,0
Opel,Vectra,160000,2008,Benzine,Automatic,1500,Sedan,380000.0,0,0,0,0,0,0,0,0,0,0,0,0,0,0,0,0,0,0,0,0,0
Renault,Rainbow,270000,1999,Benzine,Manual,1300,Sedan,140000.0,0,0,0,0,0,0,0,0,0,0,0,0,0,0,0,0,0,0,0,0,0
Renault,Logan,113000,2016,Benzine,Automatic,1600,Sedan,450000.0,0,0,0,0,0,0,0,0,0,0,1,0,0,0,0,0,0,0,0,0,0
Hyundai,Verna,120000,2015,Benzine,Manual,1600,Sedan,380000.0,1,0,1,0,0,0,0,0,0,0,0,0,0,0,0,0,0,0,0,0,0
Jeep,Renegade,80000,2019,Benzine,Automatic,1400,SUV,900000.0,1,0,0,0,0,0,0,0,0,0,0,0,0,0,0,0,0,0,0,0,0
Mercedes-Benz,C180,113000,2022,Benzine,Automatic,1500,Sedan,2650000.0,0,0,0,0,0,0,0,0,0,0,0,0,0,0,0,0,0,0,0,0,1
BMW,116,193000,2012,Benzine,Manual,1600,Hatchback,780000.0,1,0,0,0,0,0,0,0,0,0,0,0,0,0,0,0,0,0,0,0,0
Renault,Logan,146000,2013,Benzine,Automatic,1500,Sedan,380000.0,0,0,0,0,0,0,0,0,0,0,0,0,0,0,0,0,0,0,0,0,0
Jeep,Wrangler,180,2013,Benzine,Automatic,3600,4X4,1300000.0,0,1,1,0,0,0,1,0,0,0,0,0,0,0,0,0,0,0,0,1,0
Kia,Cerato,44000,2010,Benzine,Automatic,1600,Sedan,750000.0,0,0,1,0,1,0,0,1,0,0,0,0,0,0,0,0,0,0,0,0,0
Fiat,128 Nova,91000,2008,Benzine,Manual,1300,Sedan,100000.0,0,0,0,0,1,0,0,0,0,0,0,0,0,0,0,0,0,0,0,0,0
Peugeot,405,500000,2010,Benzine,Manual,1600,Sedan,190000.0,1,0,0,0,0,0,0,0,0,0,0,0,0,0,0,0,0,0,0,0,0
Subaru,XV,50000,2022,Benzine,Automatic,1600,SUV,1600000.0,1,0,1,0,0,1,0,0,0,0,1,0,0,0,0,0,0,0,0,0,0
Ford,Kuga,131500,2018,Benzine,Automatic,1500,4X4,950000.0,1,0,0,0,0,0,0,1,0,0,0,1,0,0,1,0,0,0,0,0,0
Fiat,Shahin,300000,2005,Benzine,Manual,1400,Sedan,150000.0,1,0,0,0,0,0,0,0,0,0,0,0,0,0,0,0,0,0,0,0,0
Skoda,Rapid,218000,2013,Benzine,Manual,1300,Sedan,475000.0,1,0,1,0,0,0,0,0,0,1,0,0,0,1,0,0,0,0,0,0,0
BMW,320,173000,2018,Benzine,Automatic,2000,Sedan,1300000.0,0,1,0,0,0,0,0,0,0,0,0,0,0,0,0,0,0,1,0,0,0
Hyundai,Matrix,110000,2002,Benzine,Automatic,1600,Hatchback,550000.0,0,0,0,0,0,0,0,0,0,0,0,0,0,0,0,0,0,0,0,0,0
Mercedes-Benz,C180,170000,2010,Benzine,Automatic,1600,Sedan,1100000.0,0,0,1,0,0,0,0,0,0,0,0,0,0,0,0,0,0,0,0,0,0
Fiat,Tipo,138000,2021,Benzine,Automatic,1600,Sedan,800000.0,1,0,0,0,0,0,0,0,0,0,1,1,0,0,0,0,1,1,0,0,0
Opel,Astra,165000,2000,Benzine,Manual,1200,Sedan,225000.0,1,0,1,0,0,0,0,0,1,0,0,0,0,1,0,0,0,1,0,0,0
Citroen,C5,90000,2021,Benzine,Automatic,1600,SUV,1100000.0,1,1,0,0,0,0,0,0,0,0,0,0,0,1,1,1,0,0,0,0,0
Hyundai,Verna,160000,2014,Benzine,Manual,1600,Sedan,420000.0,1,0,0,0,0,0,0,0,0,0,0,0,0,0,0,0,0,0,0,0,0
Renault,Duster,200000,2016,Benzine,Manual,1600,4X4,550000.0,0,0,0,0,0,0,0,0,0,0,0,0,0,0,0,0,0,0,0,0,0
Mitsubishi,Lancer,280000,2008,Benzine,Automatic,1300,Sedan,350000.0,0,0,1,0,0,0,0,0,0,0,0,0,0,0,0,0,0,0,0,1,0
Toyota,Yaris,167000,2008,Benzine,Automatic,1300,Sedan,465000.0,1,0,0,0,0,0,0,0,1,1,0,0,0,0,0,0,0,1,0,0,0
BMW,218 i,190000,2015,Benzine,Automatic,1500,Convertible,1250000.0,1,0,0,0,0,0,0,0,0,0,0,0,0,0,0,0,0,0,0,0,0
Cupra,Formentor,69000,2023,Benzine,Automatic,2000,Hatchback,1950000.0,0,0,0,0,0,0,0,0,0,0,0,0,0,0,0,0,0,0,0,0,0
Nissan,Qashqai,125000,2020,Benzine,Automatic,1200,Hatchback,975000.0,0,0,0,0,0,0,0,0,0,0,0,0,0,0,0,0,0,0,0,0,0
Renault,Duster,90000,2021,Benzine,Automatic,1600,SUV,690000.0,1,0,0,0,0,0,0,0,0,0,0,0,0,0,0,0,0,0,0,0,0
Nissan,Qashqai,220000,2018,Benzine,Automatic,1200,SUV,820000.0,1,0,0,0,0,0,0,0,0,0,0,0,0,0,0,0,0,0,0,0,0
Peugeot,308 SW,450000,2009,Benzine,Automatic,1600,Hatchback,400000.0,1,0,0,0,0,0,0,0,0,0,0,0,0,0,0,0,0,0,0,1,0
Zeekr,007,9000,2024,Electric,Automatic,2000,Sedan,2100000.0,0,0,0,0,0,0,0,0,0,0,0,0,0,0,0,0,0,1,0,0,0
BMW,116,205000,2014,Benzine,Automatic,1600,Hatchback,775000.0,1,0,0,0,1,0,0,0,0,0,0,0,0,0,0,0,0,0,0,1,0
Hyundai,Excel,300000,1997,Benzine,Manual,1500,Sedan,120000.0,0,1,1,0,0,0,0,0,1,0,1,0,0,0,0,0,0,0,0,0,0
Nissan,Qashqai,92000,2022,Benzine,Automatic,1400,SUV,1200000.0,1,1,0,0,0,0,0,0,0,0,0,0,0,0,0,0,0,0,0,0,0
Lada,2107,149000,2005,Benzine,Manual,1500,Sedan,110000.0,1,0,1,0,1,0,0,0,1,0,0,0,0,0,0,0,0,0,0,0,0
MG,RX5,129000,2019,Benzine,Automatic,1500,Hatchback,830000.0,1,0,1,0,0,0,0,0,0,0,0,0,0,0,0,0,0,1,0,0,0
Kia,Cerato,24000,2022,Benzine,Automatic,1600,Sedan,1130000.0,1,1,1,0,0,1,0,0,1,1,1,0,1,1,0,1,1,1,1,0,0
Volkswagen,Bora,221000,2000,Benzine,Automatic,1600,Sedan,410000.0,0,0,1,0,0,0,0,0,1,0,0,0,0,0,0,0,0,1,0,0,0
Renault,Megane,125000,2008,Benzine,Automatic,1600,Sedan,320000.0,0,0,1,0,1,0,0,1,1,0,0,0,0,0,0,0,0,0,0,1,0
Geely,MK,8000,2008,Benzine,Manual,2000,Sedan,145000.0,0,0,0,0,0,0,0,0,0,0,0,0,0,0,0,0,0,0,0,0,0
Haval,H6,115000,2022,Benzine,Automatic,1500,Hatchback,1200000.0,1,0,0,0,0,0,0,0,0,0,0,0,0,0,0,0,0,0,0,0,0
Kia,Sportage Hybrid,8000,2024,Benzine,Automatic,1600,SUV,2100000.0,1,0,0,0,0,0,0,0,0,0,0,0,0,0,0,0,0,0,0,0,0
Opel,Astra,83000,2009,Benzine,Automatic,1600,Hatchback,390000.0,1,0,0,0,0,0,0,0,0,0,0,0,0,0,0,0,0,0,0,0,0
Peugeot,508,114000,2020,Benzine,Automatic,1600,Sedan,980000.0,1,0,1,0,0,0,0,0,1,0,0,0,0,0,0,0,0,0,0,0,0
Renault,Megane,300000,2006,Benzine,Manual,1600,Sedan,275000.0,1,0,1,0,0,0,0,0,0,1,0,1,1,0,0,1,1,0,0,0,0
Land Rover,Evoque,216000,2012,Benzine,Automatic,2000,SUV,1650000.0,1,0,1,0,1,0,0,0,1,1,1,1,0,0,0,1,0,1,0,1,0
Nissan,Sunny,120000,2022,Benzine,Automatic,1500,Sedan,590000.0,1,1,0,0,0,0,0,0,0,0,0,0,0,0,0,0,0,0,0,0,0
Daewoo,Nubira,252500,2006,Benzine,Manual,1500,Sedan,255000.0,0,0,0,0,0,0,0,0,0,0,0,0,0,0,0,0,0,0,0,0,0
Fiat,Tipo,44000,2021,Benzine,Automatic,1600,Sedan,760000.0,0,0,0,0,0,0,0,0,0,0,0,0,0,0,0,0,0,0,0,0,0
Lada,2107,80000,2012,Benzine,Manual,1600,Sedan,110000.0,1,1,1,0,0,0,0,0,0,0,0,0,0,0,0,0,0,0,0,0,0
Renault,Logan,286000,2016,Benzine,Automatic,1600,Sedan,450000.0,1,0,1,0,0,0,0,0,1,0,0,0,0,1,0,1,1,0,1,0,0
Nissan,Sunny,400000,1998,Benzine,Manual,1300,Sedan,170000.0,1,0,1,0,0,0,0,0,0,0,0,0,0,0,0,0,0,0,0,0,0
Porsche,Cayenne,10000,2004,Benzine,Automatic,4800,SUV,2100000.0,0,0,0,0,0,0,0,0,0,0,0,0,0,0,0,0,0,1,0,0,0
Suzuki,Baleno,130000,1998,Benzine,Automatic,1300,Sedan,220000.0,1,1,0,0,1,0,0,0,0,0,0,0,0,0,0,0,0,1,0,0,0
Mitsubishi,Lancer,300000,1992,Benzine,Manual,1300,Sedan,100000.0,0,0,0,0,0,0,0,0,0,0,0,0,0,0,0,0,0,0,0,0,0
BMW,318,200011,2000,Benzine,Automatic,1800,Sedan,440000.0,0,0,1,0,0,0,0,0,1,0,0,0,0,0,0,0,0,1,0,0,0
Daewoo,Nubira,247769,2000,Benzine,Manual,1600,Sedan,250000.0,1,0,0,0,0,0,0,0,0,0,0,0,0,0,0,0,0,1,0,0,0
Ssang Yong,Tivoli XLV,153000,2017,Benzine,Automatic,1600,Hatchback,670000.0,0,0,0,0,1,0,0,0,0,0,0,0,0,0,0,0,0,0,0,0,0
Jeep,Cherokee,300000,1998,Benzine,Automatic,4200,4X4,360000.0,0,0,1,0,0,0,0,0,1,1,0,1,0,0,0,0,0,0,0,0,0
Volkswagen,Polo,250000,2001,Benzine,Automatic,1400,Hatchback,290000.0,0,0,0,0,0,0,0,0,0,0,0,0,0,0,0,0,0,0,0,0,0
MG,MG 5,130000,2021,Benzine,Automatic,1600,Sedan,700000.0,1,0,0,0,0,0,0,0,0,0,0,0,0,1,0,0,0,0,0,0,0
Hyundai,Accent,250000,2008,Diesel,Automatic,1600,Sedan,380000.0,0,1,1,0,0,0,0,0,0,0,0,0,0,0,0,0,0,0,0,0,0
Fiat,Shahin,200000,2000,Benzine,Manual,1400,Sedan,110000.0,0,0,0,0,0,0,0,0,0,0,0,0,0,0,0,0,0,0,0,0,0
Mitsubishi,Lancer,120000,2013,Benzine,Automatic,1600,Sedan,640000.0,0,1,0,0,0,0,0,0,0,0,0,0,0,0,0,0,0,0,0,0,0
Hyundai,Elantra,10456,2025,Benzine,Automatic,1600,Sedan,1080000.0,0,1,0,0,0,0,0,1,1,0,0,0,0,0,1,0,0,0,0,0,0
Hyundai,I10,54000,2022,Benzine,Automatic,1200,Hatchback,695000.0,0,0,0,0,0,0,0,0,0,0,1,1,0,0,0,0,0,0,0,0,0
Chevrolet,Optra,148000,2021,Benzine,Automatic,1500,Sedan,510000.0,1,0,0,0,0,1,0,0,0,0,0,0,0,0,0,0,0,0,0,0,0
Speranza,A516,135000,2010,Benzine,Manual,1600,Sedan,250000.0,1,0,1,0,1,0,0,0,0,0,0,0,0,0,0,0,0,0,0,0,0
Hyundai,Tucson,130000,2022,Benzine,Automatic,1600,SUV,1540000.0,0,1,0,0,0,1,0,0,1,0,0,0,0,0,1,0,0,0,0,1,0
Kia,Cerato,152000,2015,Benzine,Automatic,1600,Sedan,780000.0,0,0,0,0,0,0,0,0,0,0,0,0,0,0,0,0,0,0,0,0,0
Hyundai,Accent,244000,1999,Benzine,Manual,1500,Sedan,238500.0,1,0,1,0,0,0,0,0,0,0,0,0,0,0,0,0,0,0,0,0,0
Skoda,Octavia,190000,1998,Benzine,Manual,1600,Sedan,320000.0,1,0,0,0,0,0,0,0,0,0,0,0,0,0,0,1,0,1,0,0,0
Kia,Xceed,15000,2025,Benzine,Automatic,1500,SUV,1450000.0,1,0,1,0,0,0,0,1,1,0,1,1,0,0,1,0,1,0,0,0,0
Volkswagen,Golf,70000,1983,Benzine,Manual,1800,Hatchback,210000.0,0,0,0,0,0,0,0,0,0,0,0,0,0,0,0,0,0,0,0,0,0
MG,MG 6,148000,2020,Benzine,Automatic,1500,Sedan,680000.0,1,0,0,0,1,0,0,0,1,1,0,0,0,1,0,1,1,1,1,0,0
Daihatsu,Kancil,1552,1999,Benzine,Automatic,1000,Hatchback,215000.0,0,0,0,0,0,0,0,0,0,0,0,0,0,0,0,0,0,0,0,0,0
BYD,F3,118000,2022,Benzine,Automatic,1500,Sedan,490000.0,1,1,0,0,0,0,0,0,0,0,0,0,0,0,0,0,0,0,0,0,0
Nissan,Sentra,36000,2023,Benzine,Automatic,1600,Sedan,775000.0,1,1,0,0,0,0,0,0,0,0,0,0,0,0,0,0,0,0,0,0,0
Citroen,C Elysee,330000,2016,Benzine,Automatic,1600,Sedan,390000.0,0,0,0,0,0,0,0,0,0,0,0,0,0,0,0,0,0,0,0,0,0
Renault,Logan,110000,2022,Benzine,Automatic,1600,Sedan,505000.0,1,1,0,0,0,0,0,0,0,0,0,0,0,0,0,1,1,1,0,0,1
Speranza,A113,268144,2008,Benzine,Manual,1300,Hatchback,215000.0,0,0,0,0,0,0,0,0,0,0,0,0,0,0,0,0,0,0,0,0,0
Opel,Grandland,188000,2021,Benzine,Automatic,1600,Estate,1050000.0,1,1,0,0,0,1,0,0,0,0,0,0,0,0,0,0,0,0,0,0,0
Volkswagen,Golf,280,2001,Benzine,Manual,1400,Hatchback,430000.0,0,0,0,0,0,0,0,0,0,0,0,0,0,0,0,0,0,0,0,0,0
Daewoo,Nubira,172000,1997,Benzine,Automatic,1500,Sedan,235000.0,1,0,1,0,0,0,0,0,0,0,0,0,0,0,0,0,0,0,0,0,0
BMW,X3 M,107000,2019,Benzine,Automatic,3000,4X4,2650000.0,1,0,0,0,0,0,0,0,0,0,0,0,0,0,0,0,0,0,0,0,0
Seat,Ibiza,10000,1992,Benzine,Manual,1300,Hatchback,105000.0,0,0,0,0,0,0,0,0,0,0,0,0,0,0,0,0,0,0,0,0,0
Chery,Arrizo 5,22000,2025,Benzine,Automatic,1500,Sedan,660000.0,0,1,0,0,0,0,0,0,0,0,0,0,0,0,0,0,0,1,0,0,0
Mercedes-Benz,C180,228000,2015,Benzine,Automatic,1600,Sedan,1570000.0,1,0,1,0,0,0,0,0,0,0,0,0,0,0,0,0,0,0,0,0,0
Renault,Kadjar,158000,2019,Benzine,Automatic,1200,SUV,650000.0,1,0,0,0,0,0,0,0,0,0,0,0,0,0,0,0,0,0,0,0,0
Citroen,DS7,130000,2022,Benzine,Automatic,1600,SUV,1500000.0,1,1,1,0,0,0,0,0,1,1,0,1,0,0,1,1,0,0,0,0,0
Hyundai,Matrix,340000,2001,Benzine,Automatic,1600,Hatchback,380000.0,1,0,0,0,0,0,0,0,0,0,0,0,0,0,0,0,0,0,0,0,0
Volvo,XC40,58000,2022,Benzine,Automatic,2000,SUV,2100000.0,1,1,1,0,0,0,0,1,1,0,0,0,0,0,0,0,0,0,0,1,0
Renault,Logan,225000,2018,Benzine,Manual,1600,Sedan,400000.0,0,0,0,0,0,0,0,0,0,0,0,0,0,0,0,0,0,0,0,0,0
Renault,Megane,123000,2001,Benzine,Automatic,1600,Sedan,240000.0,0,0,0,0,1,0,0,0,0,0,0,0,0,0,0,0,0,1,0,0,0
Kia,Carnival,20000,2024,Benzine,Automatic,1600,SUV,1500000.0,0,1,1,0,0,0,0,0,1,0,1,0,1,0,0,0,0,1,0,0,0
Daewoo,Nubira,250000,2006,Benzine,Automatic,1600,Sedan,270000.0,1,0,1,0,0,0,0,0,0,0,0,0,0,1,0,0,0,1,0,0,0
Chevrolet,Aveo,300000,2011,Benzine,Automatic,1400,Sedan,380000.0,0,0,0,0,0,0,0,0,0,0,0,0,0,0,0,0,0,0,0,0,0
Toyota,Yaris,207000,2008,Benzine,Manual,1300,Sedan,440000.0,1,0,0,0,0,0,0,0,0,0,0,0,0,0,0,0,0,0,0,0,0
Volkswagen,Parati,180000,2005,Natural Gas,Manual,1600,Hatchback,145000.0,0,0,0,0,0,0,0,0,0,0,0,0,0,0,0,0,0,0,0,0,0
Mercedes-Benz,C200,171400,2009,Benzine,Automatic,1800,Sedan,1100000.0,1,0,0,0,0,0,0,0,0,0,0,0,0,0,0,0,0,0,0,0,0
Skoda,Octavia,220000,2014,Benzine,Automatic,1400,Sedan,650000.0,0,0,1,0,0,0,0,0,0,0,0,0,0,0,0,0,0,0,0,0,0
Speranza,A516,355,2010,Natural Gas,Manual,1600,Sedan,275000.0,1,0,1,0,1,0,0,0,1,0,0,0,0,0,0,0,0,0,0,0,1
Mercedes-Benz,C180,100000,2018,Benzine,Automatic,1600,Sedan,2000000.0,0,0,0,0,0,0,0,0,0,0,0,0,0,0,0,0,0,0,0,0,0
Toyota,Corolla,33000,2020,Benzine,Automatic,1600,Sedan,965000.0,1,1,0,0,0,0,0,0,0,0,0,0,0,0,0,0,0,0,0,0,0
Jeep,Cherokee,230000,2012,Benzine,Automatic,3700,4X4,900000.0,0,0,0,0,0,0,0,0,0,0,0,0,0,0,0,0,0,0,0,0,0
Mercedes-Benz,C180,38000,2020,Benzine,Automatic,1600,Sedan,2500000.0,1,1,0,0,0,0,0,0,0,0,0,0,0,0,0,0,0,0,0,0,0
Mercedes-Benz,C180,125000,2020,Benzine,Automatic,1500,Sedan,2100000.0,0,0,0,0,0,1,0,0,0,0,0,0,0,0,0,0,0,0,0,0,0
Volkswagen,Passat,200000,2010,Benzine,Automatic,1400,Sedan,750000.0,1,0,0,0,0,0,0,0,0,0,0,0,0,0,0,0,0,0,0,0,0
MG,ZS,123000,2022,Benzine,Automatic,1500,SUV,690000.0,1,0,0,0,0,0,0,0,0,1,0,1,1,0,1,1,1,1,0,1,0
Volvo,XC90,114500,2019,Benzine,Automatic,2000,SUV,2150000.0,0,0,0,0,0,0,0,0,0,0,0,0,0,0,0,0,0,0,0,0,0
Geely,Emgrand X7,50000,2019,Benzine,Automatic,1600,Hatchback,720000.0,1,0,1,0,0,1,0,1,1,1,0,1,0,1,1,0,1,0,1,0,0
Mercedes-Benz,A200,50000,2021,Benzine,Automatic,1600,Sedan,1380000.0,0,0,0,1,0,0,0,0,0,0,0,0,0,0,0,0,0,0,0,0,0
Changan,Benni mini,62000,2015,Benzine,Manual,1000,Hatchback,265000.0,1,0,0,0,0,0,0,0,0,0,0,0,0,0,0,0,0,0,0,1,0
Skoda,Roomster,134000,2008,Benzine,Manual,1600,MPV,385000.0,1,0,0,0,0,0,0,0,0,0,0,0,0,0,0,0,0,1,0,0,0
Suzuki,Van,425000,1993,Benzine,Manual,1300,Van / Bus,160000.0,0,0,0,0,0,0,0,0,0,0,0,0,0,0,0,0,0,0,0,0,0
Opel,Insignia,90000,2019,Benzine,Automatic,1600,Sedan,1050000.0,1,1,0,0,1,0,0,0,1,0,0,0,0,0,0,0,0,0,0,0,0
Mercedes-Benz,A200,75000,1998,Benzine,Automatic,2000,Sedan,1050000.0,1,0,0,0,0,0,0,0,0,0,0,0,0,0,0,0,0,0,0,0,0
Chevrolet,Aveo,152000,2014,Benzine,Automatic,1500,Sedan,465000.0,1,0,1,0,1,0,0,0,0,0,0,0,0,0,0,0,0,0,0,0,0
Hyundai,Accent,130000,2015,Benzine,Automatic,1600,Sedan,560000.0,1,1,0,0,1,0,0,0,0,0,0,0,0,0,0,0,0,1,0,0,0
BMW,320,140000,2018,Benzine,Automatic,2000,Sedan,1580000.0,0,0,0,0,1,0,0,1,0,1,1,0,1,0,1,0,0,1,1,0,0
Hyundai,Accent,71000,2010,Benzine,Manual,1600,Sedan,460000.0,1,0,0,0,1,0,0,0,0,0,0,0,0,0,0,0,0,0,0,0,0
Mercedes-Benz,C180,250000,2013,Benzine,Automatic,1600,Sedan,980000.0,1,0,0,0,0,0,0,0,0,0,0,0,0,0,0,0,0,0,0,0,0
Opel,Astra,142000,2017,Benzine,Automatic,1600,Sedan,650000.0,1,0,0,0,1,0,0,0,0,0,0,0,0,0,0,0,0,0,0,0,0
BMW,520,238000,2014,Benzine,Automatic,2000,Sedan,1550000.0,1,0,0,0,0,0,0,0,0,0,0,0,0,0,0,0,0,1,0,0,0
Opel,Corsa,50000,1996,Benzine,Automatic,1200,Hatchback,200000.0,0,0,0,0,0,0,0,0,0,1,0,0,0,0,0,0,0,0,0,1,0
Suzuki,Swift,31000,2021,Benzine,Automatic,1200,Hatchback,650000.0,1,1,0,0,0,0,0,0,0,1,0,1,0,1,1,1,1,1,1,0,0
Seat,Ateca,66000,2022,Benzine,Automatic,1400,SUV,1650000.0,1,0,0,0,0,1,0,0,0,0,0,0,0,0,0,0,0,0,0,0,0
Geely,Ck2,100000,2009,Benzine,Manual,1300,Other,160000.0,0,0,0,0,0,0,0,0,0,0,0,0,0,0,0,0,0,0,0,0,0
BMW,320,184000,2014,Benzine,Automatic,2000,Sedan,1150000.0,0,0,1,0,0,0,0,0,0,0,0,0,0,0,0,0,0,0,0,0,0
Hyundai,Verna,230000,2018,Benzine,Automatic,1600,Sedan,550000.0,0,0,0,0,0,0,0,0,0,0,0,0,0,0,0,0,0,0,0,0,0
Volkswagen,Jetta,160000,2008,Benzine,Automatic,2000,Sedan,650000.0,0,0,0,0,0,0,0,0,0,0,0,0,0,0,0,0,0,0,0,0,0
Skoda,Superb,72000,2014,Benzine,Automatic,1400,Sedan,975000.0,0,0,1,0,0,0,0,0,1,0,1,0,0,0,0,1,1,1,1,0,0
Kia,Sportage,80000,2020,Benzine,Automatic,1600,SUV,1380000.0,1,0,1,0,0,0,0,0,0,0,0,0,0,0,0,0,0,0,0,0,0
Brilliance,FRV,180000,2009,Benzine,Manual,1600,Hatchback,220000.0,0,0,0,0,0,0,0,0,0,0,0,0,0,0,0,0,0,1,0,0,0
Daewoo,Nubira,300000,2006,Benzine,Manual,1600,Sedan,250000.0,1,0,0,0,0,0,0,0,0,0,0,0,0,0,0,0,0,0,0,0,0
BYD,F3,90000,2020,Natural Gas,Automatic,1500,Sedan,500000.0,1,0,1,0,0,0,0,0,0,0,0,0,0,0,0,0,0,0,0,0,0
Renault,Clio,195000,2002,Benzine,Manual,1200,Sedan,230000.0,1,0,0,0,0,0,0,0,0,0,0,0,0,0,0,0,0,0,0,0,0
Hyundai,Matrix,200000,2006,Benzine,Automatic,1600,Hatchback,460000.0,0,0,0,0,1,0,0,0,0,0,0,0,0,0,0,0,0,1,0,0,1
Renault,Duster,88000,2021,Benzine,Automatic,1600,SUV,720000.0,1,0,0,0,0,1,0,0,0,0,0,0,0,0,1,0,0,0,0,0,0
Mercedes-Benz,C200,50000,2021,Benzine,Automatic,1500,Convertible,2600000.0,0,0,0,0,0,0,0,0,0,0,0,0,0,0,0,0,0,0,0,0,0
BMW,520,80000,2018,Benzine,Automatic,1600,Sedan,2100000.0,0,0,0,0,0,0,0,1,0,0,0,0,0,0,0,0,0,1,0,0,0
Mitsubishi,Lancer,330000,1998,Benzine,Manual,1300,Sedan,275000.0,1,0,1,0,0,0,0,0,0,0,0,0,0,0,0,0,0,0,0,0,0
Skoda,Kodiaq,111000,2019,Benzine,Automatic,1400,SUV,1500000.0,0,0,0,0,0,0,0,0,0,0,0,0,0,0,0,0,0,0,0,0,0
Nissan,X-Trail,230000,2009,Benzine,Automatic,2400,Hatchback,590000.0,1,0,1,0,0,0,0,0,0,1,0,0,0,0,0,0,0,0,0,0,0
Hyundai,Tucson,123000,2021,Benzine,Automatic,1600,SUV,1300000.0,1,1,1,0,0,0,0,0,1,0,1,1,1,0,1,0,0,0,0,0,0
Fiat,Uno,63455,1998,Benzine,Manual,1000,Hatchback,180000.0,1,0,1,0,0,0,0,0,1,0,0,0,0,0,0,0,0,0,0,0,1
Mazda,3,160000,2008,Benzine,Automatic,2000,Sedan,380000.0,0,0,1,0,0,0,0,0,0,0,0,0,0,0,0,0,0,0,0,0,1
Daewoo,Lanos,165000,1999,Benzine,Automatic,1500,Sedan,275000.0,1,0,1,0,0,0,0,0,0,0,0,0,0,0,0,0,0,1,0,0,0
Kia,Sportage,30000,2024,Benzine,Automatic,1600,Hatchback,1850000.0,0,1,0,0,0,0,0,0,0,0,0,0,0,0,0,0,0,0,0,0,0
Renault,Duster,230000,2017,Benzine,Automatic,1600,SUV,520000.0,1,1,1,0,0,0,0,0,0,0,1,0,0,1,0,1,1,1,0,1,1
Volkswagen,Passat,315000,2000,Benzine,Automatic,2000,Estate,340000.0,0,0,0,0,0,0,0,0,0,0,0,0,0,1,0,0,0,0,0,0,0
Speranza,A516,130000,2009,Benzine,Manual,1600,Sedan,235000.0,1,0,0,0,0,0,0,0,0,0,0,0,0,0,0,0,0,0,0,0,0
Renault,Logan,250000,2010,Benzine,Manual,1600,Sedan,285000.0,1,0,1,0,0,0,0,0,0,0,0,0,0,0,0,0,0,1,0,0,0
Hyundai,Verna,204000,2012,Benzine,Manual,1600,Sedan,350000.0,0,0,0,0,1,0,0,0,0,0,0,0,0,0,0,0,0,1,0,0,1
Nissan,Qashqai,128000,2021,Benzine,Automatic,1200,SUV,850000.0,0,0,0,0,0,0,0,0,0,0,0,0,0,0,0,0,0,0,0,0,0
Fiat,131,100000,1983,Benzine,Manual,1300,Sedan,160000.0,0,0,1,0,0,0,0,0,0,0,0,0,0,0,0,0,0,0,0,0,0
Fiat,Tipo,100000,2020,Benzine,Automatic,1600,Sedan,720000.0,0,0,0,0,0,0,0,0,0,0,0,0,0,0,0,0,0,0,0,0,0
MG,ZS,43000,2025,Diesel,Automatic,1500,SUV,1025000.0,0,0,0,0,0,0,0,0,0,0,0,0,0,0,0,0,0,0,0,0,0
Audi,Q3,99000,2015,Benzine,Automatic,1600,SUV,1200000.0,0,0,0,0,1,0,0,0,0,0,0,0,0,0,0,0,0,0,0,0,0
Skoda,Kodiaq,200000,2020,Benzine,Automatic,1400,SUV,1380000.0,1,0,0,0,0,0,0,0,0,0,0,0,0,0,0,0,0,0,0,0,0
Kia,Carens,130000,2010,Benzine,Automatic,1600,SUV,700000.0,1,0,1,0,0,0,0,0,0,0,0,0,0,0,0,0,0,0,0,0,0
Kia,Sorento,137000,2021,Benzine,Automatic,3500,Estate,1460000.0,1,0,0,0,0,1,0,0,0,0,0,0,0,0,0,0,0,0,0,0,0
Chery,Envy,10000,2017,Benzine,Manual,1500,Sedan,390000.0,0,0,0,0,0,0,0,0,1,0,0,0,0,0,0,1,0,0,0,0,0
Skoda,Fantasia,200,2010,Benzine,Automatic,1600,Sedan,580000.0,1,1,0,0,1,0,0,0,0,0,0,0,0,0,0,0,0,0,0,0,0
Jeep,Grand Cherokee,200000,2001,Benzine,Automatic,4000,SUV,480000.0,1,0,1,0,1,0,0,0,0,0,0,0,0,0,0,0,0,1,0,0,0
BMW,316,135000,2014,Benzine,Automatic,1600,Sedan,900000.0,0,0,0,0,1,0,0,0,0,0,0,0,0,0,0,0,0,0,0,0,0
Peugeot,3008,20000,2023,Benzine,Automatic,1600,Hatchback,1475000.0,1,1,0,0,0,0,0,0,0,0,0,0,0,0,0,0,0,0,0,0,1
Mitsubishi,Lancer,386000,1996,Benzine,Manual,1500,Sedan,280000.0,0,0,0,0,0,0,0,0,0,0,0,0,0,0,0,0,0,0,0,0,0
Mitsubishi,Lancer,205000,2017,Benzine,Automatic,1600,Sedan,600000.0,1,1,0,0,0,0,0,0,0,0,0,0,0,0,0,0,0,0,0,0,0
Chevrolet,Lanos,136000,2015,Natural Gas,Automatic,1500,Sedan,300000.0,1,0,0,0,0,0,0,0,0,0,0,1,0,0,0,0,0,0,0,0,0
Kia,Pride,300000,1997,Benzine,Manual,1100,Hatchback,110000.0,0,0,1,0,1,0,0,0,0,0,0,0,0,0,0,0,0,0,0,0,0
Chevrolet,N300,97700,2019,Benzine,Manual,1200,Van / Bus,450000.0,0,0,0,0,0,0,0,0,0,0,0,0,0,0,0,0,0,0,0,0,0
Hyundai,Avante,140000,2000,Benzine,Automatic,1500,Sedan,350000.0,1,0,0,0,0,0,0,0,0,0,0,0,0,0,0,0,1,1,0,1,0
Speranza,A516,250000,2009,Benzine,Manual,1600,Sedan,230000.0,0,0,0,0,0,0,0,0,0,0,0,0,0,0,0,0,0,0,0,0,0
Peugeot,307,165,2007,Benzine,Manual,1600,Convertible,450000.0,1,1,1,0,1,0,0,0,0,0,0,0,0,0,0,0,0,0,0,0,0
Chevrolet,Cruze,200000,2010,Benzine,Manual,1600,Sedan,390000.0,1,1,1,0,0,0,0,0,1,0,0,0,0,0,0,0,0,1,0,0,0
Chevrolet,Aveo,220000,2012,Natural Gas,Manual,1500,Sedan,293000.0,0,0,1,0,0,0,0,0,0,0,0,0,0,0,0,0,0,0,0,0,0
Fiat,Shahin,100000,2002,Benzine,Manual,1400,Sedan,170000.0,1,0,1,0,0,0,0,0,0,0,0,0,0,1,0,0,0,0,0,0,0
Daihatsu,Charade,300000,1990,Benzine,Manual,1300,Sedan,110000.0,0,0,1,0,0,0,0,0,1,0,0,0,0,0,0,0,0,0,0,0,0
Volkswagen,Pointer,60000,2001,Benzine,Manual,1400,Hatchback,185000.0,1,0,0,0,0,0,0,0,0,0,0,0,0,0,0,0,0,1,0,0,0
BYD,L3,261000,2015,Natural Gas,Automatic,1500,Sedan,300000.0,0,0,1,0,0,0,0,0,0,0,0,0,0,0,0,0,0,0,0,0,0
Hyundai,Tucson,140000,2019,Benzine,Automatic,1600,SUV,1350000.0,1,0,0,0,0,1,0,0,0,0,0,0,0,0,0,0,0,0,0,0,0
Daewoo,Lanos,144000,2002,Benzine,Automatic,1600,Sedan,295000.0,1,0,1,0,1,0,0,0,1,0,0,0,0,0,0,0,0,0,0,0,0
Geely,Emgrand 7,171000,2017,Benzine,Manual,1500,Sedan,320000.0,1,0,0,1,0,0,0,0,0,0,0,0,0,0,0,0,0,0,0,0,0
Toyota,Corolla,170000,2021,Benzine,Automatic,1600,Sedan,850000.0,1,0,1,0,0,0,0,0,0,0,0,0,0,0,0,0,0,0,0,0,0
Fiat,Punto,200000,2000,Benzine,Manual,1300,Hatchback,165000.0,1,0,1,0,0,0,0,0,0,0,0,0,0,0,0,0,0,0,0,0,0
Ssang Yong,Torres,40000,2025,Benzine,Automatic,1500,Hatchback,1950000.0,0,0,0,0,0,0,0,0,0,0,0,0,0,0,0,0,0,0,0,0,0
Opel,Astra,157000,2020,Benzine,Automatic,1400,Sedan,650000.0,0,0,0,0,0,0,0,0,0,0,0,0,0,0,0,0,0,0,0,0,0
Audi,A4,78000,2023,Benzine,Automatic,2000,Sedan,2200000.0,0,1,0,0,0,0,0,0,0,0,0,0,0,0,0,0,0,1,0,0,0
Suzuki,Van,120000,2017,Benzine,Manual,1400,Pickup,200000.0,0,0,1,0,0,0,0,0,0,0,0,0,0,0,0,0,0,0,0,0,0
Mercedes-Benz,C250,270000,2010,Benzine,Automatic,1800,Sedan,940000.0,1,0,0,0,0,0,0,0,0,0,0,0,0,0,0,0,0,0,0,0,0
Nissan,Qashqai,65000,2021,Benzine,Automatic,1200,SUV,1020000.0,1,0,0,0,0,1,0,0,0,0,0,0,0,0,0,0,0,0,0,0,0
Hyundai,Accent,130000,2012,Benzine,Automatic,1600,Sedan,550000.0,1,1,0,0,1,0,0,1,0,1,0,1,0,1,0,0,0,1,0,0,0
Daewoo,Nubira,385000,2005,Benzine,Manual,1500,Sedan,260000.0,0,0,0,0,0,0,0,0,0,0,0,0,0,0,0,0,0,0,0,0,0
Peugeot,3008,50000,2021,Benzine,Automatic,1600,SUV,1600000.0,0,0,0,1,1,0,0,0,0,0,0,0,0,0,0,0,0,1,0,0,0
Kia,Cerato,128000,2020,Benzine,Automatic,1600,Sedan,860000.0,1,0,1,0,0,0,0,0,0,0,0,0,0,0,0,1,1,0,0,0,0
Peugeot,307,450000,2008,Benzine,Automatic,1600,Hatchback,345000.0,0,0,1,0,0,0,0,0,0,0,0,0,0,0,0,0,0,0,0,0,0
Chevrolet,N300,120000,2020,Benzine,Manual,1200,Van / Bus,420000.0,1,0,0,0,0,0,0,0,0,0,0,0,0,0,0,0,0,0,0,0,0
BMW,X3,148000,2012,Benzine,Automatic,3000,Estate,1300000.0,0,0,0,0,0,0,0,0,0,0,0,0,0,0,0,0,0,0,0,0,0
Hyundai,Tucson,90000,2020,Benzine,Automatic,1600,SUV,1300000.0,0,0,0,0,0,0,0,0,0,0,0,0,0,0,0,0,0,0,0,0,0
Renault,Kadjar,65000,2022,Benzine,Automatic,1200,SUV,899000.0,1,1,1,0,0,0,0,0,1,0,1,0,0,0,0,0,0,0,0,0,0
Daewoo,Lanos,195000,1999,Benzine,Manual,1500,Sedan,220000.0,0,0,0,0,0,0,0,0,0,0,0,0,0,0,0,0,0,0,0,0,0
Ford,Focus,205000,2014,Benzine,Automatic,1500,Sedan,490000.0,0,0,1,1,1,0,0,1,1,0,1,0,0,0,0,0,0,0,0,0,0
Chevrolet,Spark,80500,2011,Benzine,Manual,1000,Hatchback,180000.0,0,0,0,1,0,0,0,0,1,0,0,0,0,0,0,0,0,1,0,0,0
MG,HS,70000,2021,Benzine,Automatic,1500,4X4,1030000.0,0,1,0,0,0,1,0,0,0,0,0,0,0,0,0,0,0,0,0,0,0
BMW,320,55000,2015,Benzine,Automatic,2000,SUV,2100000.0,0,0,0,0,1,0,0,1,0,0,1,0,0,0,0,0,0,1,0,0,0
BMW,X5,170000,2019,Benzine,Automatic,4400,SUV,2250000.0,0,0,0,0,0,0,0,1,0,0,0,0,0,0,0,0,0,1,0,0,0
Seat,Ibiza,121000,2010,Benzine,Automatic,1600,Hatchback,460000.0,0,0,0,0,0,0,0,0,0,0,0,0,0,0,0,0,0,0,0,0,0
Opel,Vectra,255000,2008,Benzine,Automatic,1600,Sedan,440000.0,1,0,1,0,1,0,0,0,0,1,0,1,0,0,0,0,0,1,0,0,0
Hyundai,Tucson,67000,2020,Benzine,Automatic,1600,SUV,1350000.0,1,0,1,0,0,0,0,0,0,0,0,0,0,0,0,0,0,0,0,0,0
Nissan,Sunny,430000,2007,Diesel,Automatic,1600,Sedan,290000.0,0,0,1,1,1,0,0,0,0,0,0,0,0,0,0,0,0,1,0,0,0
Seat,Tarraco,21000,2024,Benzine,Automatic,1400,SUV,2080000.0,0,0,0,0,0,0,0,0,0,1,0,0,0,0,0,0,0,0,0,0,0
Mazda,3,140000,2018,Benzine,Automatic,1600,Sedan,710000.0,1,1,0,0,0,0,0,0,0,0,0,0,0,0,0,0,0,0,0,0,0
Skoda,Octavia,315000,2016,Benzine,Automatic,1600,Sedan,750000.0,1,0,1,0,0,0,0,0,1,0,0,0,0,0,0,0,0,0,0,0,0
Toyota,Avensis,350000,2008,Benzine,Manual,1600,Sedan,300000.0,0,0,1,0,0,0,0,0,0,0,0,0,0,1,0,0,0,0,0,0,0
Suzuki,Grand Vitara,137000,2007,Benzine,Automatic,2000,4X4,590000.0,0,0,1,0,1,0,0,0,0,0,0,0,0,0,0,0,0,0,0,0,0
Honda,Civic,76000,2019,Benzine,Automatic,1600,Sedan,1080000.0,1,0,1,0,0,1,0,0,0,0,1,1,1,0,1,0,0,0,0,1,0
Geely,Imperial,175000,2019,Benzine,Automatic,1600,Sedan,480000.0,1,0,0,0,0,0,0,0,0,0,0,0,0,0,0,0,0,0,0,0,0
Daewoo,Lanos,200000,2004,Benzine,Manual,1600,Sedan,235000.0,1,0,1,0,1,0,0,0,0,0,0,0,0,0,0,0,0,0,0,0,0
Opel,Corsa,94000,2016,Benzine,Automatic,1400,Hatchback,550000.0,1,0,0,0,0,0,0,1,0,1,0,0,1,0,0,0,0,0,0,0,0
Peugeot,406,400,2002,Benzine,Automatic,2000,Sedan,300000.0,0,0,1,0,0,0,0,0,1,0,0,0,0,0,0,0,0,0,0,0,0
Chevrolet,Equinox,95000,2019,Benzine,Automatic,1600,SUV,950000.0,1,0,0,0,0,0,0,0,0,0,0,0,0,0,0,0,0,0,0,0,0
Chevrolet,Optra,230000,2008,Benzine,Automatic,1600,Sedan,420000.0,1,0,1,0,0,0,0,0,0,0,0,0,0,0,0,0,0,0,0,0,0
Renault,Duster,225000,2014,Benzine,Manual,1600,SUV,450000.0,0,0,1,0,0,0,0,0,0,0,0,0,0,0,0,0,0,0,0,0,0
BYD,F3,260000,2012,Natural Gas,Manual,1600,Sedan,265000.0,0,0,0,0,0,0,0,0,0,0,0,0,0,0,0,0,0,0,0,0,0
Hyundai,Matrix,191000,2010,Benzine,Automatic,1600,Sedan,400000.0,1,0,0,0,0,0,0,0,0,0,0,0,0,0,0,0,0,0,0,0,0
Toyota,Corolla,8000,2025,Benzine,Automatic,1600,Sedan,1550000.0,0,1,0,0,0,0,0,0,0,0,0,0,0,0,0,0,0,0,0,0,0
Speranza,M11,104000,2010,Benzine,Manual,1600,Sedan,215000.0,1,0,1,1,1,0,0,0,1,0,1,0,0,0,0,1,0,1,0,0,0
Skoda,Octavia,169000,2020,Benzine,Automatic,1600,Sedan,1100000.0,1,1,1,0,0,0,0,0,0,0,1,1,1,1,1,1,1,0,0,0,0
BMW,320,140000,2017,Benzine,Automatic,2000,Sedan,2200000.0,1,1,0,0,0,0,0,0,0,0,0,0,0,0,0,0,0,0,0,0,0
Hyundai,Accent,180000,2007,Benzine,Automatic,1600,Sedan,400000.0,1,0,1,0,0,0,0,0,0,0,0,0,0,0,0,0,0,0,0,0,0
Renault,Logan,351000,2016,Benzine,Automatic,1600,Sedan,280000.0,0,0,0,0,0,0,0,0,0,0,0,0,0,0,0,0,0,0,0,0,0
Skoda,Kodiaq,120000,2019,Benzine,Automatic,1400,SUV,1525000.0,0,0,0,0,0,0,0,0,0,0,0,0,0,0,0,0,0,0,0,0,0
Audi,A3,125000,2015,Benzine,Automatic,1400,Sports / Coupe,1130000.0,0,0,0,0,0,1,0,0,0,0,0,0,0,0,0,0,0,0,0,0,0
Mitsubishi,Lancer,200000,2016,Diesel,Automatic,1500,Sedan,670000.0,0,0,0,0,0,0,0,0,0,0,0,0,0,0,0,0,0,0,0,0,0
Hyundai,Avante,16000,2024,Benzine,Automatic,1600,Sedan,1430000.0,1,1,0,0,0,0,0,1,1,0,0,0,0,0,0,0,1,0,0,0,0
Daewoo,Racer,200000,1994,Benzine,Manual,1500,Sedan,125000.0,0,0,1,0,1,0,1,0,1,0,0,0,0,1,0,0,0,0,0,1,0
Toyota,Corolla,182536,1992,Benzine,Manual,1300,Sedan,225000.0,1,0,0,0,0,0,0,0,0,0,0,0,0,0,0,0,0,0,0,0,0
Renault,Sandero Stepway,40000,2022,Benzine,Automatic,1600,Hatchback,620000.0,0,0,0,0,0,1,0,0,0,0,0,0,0,0,0,0,0,0,0,0,0
Nissan,Sentra,131000,2017,Benzine,Automatic,1600,Sedan,580000.0,0,0,0,0,0,0,0,0,0,0,0,0,0,0,1,0,0,0,0,0,0
Volkswagen,Golf,24000,2014,Benzine,Automatic,1400,Hatchback,850000.0,1,0,0,0,0,0,0,0,0,0,0,0,0,0,0,0,0,0,0,0,0
Nissan,Juke,125000,2021,Benzine,Automatic,1200,SUV,840000.0,1,0,0,0,0,0,0,0,0,0,0,0,0,0,0,0,0,0,0,0,0
BYD,F3,260000,2014,Benzine,Automatic,1600,Sedan,320000.0,0,0,1,0,0,0,0,0,1,0,0,0,0,0,0,0,0,0,0,0,0
Kia,Sportage,108000,2019,Benzine,Automatic,1600,Hatchback,1350000.0,1,0,1,0,0,1,0,0,1,1,1,1,0,0,0,0,0,0,1,0,0
Hyundai,Bayon,100000,2022,Benzine,Automatic,1400,Hatchback,720000.0,1,0,0,0,0,0,0,0,0,0,0,0,0,0,0,0,0,0,0,0,0
Renault,Dokker,120000,2021,Benzine,Manual,1600,Pickup,320000.0,0,0,0,0,0,0,0,0,0,0,0,0,0,0,0,0,0,0,0,0,0
Peugeot,208,97000,2015,Benzine,Automatic,1600,Hatchback,500000.0,1,1,1,1,0,0,0,0,0,0,0,0,0,0,0,0,0,1,1,0,0
Hyundai,Verna,209000,2015,Benzine,Automatic,1599,Sedan,290000.0,0,1,1,0,1,0,0,0,1,0,0,0,0,0,0,0,0,0,0,0,0
Chevrolet,Lanos,55000,2014,Benzine,Manual,1500,Sedan,365000.0,1,0,1,0,0,0,0,0,0,0,0,0,0,0,0,0,0,0,0,0,0
BMW,X1,97000,2020,Benzine,Automatic,1500,SUV,2000000.0,1,0,0,0,0,0,0,0,0,0,0,0,0,0,0,0,0,0,0,0,0
Citroen,C4,234000,2006,Benzine,Automatic,1600,Hatchback,325000.0,1,0,1,0,0,0,0,0,0,0,0,0,0,0,0,0,0,1,0,0,0
Speranza,A113,177000,2009,Benzine,Manual,1300,Hatchback,185000.0,1,0,0,0,0,0,0,0,0,0,0,0,0,0,0,0,0,0,0,0,0
BYD,F3,100000,2024,Benzine,Automatic,1500,Sedan,550000.0,0,0,1,0,0,0,0,0,1,0,0,0,0,0,0,0,0,0,0,0,0
Daewoo,Nubira,250000,2006,Benzine,Manual,1600,Sedan,220000.0,1,0,1,0,0,0,0,0,0,0,0,0,0,0,0,0,0,0,0,0,0
Volkswagen,Passat,148000,2021,Benzine,Automatic,1400,Sedan,1375000.0,0,0,0,0,0,0,0,0,0,0,0,0,0,0,0,0,0,0,0,0,0
Renault,Sandero,9000,2020,Benzine,Automatic,1600,Hatchback,565000.0,0,1,1,0,0,0,0,0,1,0,0,0,0,0,0,0,0,0,0,0,0
Hyundai,Verna,280000,2007,Benzine,Manual,1600,Sedan,280000.0,0,0,1,0,0,0,0,0,0,0,0,0,0,0,0,0,0,0,0,0,0
Peugeot,508,96000,2017,Benzine,Automatic,1600,Sedan,820000.0,1,0,0,0,0,0,0,0,0,0,0,0,0,0,0,0,0,0,0,0,0
Kia,Cerato,150000,2013,Benzine,Automatic,1600,Sedan,580000.0,1,0,1,0,0,0,0,0,0,0,0,0,0,0,0,0,0,0,0,0,0
Daewoo,Nubira,11395,2001,Benzine,Manual,1600,Sedan,210000.0,0,0,0,0,0,0,0,0,0,0,0,0,0,0,0,0,0,0,0,0,0
Kia,Sportage,55000,2022,Benzine,Automatic,1600,SUV,1680000.0,1,0,0,0,0,0,0,0,0,0,0,0,0,0,0,1,1,0,1,1,0
Daihatsu,Terios,219000,2009,Benzine,Automatic,1500,Estate,440000.0,1,0,0,0,0,0,0,0,0,0,0,0,0,0,0,0,0,1,0,0,0
Jeep,Cherokee,100000,1995,Benzine,Automatic,4000,4X4,280000.0,1,0,1,0,0,0,0,0,0,0,0,0,0,0,0,0,0,0,0,0,0
BMW,318,160000,2016,Benzine,Automatic,1500,Sedan,1050000.0,1,1,0,0,0,0,0,0,0,0,0,0,0,0,0,0,0,0,0,0,0
Chevrolet,Lanos,250000,2011,Natural Gas,Manual,1500,Sedan,255000.0,0,0,0,0,0,0,0,0,0,0,0,0,0,0,0,0,0,0,0,0,0
Renault,Captur,140000,2018,Benzine,Automatic,1600,SUV,550000.0,1,1,1,0,0,1,0,0,1,0,0,0,0,0,0,0,0,0,0,0,1
Alfa Romeo,156,112000,2000,Benzine,Automatic,2500,Sedan,250000.0,0,1,1,0,0,0,0,0,1,1,1,1,0,0,0,0,0,1,1,0,0
MG,MG 6,75000,2021,Benzine,Automatic,1600,Sedan,800000.0,1,0,0,0,0,1,0,0,0,0,0,0,0,0,0,0,0,0,0,0,0
Speranza,A11,200000,2006,Benzine,Manual,1600,Sedan,125000.0,1,0,1,0,0,0,0,0,0,0,0,0,0,0,0,0,0,1,0,0,0
Toyota,Corolla,237000,2014,Benzine,Automatic,1600,Sedan,710000.0,0,0,1,0,0,0,0,0,0,0,0,0,0,0,1,0,0,0,0,1,0
Renault,Logan,112000,2018,Benzine,Automatic,1600,Sedan,445445.0,0,0,0,0,0,0,0,0,0,0,0,0,0,0,0,0,0,0,0,0,0
Chevrolet,Optra,81000,2023,Benzine,Automatic,1500,Sedan,625000.0,0,1,0,0,0,0,0,1,0,1,0,1,0,1,0,1,1,0,0,1,0
BMW,316,87000,2010,Benzine,Automatic,1600,Sedan,860000.0,0,1,0,0,0,1,0,0,0,0,0,0,0,0,0,0,0,0,0,0,0
Peugeot,405,130000,2009,Benzine,Manual,1600,Sedan,295000.0,1,1,0,0,1,0,0,0,0,0,0,0,0,0,0,0,0,1,0,0,0
Peugeot,508,95000,2022,Benzine,Automatic,1600,Sedan,1300000.0,1,0,1,0,0,0,0,0,0,0,0,0,0,0,0,0,0,0,0,0,0
Nissan,Sunny,300000,2002,Benzine,Manual,1300,Sedan,280000.0,0,0,0,0,0,0,0,0,0,0,0,0,0,0,0,0,0,1,0,0,0
Renault,Fluence,230000,2011,Benzine,Automatic,1600,Sedan,350000.0,0,0,0,0,0,0,0,0,0,0,0,0,0,0,0,0,0,0,0,1,0
Lada,2107,149000,2005,Benzine,Manual,1500,Sedan,105000.0,0,0,1,0,0,0,0,0,0,0,0,0,0,0,0,0,0,0,0,0,0
Mercedes-Benz,C180,45000,2023,Benzine,Automatic,1500,Sedan,2680000.0,0,0,0,0,0,0,0,1,0,0,0,0,0,0,0,0,0,1,0,0,0
Fiat,Tipo,132500,2021,Benzine,Automatic,1600,Sedan,670000.0,0,0,1,1,1,0,0,0,0,0,0,0,0,0,0,0,0,0,0,0,0
Toyota,Avanza,110000,2007,Benzine,Automatic,1500,Hatchback,560000.0,0,0,0,0,0,0,0,0,0,0,0,0,0,0,0,0,0,0,0,0,0
Toyota,Corolla,98000,2023,Benzine,Automatic,1600,Sedan,1155000.0,0,1,0,0,1,0,0,0,0,1,1,0,0,0,0,1,0,1,0,0,0
Mercedes-Benz,A200,88000,2014,Benzine,Automatic,2000,Sedan,2050000.0,1,0,0,0,0,0,0,0,0,0,0,0,0,0,0,0,0,0,0,0,0
Renault,Kadjar,115000,2020,Benzine,Automatic,1200,SUV,895000.0,1,1,0,0,0,0,0,0,0,0,0,0,0,0,0,0,0,0,0,0,0
Haval,H6,130000,2023,Benzine,Automatic,1600,SUV,940000.0,1,0,0,0,1,0,0,1,1,1,1,0,1,1,1,0,0,0,0,0,0
Suzuki,Swift,190000,1993,Benzine,Manual,1300,Sedan,125000.0,1,0,0,0,1,0,0,0,0,0,0,0,0,0,0,0,0,0,0,0,0
Daewoo,Nubira,111666,1997,Benzine,Manual,1498,Sedan,180000.0,1,0,0,0,0,0,0,0,0,1,0,0,0,0,0,0,0,0,0,0,0
Subaru,XV,168000,2018,Benzine,Automatic,1600,SUV,1000000.0,0,0,0,0,0,0,0,0,0,0,0,0,0,0,0,0,0,0,0,0,1
Hyundai,Elantra,250000,2013,Benzine,Automatic,1600,Sedan,580000.0,0,0,0,0,0,0,0,0,0,0,0,0,0,0,0,0,0,0,0,0,0
Hyundai,Verna,333000,2008,Natural Gas,Manual,1500,Sedan,200000.0,0,0,1,0,0,0,0,0,0,0,0,0,0,0,0,0,0,1,0,0,0
Hyundai,Tucson,140000,2019,Benzine,Automatic,1600,Hatchback,1220000.0,1,0,0,0,0,1,0,0,0,0,0,0,0,0,0,0,0,0,0,1,0
Hyundai,Accent,350000,1999,Benzine,Manual,1500,Sedan,210000.0,1,1,1,0,0,0,0,0,0,0,0,0,0,0,0,0,0,0,0,0,0
Hyundai,Accent,30000,2024,Benzine,Automatic,1600,Sedan,735000.0,1,1,0,0,0,1,0,0,0,0,0,0,0,0,0,0,0,0,0,0,0
Ford,Escort,200000,1997,Benzine,Manual,1600,Sedan,140000.0,0,0,0,0,1,0,0,0,0,0,0,0,0,0,0,0,0,0,0,0,0
Ford,EcoSport,80000,2019,Benzine,Automatic,1000,Hatchback,635000.0,1,0,0,0,1,1,0,0,0,0,0,0,0,0,0,0,0,0,0,0,0
Opel,Vectra,170000,1999,Benzine,Automatic,2000,Sedan,290000.0,0,0,1,0,0,0,0,0,0,0,0,0,0,0,0,0,0,0,0,0,0
Hyundai,Matrix,150000,2009,Benzine,Manual,1600,Hatchback,420000.0,1,0,0,0,1,0,0,0,0,0,0,0,0,0,0,0,0,0,0,0,0
Peugeot,508,120000,2020,Benzine,Automatic,1600,Sedan,1150000.0,1,0,0,0,0,0,0,0,0,0,0,0,0,0,0,0,0,0,0,0,0
Nissan,Sunny,380000,2010,Hybrid,Automatic,1600,Sedan,370000.0,0,0,0,0,1,0,0,0,0,0,0,0,0,0,0,0,0,0,0,0,0
Toyota,Corolla,157000,1999,Benzine,Manual,1300,Sedan,260000.0,1,1,1,0,0,0,0,0,0,0,0,0,0,0,0,0,0,0,0,0,0
Chevrolet,Lanos,225700,2009,Benzine,Manual,1500,Sedan,280000.0,0,0,0,0,0,0,0,0,0,0,0,0,0,0,0,0,0,1,0,0,0
MG,HS,68000,2021,Benzine,Automatic,1500,SUV,945000.0,1,1,0,0,0,0,0,0,0,0,0,0,0,0,0,0,0,0,0,0,0
Kia,Pride,180000,1997,Benzine,Manual,1100,Hatchback,115000.0,1,0,0,0,0,0,0,0,0,0,0,0,0,0,0,0,0,0,0,0,0
Mercedes-Benz,E200,220000,2015,Benzine,Automatic,2000,Sedan,1650000.0,0,0,0,0,1,0,0,0,0,0,0,0,0,0,0,0,0,1,0,0,0
Toyota,Yaris,190000,2015,Benzine,Automatic,1500,Sedan,600000.0,1,0,1,0,0,0,0,0,0,0,0,0,0,0,0,0,0,0,0,0,0
Chevrolet,Optra,230000,2009,Benzine,Automatic,1600,Sedan,375000.0,0,0,0,0,0,0,0,0,0,0,0,0,0,0,0,0,0,0,0,0,0
Audi,A4,180000,2018,Benzine,Automatic,1400,Sedan,1325000.0,0,0,1,0,0,0,0,0,1,0,0,0,0,0,0,0,0,0,0,0,0
Opel,Vectra,230000,2008,Benzine,Automatic,1600,Sedan,425000.0,1,0,1,0,0,0,1,0,0,0,0,0,0,0,0,0,0,0,0,1,1
Renault,Kadjar,334000,2017,Benzine,Automatic,1200,SUV,650000.0,1,0,0,0,0,0,0,0,0,0,0,0,0,0,0,0,0,0,0,0,0
Peugeot,3008,155000,2021,Benzine,Automatic,1600,Hatchback,1125000.0,0,1,0,0,0,1,0,0,0,1,1,1,0,0,0,1,0,0,0,0,0
Kia,Sorento,26000,2023,Hybrid,Automatic,1600,Estate,2600000.0,0,0,0,0,0,0,0,0,0,0,0,0,0,0,0,0,0,0,0,0,0
BMW,X3,210,2013,Benzine,Automatic,3000,SUV,1150000.0,0,0,0,0,0,0,0,0,0,0,0,0,0,0,0,0,0,0,0,0,0
BYD,F3,265555,2012,Benzine,Automatic,1600,Sedan,330000.0,0,0,0,0,0,0,0,0,0,0,0,0,0,0,0,0,0,0,0,0,0
MG,RX5,17000,2024,Benzine,Automatic,1500,SUV,1250000.0,1,0,0,0,0,0,0,0,0,0,0,0,0,0,0,0,0,0,0,0,0
Jeep,Wrangler,260000,2015,Natural Gas,Automatic,3600,4X4,1385000.0,1,0,0,0,0,0,0,0,0,0,0,0,0,0,0,0,0,0,0,0,0
Mercedes-Benz,C180,96500,2019,Benzine,Automatic,1600,Sedan,2100000.0,1,0,0,0,0,0,0,0,0,0,0,0,0,0,0,0,0,0,0,0,0
BMW,316,230000,2010,Benzine,Automatic,1600,Sedan,730000.0,1,0,0,0,0,0,0,0,0,0,0,0,0,0,0,0,0,0,0,0,0
Daewoo,Lanos,186000,2007,Benzine,Manual,1600,Sedan,270000.0,0,0,1,0,0,0,0,0,1,0,0,0,0,0,0,0,0,1,0,0,0
Fiat,Tipo,82000,2020,Benzine,Automatic,1600,Sedan,720000.0,1,0,1,1,0,0,0,0,1,0,0,0,0,0,0,0,0,0,0,0,0
Volkswagen,Polo,250000,1997,Benzine,Manual,1400,Hatchback,170000.0,0,0,1,0,0,0,0,0,1,0,0,0,0,0,0,0,0,0,0,0,0
Peugeot,308 SW,190000,2011,Benzine,Automatic,1600,Hatchback,440000.0,1,0,0,0,0,0,0,0,0,0,0,0,0,0,0,0,0,0,0,0,0
Volkswagen,Tiguan,49000,2024,Benzine,Automatic,1400,SUV,2080000.0,0,1,1,0,0,0,0,0,1,0,0,0,0,0,0,0,0,0,0,0,0
Nissan,Qashqai,158000,2016,Benzine,Automatic,1200,SUV,710000.0,1,0,0,0,0,0,0,0,0,0,0,0,0,0,0,0,0,0,0,0,1
Suzuki,Van,2000,2013,Benzine,Manual,1000,Van / Bus,180000.0,1,0,1,1,0,0,0,0,0,0,0,0,0,0,0,0,0,0,0,1,0
Mercedes-Benz,E180,130000,2016,Benzine,Automatic,1600,Sedan,2000000.0,1,1,0,0,0,0,0,0,0,0,0,0,0,0,0,0,0,0,0,0,0
Renault,Logan,290000,2015,Benzine,Manual,1600,Sedan,330000.0,1,0,0,0,0,0,0,0,0,1,0,0,0,0,0,0,0,1,0,0,0
Daewoo,Lanos,380000,1999,Benzine,Manual,1600,Sedan,250000.0,0,0,1,0,1,0,0,0,0,0,0,0,0,0,0,0,0,1,0,0,0
Renault,Sandero Stepway,95000,2016,Benzine,Automatic,1600,Hatchback,490000.0,0,0,0,0,0,0,0,0,0,0,1,0,0,0,0,0,1,0,1,0,0
Volkswagen,Parati,330000,2004,Benzine,Manual,1600,MPV,180000.0,1,0,1,0,0,0,0,0,0,0,0,0,0,0,0,0,0,0,0,0,0
Volkswagen,Passat,77000,2021,Benzine,Automatic,1400,Sedan,1470000.0,1,0,0,0,0,0,1,0,0,0,0,0,0,0,0,0,0,0,0,0,0
Seat,Leon,89000,2020,Benzine,Automatic,1600,Hatchback,965000.0,1,0,0,0,1,0,0,1,0,0,0,0,0,0,1,0,0,1,0,0,0
Volkswagen,Jetta,250000,2010,Benzine,Automatic,2000,Sedan,680000.0,0,0,1,0,0,0,0,0,0,0,0,0,0,0,0,0,0,1,0,0,0
Opel,Grandland,72000,2019,Benzine,Automatic,1600,Hatchback,950000.0,1,0,0,0,1,0,0,0,0,0,0,0,0,0,0,0,0,0,0,0,0
Daewoo,Lanos,230000,2008,Benzine,Manual,1600,Sedan,230000.0,1,0,1,0,0,0,0,0,0,0,0,0,0,0,0,0,0,1,0,0,0
Chevrolet,Optra,187000,2007,Benzine,Automatic,1600,Sedan,410000.0,1,0,1,0,0,0,0,0,1,0,0,0,0,0,0,0,1,1,0,0,0
Skoda,Kodiaq,28000,2022,Benzine,Automatic,2000,SUV,2650000.0,1,0,0,0,0,0,0,0,0,0,0,0,0,0,0,0,0,0,0,0,0
Hyundai,I20,45000,2022,Benzine,Automatic,1400,Hatchback,850000.0,1,0,0,0,0,0,0,0,0,0,0,0,0,0,0,0,0,0,0,0,0
Toyota,Corolla,90000,2008,Benzine,Automatic,1600,Sedan,590000.0,0,0,0,0,0,0,0,0,0,0,0,0,0,0,0,0,0,0,0,0,0
Mitsubishi,Lancer,181000,2015,Benzine,Automatic,1500,Sedan,560000.0,0,0,1,0,0,0,0,0,0,0,0,0,0,0,0,0,0,1,0,0,0
Proton,Gen-2,224000,2014,Benzine,Automatic,1600,Sedan,425000.0,0,0,0,1,0,0,0,0,0,0,0,0,0,0,0,0,0,0,0,0,0
Opel,Insignia,188000,2014,Benzine,Automatic,1600,Sedan,730000.0,1,0,1,0,0,0,0,0,1,0,0,0,0,0,0,0,0,0,0,0,0
Hyundai,Tucson,20000,2022,Benzine,Automatic,1600,Hatchback,1625000.0,1,0,0,0,0,1,0,0,0,0,0,0,0,0,0,0,0,0,0,0,0
Skoda,Superb,135000,2021,Benzine,Automatic,1400,Sedan,1500000.0,0,0,1,0,0,1,0,0,1,0,1,1,0,0,0,0,0,0,0,0,0
Toyota,Hilux,420000,1998,Diesel,Manual,2800,Pickup,475000.0,0,1,1,0,0,0,0,0,0,0,0,0,0,0,0,0,0,0,0,0,0
Mercedes-Benz,C180,125000,2016,Benzine,Automatic,1600,Sedan,1600000.0,0,0,0,0,0,0,0,0,0,0,0,0,0,0,0,0,0,0,0,0,0
Chevrolet,Aveo,147000,2008,Benzine,Manual,1500,Sedan,220000.0,0,0,0,0,0,0,0,0,0,1,0,0,0,0,0,0,0,0,0,0,0
Renault,Logan,175000,2013,Benzine,Automatic,1600,Sedan,330000.0,1,0,0,0,1,0,0,0,0,0,1,0,0,0,0,0,0,1,0,1,0
Chery,A15,250000,2009,Natural Gas,Manual,1600,Sedan,190000.0,1,0,0,0,0,0,0,0,0,0,0,0,0,0,0,0,0,1,0,0,0
Nissan,Sunny,97000,2021,Benzine,Automatic,1600,Sedan,610000.0,1,0,0,0,0,0,0,0,1,0,0,0,0,0,0,0,0,0,0,0,0
Suzuki,Swift,68000,2022,Benzine,Automatic,1200,Hatchback,680000.0,1,1,0,0,0,1,0,0,0,1,0,1,0,1,1,1,1,1,1,0,0
Lada,2107,180000,2008,Benzine,Manual,1600,4X4,100000.0,0,0,0,0,0,0,0,0,0,0,0,0,0,0,0,0,0,0,0,0,0
Seat,Leon,130000,2019,Benzine,Automatic,1400,Hatchback,925000.0,0,0,0,0,0,0,0,0,0,0,0,0,0,0,0,0,0,0,0,0,0
Renault,Megane,111000,2017,Benzine,Automatic,1600,Hatchback,700000.0,1,0,0,0,0,0,0,0,0,0,1,0,0,0,0,0,0,0,0,0,0
Chevrolet,Lanos,310000,2010,Benzine,Manual,1500,Sedan,210000.0,0,0,1,1,0,0,0,0,1,0,0,0,0,0,0,0,0,0,0,0,0
Renault,Logan,200000,2016,Benzine,Manual,1600,Sedan,350000.0,1,0,0,0,0,0,0,0,0,0,0,0,0,0,0,0,0,0,0,0,0
Hyundai,Tucson,23000,2019,Benzine,Automatic,1600,SUV,1350000.0,1,1,0,0,0,0,0,0,0,0,0,0,0,0,0,0,0,0,0,0,0
Volkswagen,Golf,240000,2014,Benzine,Automatic,1400,Hatchback,1020000.0,1,0,0,0,0,0,0,0,0,0,0,0,0,0,0,0,0,0,0,0,0
BMW,118,48000,2019,Benzine,Automatic,1500,Hatchback,1500000.0,1,1,0,0,0,0,0,0,0,0,0,0,0,0,0,0,0,0,0,0,0
BYD,F3,165000,2010,Benzine,Manual,1600,Sedan,400000.0,0,1,1,0,1,0,0,0,1,0,0,0,0,1,0,0,0,0,0,1,1
Mercedes-Benz,E200,185000,1995,Benzine,Automatic,2000,Sedan,720000.0,1,0,0,0,0,0,1,0,0,0,0,0,0,0,0,0,0,0,0,0,0
Daewoo,Lanos,250000,2000,Benzine,Manual,1500,Sedan,200000.0,1,0,0,0,0,0,0,0,0,0,0,0,0,0,0,0,0,1,0,0,1
BMW,116,140000,2008,Benzine,Automatic,1600,Hatchback,580000.0,1,0,0,0,0,0,0,0,0,0,0,0,0,0,0,0,0,0,0,0,0
Renault,Clio,84000,2002,Benzine,Manual,1200,Sedan,200000.0,0,1,0,0,0,0,0,0,0,0,0,0,0,0,0,0,0,0,0,0,0
Lada,Granta,192000,2017,Benzine,Manual,1600,Sedan,280000.0,1,0,0,0,0,0,0,0,0,0,0,0,0,0,0,0,0,1,0,0,0
Hyundai,Elantra,220000,1994,Benzine,Automatic,1600,Sedan,200000.0,1,0,0,0,0,0,0,0,0,0,0,0,0,0,0,0,0,1,0,0,0
Hyundai,Elantra,160000,2017,Benzine,Automatic,1600,Sedan,630000.0,1,1,0,0,0,0,0,0,0,0,0,0,0,0,0,0,0,0,0,0,0
Chevrolet,Aveo,175000,2013,Benzine,Automatic,1500,Sedan,350000.0,0,1,1,0,0,0,0,0,0,0,0,0,0,0,0,0,0,0,0,0,0
Chevrolet,Lanos,180000,2010,Benzine,Manual,1500,Sedan,235000.0,1,0,0,0,0,0,0,0,0,0,0,0,0,0,0,0,0,0,0,0,0
Kia,Sportage,146000,2018,Benzine,Automatic,1600,SUV,1350000.0,0,0,0,0,0,0,0,0,0,0,1,0,0,0,0,0,0,0,0,0,0
Mercedes-Benz,200,130000,1980,Benzine,Automatic,2300,Sedan,230000.0,0,0,0,0,1,0,0,0,0,0,0,0,0,0,0,0,0,1,0,0,0
Skoda,Superb,12000,2021,Benzine,Automatic,1400,Sedan,1975000.0,1,1,0,0,0,0,0,0,0,0,0,0,0,0,0,0,0,0,0,0,0
BMW,320,138000,2016,Benzine,Automatic,2000,Sedan,1260000.0,1,1,1,0,0,1,0,1,1,0,1,0,0,0,1,0,0,0,0,0,0
Changhe,Super Panda,250000,2011,Benzine,Manual,1300,Van / Bus,150000.0,0,0,0,0,0,0,0,0,0,0,0,0,0,0,0,0,0,0,0,0,0
Hyundai,Coupe,172000,2005,Benzine,Manual,1600,Sports / Coupe,350000.0,0,1,0,0,0,0,0,0,0,0,0,0,0,0,0,0,0,1,0,0,0
BMW,X3,140000,2020,Benzine,Automatic,2000,SUV,2450000.0,0,0,0,0,0,0,0,0,0,0,0,0,0,0,0,0,0,0,0,0,0
BMW,525,220000,1998,Benzine,Automatic,2500,Sedan,420000.0,1,0,0,0,1,0,0,1,1,1,0,0,0,0,0,0,0,0,0,0,0
Speranza,A113,200000,2008,Benzine,Manual,1300,Hatchback,220000.0,1,1,1,0,0,0,0,0,1,0,0,0,0,0,0,0,0,1,0,1,0
Skoda,Octavia,115000,2016,Benzine,Automatic,1600,Sedan,950000.0,1,1,0,0,0,0,0,0,0,0,0,0,0,0,0,0,0,0,0,0,0
Kia,Xceed,68000,2022,Benzine,Automatic,1500,SUV,1125000.0,0,1,0,0,0,0,0,0,0,0,0,0,0,0,0,0,0,0,0,0,0
Peugeot,405,350000,2005,Benzine,Manual,1600,Sedan,200000.0,0,0,1,0,1,0,0,0,0,0,0,0,0,0,0,0,0,1,0,0,0
Chery,Tiggo 3,89000,2017,Benzine,Automatic,1600,Hatchback,525000.0,1,1,0,0,0,0,0,1,0,0,0,0,0,0,0,0,0,0,0,0,0
Toyota,Corolla,199000,2012,Benzine,Automatic,1600,Sedan,525000.0,0,1,0,0,0,0,0,0,0,0,0,0,0,1,0,0,0,0,0,0,0
Kia,Cerato,147000,2019,Benzine,Automatic,1600,Sedan,850000.0,0,0,1,0,1,0,0,0,0,0,0,0,0,0,0,0,0,0,0,0,0
Daewoo,Nubira,400000,2003,Benzine,Automatic,1600,Sedan,230000.0,0,0,0,0,0,0,0,0,0,0,0,0,0,0,0,0,0,0,0,0,0
BMW,218,90000,2021,Benzine,Automatic,1500,Sedan,1650000.0,1,1,0,0,1,0,0,0,0,0,0,0,0,0,0,0,0,0,0,0,1
Audi,Q3,1500,2024,Benzine,Automatic,1400,SUV,2225000.0,0,0,0,0,0,0,0,0,0,0,0,0,0,0,0,0,0,0,0,0,0
Ford,Focus,150000,2017,Benzine,Automatic,1000,Hatchback,550000.0,1,0,1,0,0,0,0,0,0,0,1,0,0,0,0,0,0,0,0,0,0
Seat,Tarraco,55000,2022,Benzine,Automatic,1400,SUV,1550000.0,1,0,0,0,0,1,0,0,0,0,0,0,0,0,0,0,0,0,0,0,0
Daihatsu,Sirion,235914,2007,Benzine,Automatic,1300,Hatchback,375000.0,0,0,0,0,0,0,0,0,0,0,0,0,0,0,0,0,0,0,0,0,0
Hyundai,Tucson,175000,2020,Benzine,Automatic,1600,SUV,1300000.0,0,0,0,0,0,0,0,0,0,0,0,0,0,0,0,0,0,0,0,0,0
Shineray,Other,54000,2019,Benzine,Manual,1500,Pickup,375000.0,0,1,0,0,0,0,0,0,0,0,0,0,0,0,0,0,0,1,0,0,0
Renault,Megane,200000,2003,Benzine,Automatic,1600,Sedan,260000.0,1,0,0,0,0,0,0,0,0,0,0,0,0,0,0,0,0,0,0,0,0
Nissan,March,285000,1984,Benzine,Manual,1000,Sports / Coupe,115000.0,1,0,1,0,1,0,0,0,0,0,0,0,0,0,0,0,0,0,0,0,0
Peugeot,405,350000,1996,Benzine,Manual,1600,Sedan,145000.0,0,0,0,0,0,0,0,0,0,0,0,0,0,1,0,0,0,1,0,0,0
Nissan,Sunny,109000,2020,Benzine,Automatic,1600,Sedan,570000.0,1,0,0,0,0,1,0,0,0,0,0,0,0,0,0,0,0,0,0,0,0
Fiat,Tipo,190000,2019,Benzine,Automatic,1600,Sedan,575000.0,1,0,0,0,0,0,0,0,0,0,0,0,0,0,0,0,0,0,0,0,0
Renault,Duster,210000,2019,Benzine,Automatic,1600,SUV,665000.0,1,0,1,0,0,0,0,0,0,0,0,0,0,0,0,0,0,0,0,0,0
Hyundai,Matrix,196000,2008,Benzine,Automatic,1600,Hatchback,460000.0,0,0,1,0,0,0,0,0,0,0,0,0,0,0,0,0,0,0,0,1,0
Mercedes-Benz,E200,210000,1985,Benzine,Manual,2000,Sedan,450000.0,1,1,0,0,0,0,0,0,0,0,0,0,0,0,0,0,0,1,0,0,0
Nissan,XTrail,178000,2008,Benzine,Automatic,2500,4X4,475000.0,1,0,1,0,0,0,0,0,0,0,0,1,1,0,0,0,0,1,0,0,0
BMW,320,110000,2018,Benzine,Automatic,2000,Sedan,1400000.0,1,0,0,0,0,0,0,0,0,0,0,0,0,0,0,0,0,0,0,0,0
Mitsubishi,Lancer,178000,2017,Benzine,Automatic,1600,Sedan,780000.0,1,1,0,0,0,0,0,0,0,0,0,0,0,0,0,0,0,0,0,0,0
Fiat,Tipo,90000,2021,Benzine,Automatic,1600,Sedan,770000.0,0,1,0,0,0,1,0,0,0,0,0,0,0,0,0,0,0,0,0,0,0
Mercedes-Benz,C180,160000,2013,Benzine,Automatic,1600,Sedan,1180000.0,1,0,0,0,0,0,0,0,1,0,0,0,0,0,0,0,0,0,0,0,0
Daewoo,Nubira,135000,2008,Benzine,Automatic,1600,Sedan,280000.0,0,1,1,0,0,0,0,0,0,0,0,0,0,0,0,0,0,0,0,1,0
Chevrolet,Lanos,180000,2013,Benzine,Manual,1500,Sedan,285000.0,0,1,1,0,0,0,0,0,0,0,0,0,0,0,0,0,0,0,0,0,0
Peugeot,508,203000,2016,Benzine,Automatic,1600,Sedan,650000.0,1,0,0,0,0,0,0,0,0,0,0,0,0,0,0,0,0,0,0,0,0
Opel,Astra,233500,2005,Benzine,Manual,1600,Sedan,200000.0,0,0,1,0,0,0,0,0,1,0,0,0,0,0,0,1,1,0,0,0,0
Geely,Emgrand X7,290000,2018,Benzine,Automatic,1600,Sedan,510000.0,1,0,0,0,0,0,0,0,0,0,0,0,0,0,0,0,0,0,0,0,0
Skoda,Octavia,197000,2009,Benzine,Manual,1600,Sedan,360000.0,0,0,1,0,0,0,0,0,0,0,0,0,0,0,0,0,0,0,0,0,0
Renault,Logan,140000,2019,Benzine,Automatic,1600,Sedan,440000.0,0,0,0,0,0,0,0,0,0,0,0,0,0,0,0,0,0,0,0,0,0
Brilliance,Splendor,25500,2009,Benzine,Manual,1600,Sedan,250000.0,1,0,0,0,0,0,0,0,0,0,0,0,0,0,0,0,0,0,0,0,0
Kia,Shuma,300000,1999,Benzine,Automatic,1500,Sedan,250000.0,0,0,0,0,0,0,0,0,1,0,0,0,0,0,0,0,0,1,0,0,0
Fiat,Shahin,90000,2005,Benzine,Manual,1400,Sedan,123000.0,1,1,0,0,1,0,0,0,0,0,0,0,0,1,0,0,0,0,0,0,0
MG,750,105000,2017,Benzine,Automatic,2500,Sedan,550000.0,0,0,0,0,0,0,0,0,0,0,0,0,0,0,0,0,0,1,0,0,0
Mercedes-Benz,C180,136000,2014,Benzine,Automatic,1600,Sedan,1380000.0,1,0,1,0,0,1,0,0,0,0,0,0,0,0,0,0,0,0,0,0,0
Nissan,Sunny,56000,2025,Benzine,Automatic,1600,Sedan,650000.0,1,0,0,0,0,1,0,0,0,0,0,0,0,0,0,0,0,0,0,0,0
Peugeot,3008,80000,2022,Benzine,Automatic,1600,SUV,1450000.0,1,1,0,0,0,1,0,0,0,0,0,0,0,0,0,0,0,0,0,0,0
Honda,Odyssey,130000,2018,Benzine,Automatic,3500,Van / Bus,2250000.0,0,0,0,0,0,0,0,0,0,0,0,0,0,0,0,0,0,0,0,0,0
Citroen,C4 Grand Picasso,140000,2019,Benzine,Automatic,1600,Estate,850000.0,1,0,0,0,0,0,0,0,0,0,0,0,0,0,0,0,0,0,0,0,0
Mercedes-Benz,CLA 200,59000,2021,Benzine,Automatic,1300,Sedan,2500000.0,1,0,0,0,0,0,0,0,0,0,0,0,0,0,0,0,0,1,0,0,0
Renault,Fluence,100000,2015,Benzine,Automatic,1600,Sedan,550000.0,0,0,0,0,0,0,0,0,0,0,0,0,0,0,0,0,0,0,0,0,0
Mazda,3,136000,2017,Benzine,Automatic,1600,Sedan,690000.0,1,0,1,0,1,0,0,1,0,0,0,1,0,0,0,0,0,0,0,0,0
Suzuki,Vitara,200000,2000,Benzine,Automatic,1600,4X4,320000.0,1,0,0,0,0,0,0,0,0,0,0,0,0,0,0,0,0,0,0,0,0
Suzuki,S-Presso,1000,2024,Benzine,Automatic,1000,Hatchback,615000.0,0,0,0,0,0,0,0,0,0,0,0,0,0,0,0,0,0,0,0,0,0
Chevrolet,Optra,248000,2011,Benzine,Automatic,1600,Sedan,380000.0,0,0,1,0,0,0,0,0,0,0,0,0,0,0,0,0,0,0,0,0,0
Nissan,Qashqai,150000,2015,Benzine,Automatic,1200,SUV,720000.0,1,0,0,0,0,0,0,0,0,0,0,0,1,0,0,0,0,0,0,0,0
Seat,Toledo,240000,2017,Benzine,Automatic,1600,Sedan,850000.0,1,1,0,0,0,0,0,0,0,0,0,0,0,0,0,0,0,0,0,0,0
Alfa Romeo,Giulia,89000,2021,Benzine,Automatic,2000,Sedan,1800000.0,1,0,0,0,1,0,0,0,0,0,0,0,0,0,0,0,0,1,0,1,0
Renault,Fluence,380000,2014,Benzine,Automatic,1600,Sedan,490000.0,1,0,1,0,0,0,0,0,0,0,0,0,0,0,0,0,0,0,0,0,0
Mercedes-Benz,C180,50000,2022,Benzine,Automatic,1500,Sedan,2490000.0,1,0,0,0,0,1,0,0,0,0,0,0,0,0,0,0,0,0,0,0,0
Volkswagen,Beetle,150000,1980,Benzine,Manual,1300,Hatchback,150000.0,0,0,1,0,0,0,0,0,0,0,0,0,0,0,0,0,0,0,0,0,0
Speranza,A113,119800,2011,Benzine,Manual,1300,Hatchback,235000.0,1,0,1,0,0,0,0,0,1,0,0,0,0,0,0,0,0,0,0,0,0
Chevrolet,Pickup/Dababa,457000,2019,Diesel,Manual,2500,Pickup,750000.0,0,0,0,0,0,0,0,0,0,0,0,0,0,0,0,0,0,0,0,0,0
Fiat,Siena,75000,2001,Diesel,Manual,1600,Sedan,165000.0,1,1,0,0,0,0,0,0,0,0,0,0,0,0,0,0,0,0,0,0,0
Peugeot,307 SW,200000,2006,Benzine,Manual,1600,Estate,335000.0,0,0,1,0,0,0,0,0,0,0,0,0,0,0,0,0,0,0,0,0,0
Changhe,Ideal,50000,2008,Benzine,Manual,1000,Hatchback,120000.0,0,0,0,0,0,0,0,0,0,0,0,0,0,0,0,0,0,0,0,0,0
Hyundai,Elantra,400000,2004,Benzine,Automatic,1600,Sedan,350000.0,1,1,1,0,0,0,0,0,0,0,0,0,0,0,0,0,0,0,0,0,0
Chevrolet,Lanos,300,2016,Benzine,Manual,1500,Sedan,320000.0,1,0,0,0,0,0,0,0,0,0,0,0,0,0,0,0,0,0,0,0,0
Nissan,Sentra,183000,2020,Benzine,Automatic,1600,Sedan,570000.0,0,0,1,0,0,0,0,0,1,0,0,0,0,0,0,0,0,0,0,0,0
Toyota,Corolla,170000,2018,Benzine,Automatic,1600,Sedan,900000.0,1,0,0,0,0,0,0,0,0,0,0,0,0,0,0,0,0,0,0,0,0
Opel,Astra,94000,2018,Benzine,Automatic,1600,Sedan,650000.0,1,1,0,0,0,0,0,0,0,0,0,0,0,0,0,0,0,0,0,0,0
Mercedes-Benz,CLA 180,164000,2018,Benzine,Automatic,1600,Sedan,1450000.0,0,0,0,0,0,0,0,0,0,0,0,0,0,0,0,0,0,0,0,0,0
Daewoo,Lacetti,201900,2005,Benzine,Automatic,1500,Sedan,435000.0,1,0,0,0,0,0,0,0,0,0,0,0,0,0,0,0,0,0,0,0,0
Volkswagen,Passat,15000,2023,Benzine,Automatic,1600,Sedan,1820000.0,1,0,0,0,0,0,0,0,0,0,0,0,0,0,0,0,0,0,0,0,0
Skoda,Octavia,71000,2015,Benzine,Automatic,1600,Sedan,910000.0,0,1,0,0,0,0,0,0,0,0,0,0,0,0,0,0,0,0,0,0,0
Hyundai,Galloper,300000,2002,Benzine,Automatic,3000,4X4,300000.0,0,0,0,0,0,0,0,0,0,0,0,0,0,0,0,0,0,0,0,0,0
Daewoo,Nubira,230000,2001,Benzine,Automatic,1600,Sedan,175000.0,0,0,1,0,0,0,0,0,0,0,0,0,0,0,0,0,0,0,0,0,0
Volkswagen,Passat,203000,2010,Benzine,Automatic,1400,Sedan,700000.0,0,0,0,0,0,0,0,0,0,0,0,0,0,0,0,0,0,0,0,0,0
Citroen,Xsara,111111,2000,Benzine,Manual,1600,Sedan,165000.0,0,1,1,0,0,0,0,0,0,0,0,0,0,0,0,0,0,0,0,0,0
Ssang Yong,Tivoli XLV,210000,2019,Benzine,Automatic,1600,SUV,700000.0,1,0,0,0,1,0,0,1,0,0,0,1,0,0,0,0,0,0,0,0,0
Hyundai,Elantra,150000,2021,Benzine,Automatic,1600,Sedan,900000.0,1,1,0,0,0,0,0,0,0,0,0,0,0,0,0,0,0,0,0,0,0
Lada,2107,118000,2010,Benzine,Manual,1600,Sedan,235000.0,1,0,1,0,0,0,0,0,0,0,0,0,0,0,0,0,0,0,0,0,0
Renault,Logan,60000,2016,Benzine,Automatic,1600,Sedan,420000.0,1,1,0,0,1,0,0,0,0,0,1,0,0,0,0,1,0,1,0,0,1
Suzuki,Grand Vitara,180000,2007,Benzine,Manual,1600,Hatchback,340000.0,0,0,0,0,0,0,0,0,0,0,0,0,0,0,0,0,0,0,0,0,0
Opel,Corsa,75000,2023,Benzine,Automatic,1200,Hatchback,860000.0,1,0,1,0,0,0,0,0,1,1,1,1,0,1,0,1,0,0,0,0,0
Honda,Accord,450000,1989,Benzine,Automatic,2000,Sedan,130000.0,1,0,1,0,0,0,0,1,0,0,0,0,0,0,0,0,0,1,0,0,0
Renault,Megane,120000,2005,Benzine,Automatic,2000,Sedan,350000.0,1,0,1,0,0,0,0,0,0,0,0,0,0,0,0,1,0,0,0,0,0
Peugeot,605,296237,1995,Benzine,Manual,2000,Sedan,150000.0,0,0,0,0,0,0,0,0,0,0,0,0,0,0,0,0,0,0,0,0,0
Chevrolet,Optra,95000,2020,Benzine,Automatic,1600,Sedan,510000.0,0,0,0,0,0,0,0,1,0,0,0,0,0,0,0,0,0,1,0,0,0
MG,RX5,66000,2024,Benzine,Automatic,1500,SUV,1100000.0,0,0,0,0,0,1,0,0,0,0,0,0,0,0,0,0,0,0,0,0,0
Kia,Cerato,157000,2020,Benzine,Automatic,1600,Sedan,690000.0,1,0,1,0,0,0,0,0,0,0,0,0,0,0,0,0,0,0,0,0,0
BMW,320,120000,2020,Benzine,Automatic,2000,Sedan,1900000.0,0,0,0,0,0,1,0,0,0,0,0,0,0,0,0,0,0,0,0,0,0
Nissan,Tiida,245000,2014,Benzine,Manual,1600,Sedan,535000.0,1,0,1,0,0,0,0,0,1,0,0,1,0,0,0,1,1,0,0,0,0
Volkswagen,Tiguan,19000,2021,Benzine,Automatic,1400,SUV,1825000.0,1,0,0,0,0,0,0,0,0,0,0,0,0,0,0,0,0,0,0,0,0
Mercedes-Benz,C180,78000,2015,Benzine,Automatic,1600,Sedan,1600000.0,1,0,0,0,1,0,0,0,0,0,0,0,0,0,0,0,0,0,0,0,0
BMW,320,124000,2018,Benzine,Automatic,2000,Sedan,1380000.0,0,0,0,0,0,0,0,1,0,1,1,0,1,0,0,1,1,1,0,0,0
Honda,Civic,200000,1991,Benzine,Automatic,1500,Sedan,170000.0,1,0,0,0,0,0,0,0,0,0,0,0,0,0,0,0,0,0,0,0,0
Peugeot,3008,24000,2021,Benzine,Automatic,1600,SUV,1640000.0,0,1,0,0,0,1,0,0,0,0,0,0,0,0,0,0,0,0,0,0,0
Peugeot,2008,197000,2020,Benzine,Automatic,1600,SUV,700000.0,0,0,0,0,0,0,0,0,0,0,0,0,0,0,0,0,0,0,0,0,0
Toyota,Corolla,180000,2020,Benzine,Automatic,1600,Sedan,1000000.0,1,0,0,0,0,0,0,0,0,0,0,0,0,0,0,0,0,0,0,0,0
Mercedes-Benz,B180,239000,2015,Benzine,Automatic,1600,Hatchback,700000.0,1,0,0,0,0,0,0,0,0,0,0,0,0,0,0,0,0,0,0,0,0
Opel,Vectra,345000,1994,Benzine,Automatic,1600,Sedan,135000.0,1,0,0,0,0,0,0,0,0,0,0,0,0,0,0,0,0,0,0,0,0
BMW,X3,290,2009,Benzine,Automatic,3000,SUV,820000.0,0,0,0,0,0,0,0,0,0,0,0,0,0,0,0,0,0,0,0,0,0
Daihatsu,Terios,151000,2013,Benzine,Automatic,1600,Hatchback,590000.0,1,0,1,0,0,0,0,0,1,0,0,0,0,0,0,0,1,0,0,0,0
Hyundai,Getz,158000,2007,Benzine,Automatic,1600,Hatchback,370000.0,1,0,1,0,0,0,0,0,1,0,0,0,0,0,0,0,0,0,0,0,0
Hyundai,Elantra Coupe,200000,2006,Natural Gas,Manual,1600,Sedan,400000.0,1,0,1,0,0,0,0,0,0,0,0,0,0,0,0,0,0,0,0,0,0
Toyota,Corolla,209000,2008,Benzine,Automatic,1600,Sedan,440000.0,0,0,1,0,0,0,0,0,1,0,0,0,0,0,0,0,0,1,0,0,0
Peugeot,406,290000,2000,Benzine,Automatic,2000,Sedan,280000.0,1,0,0,0,0,0,0,0,0,0,0,0,0,0,0,0,0,1,0,0,0
Audi,A5,170000,2019,Benzine,Automatic,1400,Sedan,1850000.0,0,0,0,0,0,0,0,0,0,0,0,0,0,0,0,0,0,1,0,0,0
Skoda,Octavia,300000,1998,Benzine,Manual,1600,Sedan,245000.0,1,0,0,0,0,0,0,0,0,0,0,0,0,0,0,0,0,0,0,0,0
Renault,Logan,120000,2015,Benzine,Automatic,1600,Sedan,400000.0,1,1,0,0,0,0,0,0,0,1,0,0,0,1,0,1,0,0,0,1,0
MG,MG 5,130000,2021,Benzine,Automatic,1600,Sedan,650000.0,1,0,0,0,0,0,0,0,0,0,0,0,0,0,0,0,0,0,0,0,0
Chery,Tiggo 3,90000,2022,Benzine,Automatic,1600,Hatchback,680000.0,1,0,0,0,0,0,0,0,0,0,0,0,0,0,0,0,0,0,0,0,0
Skoda,Kodiaq,190000,2019,Benzine,Automatic,1400,SUV,1200000.0,1,1,1,0,0,0,0,0,0,0,0,0,0,0,0,0,0,0,0,0,0
Fiat,Shahin,70000,2008,Benzine,Manual,1400,Sedan,140000.0,0,0,1,1,0,0,0,0,0,0,0,0,0,0,0,0,0,0,0,0,0
Volkswagen,Golf,150000,2009,Benzine,Automatic,1600,Hatchback,720000.0,0,1,0,0,0,0,0,0,0,0,0,0,0,0,0,0,0,0,0,0,0
Changan,V7,200000,2016,Benzine,Automatic,1600,Sedan,330000.0,0,0,0,0,0,0,0,0,0,0,0,0,0,0,0,0,0,0,0,0,0
Hyundai,Elantra,182650,2011,Benzine,Automatic,1600,Sedan,620000.0,0,1,0,0,1,0,0,0,0,0,0,1,0,0,0,0,0,0,0,0,0
Jeep,Wrangler,250000,2013,Benzine,Automatic,3800,4X4,1500000.0,0,1,0,0,0,0,0,0,0,0,0,0,0,0,0,0,0,0,0,0,0
Kia,Pride,190000,2001,Benzine,Automatic,1300,Hatchback,160000.0,1,0,0,0,0,0,0,0,0,0,0,0,0,0,0,0,0,0,0,0,0
BMW,520,84000,2018,Benzine,Automatic,1600,Sedan,2600000.0,0,0,0,0,0,0,0,0,1,0,1,0,1,0,0,1,0,1,1,0,0
BMW,316,237000,2013,Benzine,Automatic,1600,Sedan,950000.0,1,0,0,0,0,0,0,0,0,0,0,0,0,0,0,0,0,0,0,0,0
Hyundai,Matrix,205000,2006,Benzine,Manual,1600,Hatchback,370000.0,1,0,0,0,1,0,0,0,0,0,0,0,0,0,0,0,0,0,0,0,0
Hyundai,Tucson,57000,2025,Benzine,Automatic,1600,SUV,1600000.0,0,0,0,0,1,0,0,0,0,0,0,0,0,0,0,0,0,0,0,0,0
Chevrolet,Lanos,200400,2009,Benzine,Manual,1500,Other,250000.0,0,1,0,0,0,0,0,0,1,0,0,0,0,0,0,0,0,0,0,0,0
Fiat,Siena,186000,2008,Benzine,Manual,1500,Sedan,150000.0,1,0,0,0,1,0,0,0,0,0,1,0,0,0,0,0,0,0,0,0,0
Jeep,Renegade,70000,2018,Benzine,Automatic,1400,SUV,950000.0,0,0,0,0,0,0,0,0,0,1,1,0,0,0,0,1,1,1,1,0,0
Jetour,X70,80000,2021,Benzine,Automatic,1500,SUV,870000.0,1,0,1,0,1,0,0,0,1,0,0,0,0,1,0,0,0,1,1,0,0
Hyundai,Verna,270000,2010,Benzine,Manual,1600,Small city car,300000.0,1,0,1,0,0,0,0,0,0,0,0,0,0,0,0,0,0,1,0,0,0
Skoda,Octavia,160000,2000,Benzine,Automatic,2000,Sedan,400000.0,1,0,0,0,0,0,0,0,0,0,0,0,0,0,0,0,0,0,0,0,0
Kia,Cerato,140000,2015,Benzine,Automatic,1600,Sedan,610000.0,0,0,1,0,0,0,0,0,0,0,0,0,0,0,0,0,0,0,0,0,0
Hawtai,A25,110000,2017,Benzine,Automatic,1500,Hatchback,470000.0,1,0,0,0,1,0,0,0,0,0,0,0,0,0,0,0,0,0,0,0,0
Daewoo,Lacetti,285000,2003,Benzine,Automatic,1600,Sedan,335000.0,1,0,1,0,0,0,0,0,0,0,0,0,0,0,0,0,0,1,0,0,0
Hyundai,Verna,170000,2006,Benzine,Manual,2600,Sedan,300000.0,1,0,0,0,0,0,0,0,0,0,0,0,0,0,0,0,0,0,0,0,0
Mercedes-Benz,B200,163000,2013,Benzine,Automatic,1600,Hatchback,850000.0,1,0,1,0,0,1,0,0,0,0,1,0,0,0,0,0,0,0,0,0,0
Mazda,3,150000,2010,Benzine,Automatic,1600,Sedan,540000.0,1,0,0,0,0,0,0,0,0,0,0,0,0,0,0,0,0,0,0,0,0
BMW,X3,155000,2013,Benzine,Automatic,2000,SUV,1370000.0,0,0,0,0,0,0,0,0,0,0,0,0,0,0,0,0,0,0,0,0,0
Toyota,Corolla,168000,2022,Benzine,Automatic,1600,Sedan,995000.0,1,0,0,0,0,1,0,0,0,0,0,0,0,0,0,0,0,0,0,0,0
Fiat,Shahin,50000,1998,Benzine,Manual,1400,Sedan,100000.0,0,0,0,0,0,0,0,0,0,0,0,0,0,0,0,0,0,0,0,0,0
Fiat,Tempra,165000,1990,Benzine,Manual,1600,Sedan,130000.0,1,0,1,0,0,0,0,0,0,0,0,0,0,0,0,0,0,0,0,0,0
Hyundai,Verna,190000,2010,Benzine,Automatic,1600,Sedan,369000.0,1,0,0,0,0,0,0,0,0,0,0,0,0,0,0,0,0,0,0,0,0
Peugeot,508,55000,2022,Benzine,Automatic,1600,Sedan,1600000.0,0,0,0,0,0,0,0,0,0,0,0,0,0,0,0,0,0,0,0,0,0
Land Rover,Evoque,220000,2015,Benzine,Automatic,2000,4X4,1650000.0,1,0,0,0,0,0,1,0,0,0,0,0,0,0,0,0,0,0,0,1,0
Chevrolet,Aveo,162000,2011,Benzine,Manual,1500,Sedan,330000.0,1,0,1,0,0,0,0,0,0,0,0,0,0,0,0,0,0,0,0,0,0
Opel,Vectra,170000,1996,Benzine,Automatic,2000,Sedan,135000.0,1,0,0,0,1,0,0,0,0,0,0,0,0,0,0,0,0,0,0,0,0
Jac,J7,46000,2022,Benzine,Automatic,1600,Sedan,690000.0,1,0,1,0,0,0,0,1,1,1,1,0,0,0,0,1,1,1,0,1,0
Renault,Megane,420000,2005,Benzine,Automatic,1600,Sedan,330000.0,1,1,1,0,0,0,0,1,0,0,0,0,0,0,0,1,1,1,0,0,0
Nissan,Sentra,78000,2023,Benzine,Automatic,1598,Sedan,770000.0,1,1,0,0,0,0,0,0,0,0,0,1,0,0,1,0,0,0,0,0,0
MG,HS,107000,2021,Benzine,Automatic,1500,Hatchback,950000.0,0,0,1,0,0,0,0,0,0,0,0,0,0,0,0,0,0,0,0,0,0
Kia,Shuma,200000,2001,Benzine,Automatic,1600,Sedan,250000.0,1,0,1,0,0,0,0,0,0,0,0,0,0,0,0,0,0,1,0,0,0
Toyota,Corolla,205000,2014,Benzine,Automatic,1600,Sedan,690000.0,1,0,0,0,0,0,0,0,0,0,0,0,0,0,0,0,0,0,0,0,0
BMW,320,260000,2008,Benzine,Automatic,2000,Sedan,650000.0,0,0,0,0,0,0,0,1,0,0,0,0,0,0,0,0,0,0,0,0,0
Hyundai,Tucson,75000,2017,Diesel,Automatic,1600,SUV,1200000.0,0,0,0,0,0,0,0,0,0,0,0,0,0,0,1,0,0,0,0,1,0
Ford,Focus,100000,2008,Benzine,Automatic,1600,Sedan,320000.0,0,0,0,0,0,0,0,0,0,0,0,0,0,0,0,0,1,0,0,0,0
Hyundai,Verna,204100,2016,Benzine,Manual,1600,Sedan,390000.0,0,0,1,0,0,0,0,0,0,0,0,0,0,0,0,0,0,0,0,0,0
Chevrolet,Lanos,300000,2010,Benzine,Manual,1500,Sedan,340000.0,0,0,0,0,0,0,0,0,0,0,0,0,0,0,0,0,0,1,0,0,0
Renault,Logan,247000,2016,Benzine,Automatic,1598,Sedan,380000.0,0,0,0,0,0,0,0,0,0,0,0,0,0,0,0,0,0,0,0,0,0
Kia,Carnival,300000,2004,Benzine,Automatic,2400,Estate,550000.0,0,0,0,0,0,0,0,0,0,0,0,0,0,0,0,0,0,0,0,0,0
Hyundai,Elantra,114000,2022,Benzine,Automatic,1600,Sedan,985000.0,0,0,0,0,0,1,0,0,0,0,0,0,0,1,0,0,0,0,0,0,0
Jac,S4,16000,2021,Benzine,Automatic,1500,Hatchback,790000.0,1,1,1,0,0,0,0,0,0,0,0,0,0,0,0,0,0,0,0,0,0
Geely,Emgrand 7,160000,2014,Benzine,Manual,1500,Sedan,280000.0,0,0,0,0,0,0,0,0,0,0,0,0,0,0,0,0,0,0,0,0,0
Geely,Emgrand 7,158000,2014,Benzine,Manual,1500,Sedan,330000.0,1,0,0,0,0,0,0,0,0,1,0,0,0,0,0,0,0,0,0,0,0
Chevrolet,Lanos,50000,2003,Benzine,Manual,1500,Sedan,200000.0,0,1,1,0,0,0,0,0,1,0,0,0,0,0,0,0,0,1,0,0,0
Volkswagen,Golf,42000,2022,Benzine,Automatic,1600,Hatchback,1400000.0,0,0,0,0,0,0,0,0,0,0,0,0,0,0,0,0,0,0,0,0,0
Hyundai,Verna,200000,2011,Natural Gas,Manual,1600,Sedan,260000.0,0,0,0,0,0,0,0,0,0,0,0,0,0,0,0,0,0,0,0,0,0
Mercedes-Benz,GLK 250,168000,2015,Benzine,Automatic,2000,SUV,1680000.0,1,1,0,0,0,0,0,0,0,0,0,0,0,0,0,0,0,0,0,0,0
Mercedes-Benz,C200,217000,2010,Benzine,Automatic,1800,Sedan,1000000.0,0,0,0,0,0,0,0,0,0,0,0,0,0,0,0,0,0,0,0,0,0
Hyundai,Accent,248000,2006,Natural Gas,Manual,1300,Sedan,260000.0,0,0,0,0,0,0,0,0,0,0,0,0,0,0,0,0,0,0,0,0,0
BMW,525,160,2009,Benzine,Automatic,2500,Sedan,920000.0,0,1,0,0,0,0,0,0,0,0,0,0,0,0,0,0,1,0,0,0,0
Audi,Q3,39000,2022,Benzine,Automatic,1400,Hatchback,2100000.0,0,0,0,0,0,0,0,0,0,0,0,0,0,0,0,0,0,1,0,0,0
Opel,Astra,148800,2014,Benzine,Automatic,1600,Sedan,600000.0,1,0,1,0,0,0,0,0,0,0,0,0,0,0,0,0,0,0,0,0,0
Kia,Rio,100000,2004,Benzine,Manual,1500,Sedan,260000.0,1,0,0,0,0,0,0,0,0,0,0,0,0,0,0,0,0,0,0,1,0
Mercedes-Benz,C180,296000,2010,Benzine,Automatic,1600,Sedan,950000.0,0,0,0,0,1,0,1,0,0,0,0,0,0,0,0,0,0,0,0,0,0
Suzuki,Baleno,320000,1999,Benzine,Manual,1300,Sedan,160000.0,1,0,1,0,0,0,0,0,0,0,0,0,0,0,0,0,0,1,0,0,0
Mercedes-Benz,E200,280000,2003,Benzine,Automatic,2000,Sedan,735000.0,1,0,1,0,1,0,0,1,1,0,0,0,0,0,0,1,1,0,0,0,0
Opel,Insignia,160000,2018,Benzine,Automatic,1600,Sedan,790000.0,0,0,0,0,0,0,0,0,0,0,0,0,0,0,0,0,0,0,0,0,0
Mercedes-Benz,C180,17800,2024,Benzine,Automatic,1500,Sedan,2450000.0,0,0,0,0,0,0,0,0,0,0,0,0,0,0,0,0,0,1,0,0,0
Hyundai,Elantra,140000,2017,Benzine,Automatic,1600,Sedan,850000.0,1,0,0,0,0,0,0,0,0,0,0,0,0,0,0,0,0,0,0,0,0
Speranza,A620,318000,2007,Benzine,Automatic,2000,Sedan,240000.0,0,0,0,0,0,0,0,0,0,0,0,0,0,0,0,0,0,1,0,0,0
Chevrolet,Aveo,154878,2006,Benzine,Manual,1500,Sedan,390000.0,1,0,1,0,0,0,0,0,1,0,0,0,0,0,0,0,0,0,0,0,0
Volkswagen,Jetta,135000,2007,Benzine,Automatic,1600,Sedan,485000.0,0,1,0,0,0,0,0,0,0,0,0,0,0,0,0,0,0,0,0,0,0
Kia,Spectra,190000,2004,Benzine,Automatic,1600,Sedan,290000.0,1,0,1,0,0,0,0,0,0,0,0,0,0,0,0,0,0,1,0,0,0
MG,MG 6,90000,2022,Benzine,Automatic,1500,Sedan,870000.0,1,0,0,0,0,0,0,0,0,0,0,0,0,0,0,0,0,0,0,0,0
Chevrolet,Lanos,201000,2009,Benzine,Manual,1500,Sedan,200000.0,1,0,0,0,0,0,0,0,0,0,0,0,0,0,0,0,0,0,0,0,0
Chevrolet,Optra,165000,2010,Benzine,Automatic,1600,Sedan,440000.0,1,0,0,0,0,0,0,0,0,0,0,0,0,0,0,0,0,0,0,0,0
Kia,Cerato,225000,2005,Benzine,Manual,1600,Sedan,330000.0,1,0,1,0,0,0,0,0,0,0,0,0,0,0,0,0,0,1,0,0,0
Mitsubishi,Pajero,155000,2016,Benzine,Automatic,3800,4X4,2000000.0,0,0,0,0,1,0,0,0,0,0,0,0,0,0,0,0,0,0,0,0,0
Seat,Ibiza,100,2002,Benzine,Manual,1800,Hatchback,210000.0,0,0,0,0,0,0,0,0,1,0,0,0,0,0,0,0,0,0,0,0,0
Toyota,Yaris,345000,2007,Benzine,Manual,1300,Sedan,340000.0,1,0,1,0,0,0,0,0,0,1,0,1,0,0,0,0,0,1,1,0,0
Nissan,Sunny,88000,2017,Benzine,Automatic,1500,Sedan,520000.0,1,0,1,0,1,0,0,0,1,1,0,0,0,0,0,0,0,0,0,0,0
Hyundai,Tucson,90000,2019,Benzine,Automatic,1600,SUV,1350000.0,0,0,0,0,0,0,0,0,0,0,0,0,0,0,0,0,0,0,0,0,0
Kia,Cerato,150000,2018,Benzine,Automatic,1600,Sedan,580000.0,1,0,1,0,0,0,0,0,0,0,0,0,0,0,0,0,0,0,0,0,0
MG,RX5,105000,2019,Benzine,Automatic,1500,SUV,850000.0,0,0,1,0,0,0,0,0,0,0,0,0,0,1,1,0,1,0,0,0,0
Geely,Emgrand 7,181000,2014,Benzine,Manual,1500,Sedan,290000.0,1,1,0,0,0,0,0,0,0,0,0,0,0,0,0,0,0,0,0,0,0
Daewoo,Lanos,155656,1998,Benzine,Manual,1600,Sedan,210000.0,0,1,1,0,0,0,0,0,1,0,0,0,0,0,0,0,0,1,0,0,0
Kia,Rio,70000,2001,Benzine,Manual,1300,Sedan,250000.0,0,0,1,0,1,0,0,0,0,0,0,0,0,0,0,0,0,1,0,0,0
Toyota,Fortuner,150000,2019,Benzine,Automatic,4000,4X4,2400000.0,0,0,0,0,0,0,0,0,0,0,0,0,0,0,0,0,0,0,0,0,0
Jac,B15,100000,2011,Benzine,Manual,1600,Sedan,280000.0,0,0,1,0,0,0,0,0,0,0,0,0,0,0,0,0,0,0,0,0,0
Volkswagen,T-Roc,72000,2023,Benzine,Automatic,1400,SUV,1250000.0,0,0,1,0,0,0,0,0,0,0,0,0,0,0,0,0,0,0,0,0,0
Hyundai,Accent,133000,2012,Benzine,Automatic,1500,Sedan,555000.0,0,0,0,0,0,0,0,0,0,0,0,0,0,0,0,0,0,0,0,0,0
Peugeot,206,9999,2005,Benzine,Automatic,1600,Sports / Coupe,270000.0,0,0,1,0,0,0,0,0,0,0,0,0,0,0,0,0,0,0,0,0,0
Chevrolet,Aveo,225000,2006,Benzine,Manual,1500,Sedan,225000.0,0,0,0,0,0,0,0,0,0,0,0,0,0,0,0,0,0,0,0,0,0
Toyota,Yaris,240000,2009,Benzine,Manual,1200,Sedan,400000.0,1,0,1,0,1,0,0,0,1,0,0,0,0,0,0,0,0,0,0,0,0
Kia,Sportage,220000,2013,Benzine,Automatic,1600,SUV,920000.0,1,0,0,0,0,0,0,0,0,0,0,0,0,0,0,0,0,0,0,0,0
Lada,2110,150000,2007,Benzine,Manual,1600,Sedan,175000.0,0,0,0,0,0,0,0,0,0,0,0,0,0,0,0,0,0,0,0,0,0
Mercedes-Benz,C280,250000,2008,Benzine,Automatic,3000,Sedan,1150000.0,0,0,0,0,0,0,0,0,0,0,0,0,0,0,0,0,0,1,0,0,0
BYD,F3,200000,2017,Diesel,Manual,1600,Sedan,330000.0,0,0,1,1,0,0,0,0,0,0,0,0,0,0,0,0,0,0,0,0,0
BMW,740,165000,2012,Benzine,Automatic,3000,Sedan,1350000.0,1,0,0,0,1,0,0,0,0,0,0,0,0,0,0,0,0,1,0,0,0
Changan,CS55,8000,2025,Benzine,Automatic,1500,SUV,1150000.0,0,0,0,0,0,0,0,0,0,0,0,0,0,0,0,0,0,0,0,0,0
Toyota,Yaris,130000,2014,Benzine,Automatic,1300,Sedan,600000.0,1,0,1,1,1,1,0,0,0,0,0,0,0,0,0,0,0,1,0,0,1
Kia,Sportage,27000,2022,Benzine,Automatic,1600,SUV,1700000.0,0,1,1,0,0,0,0,0,1,0,0,0,0,0,0,0,0,0,0,0,0
Kia,Rio,148000,2016,Benzine,Automatic,1400,Hatchback,600000.0,1,0,0,0,0,0,0,0,0,0,0,0,0,0,0,0,0,0,0,0,0
Hyundai,Excel,199999,1998,Benzine,Manual,1500,Sedan,140000.0,0,0,0,0,0,0,0,0,0,0,0,0,0,0,0,0,0,1,0,0,0
BMW,X1,124000,2018,Benzine,Automatic,2000,SUV,1500000.0,0,0,0,0,0,0,0,0,0,0,0,0,0,0,0,0,0,0,0,0,0
Hyundai,IX35,70000,2015,Benzine,Automatic,1600,Hatchback,1060000.0,0,1,0,0,0,1,0,0,0,0,0,0,0,0,0,0,0,0,0,0,0
Mercedes-Benz,E300,220000,2011,Benzine,Automatic,3000,Sedan,1850000.0,1,0,0,0,0,1,0,0,0,0,0,0,0,0,0,0,0,0,0,0,0
MINI,Cooper,160000,2011,Benzine,Automatic,1600,Hatchback,880000.0,1,1,0,0,0,0,0,0,0,0,0,0,0,0,0,0,0,0,0,0,0
KGM,Torres,3900,2024,Benzine,Automatic,1500,SUV,1650000.0,1,1,1,0,0,1,0,1,1,1,0,0,0,0,1,1,1,0,0,0,0
Seat,Ibiza,229000,2014,Benzine,Automatic,1600,Hatchback,475000.0,0,1,1,0,1,0,0,0,0,0,0,0,0,0,0,0,0,0,0,0,1
BMW,X3,159000,2019,Benzine,Automatic,1998,SUV,1850000.0,1,0,0,0,0,0,0,0,0,0,0,0,0,0,0,0,0,0,0,0,0
Hyundai,I10,115000,2010,Benzine,Manual,1100,Hatchback,330000.0,1,0,1,0,0,0,0,0,0,0,0,0,0,0,0,0,0,0,0,0,0
BMW,530,122000,2018,Benzine,Automatic,2000,Sedan,2400000.0,1,0,0,0,0,1,0,0,0,0,0,0,0,0,0,0,0,0,0,0,0
BMW,X3,93000,2017,Benzine,Automatic,2000,4X4,2000000.0,1,0,0,0,1,0,0,0,0,0,0,0,0,0,0,0,0,0,0,0,0
Nissan,Sunny,277000,1999,Benzine,Manual,1300,Sedan,215000.0,1,0,0,0,0,0,0,0,0,0,0,0,0,0,0,0,0,0,0,0,0
Renault,Duster,212000,2014,Benzine,Manual,1600,4X4,460000.0,0,0,0,0,1,0,0,0,0,0,0,0,0,0,0,0,0,0,0,0,1
Chery,Arrizo 5,95000,2023,Benzine,Automatic,1500,Sedan,750000.0,1,0,0,0,0,0,0,0,0,0,0,0,0,0,0,0,0,0,0,0,0
Skoda,Fantasia,50000,2016,Benzine,Automatic,1600,SUV,1150000.0,0,0,0,0,0,1,0,0,0,0,0,0,0,0,0,0,0,0,0,0,0
Audi,Q2,70000,2022,Benzine,Automatic,1400,SUV,1350000.0,0,0,0,0,0,0,0,0,0,0,0,0,0,0,0,0,0,0,0,0,0
Opel,Vectra,250000,1996,Benzine,Automatic,2000,Sedan,310000.0,0,1,0,0,0,0,0,0,0,0,0,0,0,1,0,0,0,1,0,0,0
Renault,Captur,144000,2017,Benzine,Automatic,1200,Hatchback,555000.0,1,1,0,0,0,0,0,0,0,0,0,0,0,0,0,0,0,0,0,0,0
BMW,218 i,35000,2021,Benzine,Automatic,1500,Sedan,1750000.0,0,0,0,0,0,0,0,0,0,0,1,0,0,0,0,0,0,1,0,0,0
Kia,Rio,215000,2014,Benzine,Automatic,1400,Hatchback,650000.0,0,1,0,0,0,0,0,0,0,0,0,0,0,0,0,0,0,0,0,0,0
Daihatsu,Terios,350000,2008,Benzine,Automatic,1500,SUV,440000.0,1,0,1,0,0,0,0,0,0,0,0,0,0,0,0,0,0,0,0,0,0
Renault,Megane,250000,2017,Benzine,Automatic,1200,Sedan,670000.0,1,0,0,0,1,0,0,0,0,0,0,0,0,0,0,0,0,0,0,0,0
Mercedes-Benz,CLA 180,85000,2019,Benzine,Automatic,1600,Sedan,1570000.0,0,1,0,0,0,1,0,0,0,0,0,0,0,0,0,0,0,0,0,0,0
Hyundai,Accent,9000,2025,Benzine,Automatic,1600,Sedan,845000.0,1,0,0,0,0,1,0,0,0,0,0,0,0,0,0,0,0,0,0,0,0
Nissan,Sunny,300000,2000,Benzine,Manual,1300,Sedan,200000.0,1,0,1,0,0,0,0,0,0,0,0,0,0,0,0,0,0,0,0,0,0
BMW,X3,95000,2017,Benzine,Automatic,3000,SUV,1770000.0,1,0,0,0,0,1,0,0,0,0,0,0,0,0,0,0,0,0,0,0,0
Hyundai,Elantra,120000,2021,Diesel,Automatic,1600,Sedan,980000.0,1,0,1,0,0,0,0,0,0,0,0,0,0,0,0,0,0,0,0,0,0
Peugeot,307,200000,2007,Benzine,Automatic,1600,Hatchback,400000.0,1,0,0,0,0,0,1,0,0,0,0,0,0,0,0,0,0,0,0,1,0
Audi,A8,49500,1995,Benzine,Automatic,4200,Sedan,750000.0,0,1,0,0,0,0,0,0,0,0,0,0,0,0,0,0,0,0,0,1,0
Chevrolet,Aveo,240000,2015,Benzine,Manual,1600,Sedan,330000.0,1,0,0,0,0,0,0,0,0,0,0,0,0,0,0,0,0,0,0,0,1
Daewoo,Nubira,190000,2004,Benzine,Automatic,1600,Sedan,310000.0,1,0,1,0,0,0,0,0,1,1,0,0,0,1,0,0,0,0,0,0,0
MINI,Convertible,17000,2021,Benzine,Automatic,1500,Convertible,1850000.0,0,0,0,0,0,0,0,0,0,0,0,0,0,0,0,0,0,0,0,0,0
Kia,Sportage,85000,2021,Benzine,Automatic,1600,SUV,1400000.0,1,0,0,0,0,0,0,0,0,0,0,0,0,0,0,0,0,0,0,0,0
Volkswagen,Polo,146,1997,Benzine,Manual,1300,Hatchback,230000.0,1,1,1,0,0,0,0,0,1,1,0,0,0,0,0,0,0,0,1,1,0
Mitsubishi,Lancer,163000,2015,Benzine,Automatic,1600,Sedan,570000.0,1,0,1,0,0,0,0,0,1,1,0,0,0,1,0,1,0,0,1,0,0
Volkswagen,Polo,280000,2005,Benzine,Manual,1600,Small city car,300000.0,1,1,0,0,0,0,0,0,0,0,0,0,0,0,0,0,0,0,0,0,0
Peugeot,301,336000,2015,Benzine,Automatic,1600,Sedan,417000.0,1,0,1,0,0,0,0,0,0,0,0,0,0,0,0,0,0,0,0,0,0
Renault,Megane,240000,2006,Benzine,Automatic,1600,Sedan,300000.0,0,0,0,0,0,0,0,0,0,0,0,0,0,0,0,0,0,0,0,0,0
Hyundai,Verna,160000,2015,Benzine,Manual,1600,Sedan,390000.0,1,0,1,0,0,0,0,0,0,0,0,0,0,0,0,0,0,0,0,1,0
Skoda,Octavia,115000,2020,Benzine,Automatic,1600,Sedan,1100000.0,1,1,1,0,0,0,0,0,1,0,0,0,0,0,0,0,0,0,0,0,0
Hyundai,Getz,265000,2005,Benzine,Manual,1100,Hatchback,320000.0,1,0,0,0,0,0,0,0,0,0,0,0,0,0,0,0,0,0,0,0,0
Toyota,Corolla,94000,2021,Benzine,Automatic,1600,Sedan,950000.0,1,1,0,0,0,0,0,0,0,0,0,0,0,0,0,0,0,0,0,0,0
Chevrolet,Aveo,270000,2015,Benzine,Automatic,1500,Sedan,365000.0,1,0,0,0,0,0,0,0,0,0,0,0,0,0,0,0,0,1,0,1,0
Fiat,Siena,100000,2001,Benzine,Manual,1600,Sedan,150000.0,1,0,0,0,0,0,0,0,0,0,0,0,0,0,0,0,0,0,0,0,0
Mitsubishi,Galant,430000,1992,Benzine,Manual,1600,Sedan,120000.0,0,0,1,0,0,0,0,0,0,0,0,0,0,0,0,0,0,1,0,0,0
Hyundai,Verna,205000,2009,Benzine,Manual,1600,Sedan,300000.0,0,0,0,0,0,0,0,0,0,0,0,0,0,0,0,0,0,0,0,1,0
Geely,Pandido,46000,2015,Benzine,Manual,1342,Hatchback,300000.0,1,0,1,0,0,0,0,0,0,0,0,0,0,0,0,0,0,0,0,0,0
BMW,730,300000,1998,Benzine,Automatic,2800,Convertible,800000.0,0,0,0,0,0,0,0,0,0,0,0,0,0,0,0,0,0,0,0,0,0
BMW,218 i,88000,2020,Benzine,Automatic,1500,SUV,1250000.0,0,0,0,0,0,0,0,0,0,0,0,0,0,0,0,0,0,0,0,0,0
Citroen,C4,27000,2024,Benzine,Automatic,1200,SUV,1400000.0,0,1,0,1,0,0,0,0,0,0,0,0,0,0,0,0,0,1,0,0,0
Chevrolet,Aveo,50000,2017,Benzine,Automatic,1500,Sedan,500000.0,1,0,1,0,1,0,0,0,0,0,0,0,0,0,0,0,0,0,0,0,0
Renault,Logan,230000,2019,Benzine,Automatic,1600,Sedan,435000.0,1,0,0,0,0,0,0,0,0,0,0,0,0,0,0,0,0,0,0,0,0
MG,ZS,11000,2024,Benzine,Automatic,1500,SUV,890000.0,0,0,0,0,0,0,0,0,0,0,0,0,0,0,0,0,0,0,0,0,0
Mitsubishi,Lancer,105000,2015,Benzine,Automatic,1600,Sedan,680000.0,1,0,0,0,0,0,0,0,0,0,0,0,0,0,0,0,0,0,0,0,0
Mercedes-Benz,C180,14000,2019,Benzine,Automatic,1500,Sedan,2600000.0,0,1,0,0,0,0,0,0,0,0,0,0,0,0,0,0,0,0,0,0,0
Fiat,Uno,117500,2001,Benzine,Manual,1000,Hatchback,155000.0,1,0,1,0,0,0,0,0,0,0,0,0,0,0,0,0,0,1,0,0,0
Opel,Astra,220000,2021,Benzine,Automatic,1400,Sedan,750000.0,0,0,0,0,0,1,0,0,0,0,0,0,0,0,0,0,0,0,0,0,0
Citroen,C5,40000,2023,Benzine,Automatic,1600,Hatchback,1350000.0,0,0,0,0,1,0,0,0,0,0,0,0,0,0,0,0,0,0,0,0,0
Toyota,Yaris,130000,2015,Benzine,Automatic,1600,Sedan,550000.0,1,1,0,0,0,0,0,0,0,0,0,0,0,0,0,0,0,0,0,0,0
MG,ZS,115000,2021,Benzine,Automatic,1600,Hatchback,760000.0,1,0,0,0,0,1,0,0,0,0,0,0,0,0,0,0,0,0,0,0,0
Audi,A3,110000,2014,Benzine,Automatic,1400,Hatchback,850000.0,1,0,0,0,0,0,0,0,0,0,0,0,0,0,0,0,0,0,0,0,0
Kia,Spectra,260000,2004,Benzine,Automatic,1500,Sedan,290000.0,1,0,1,0,0,0,0,0,1,0,0,0,0,0,0,0,0,1,0,0,0
Proton,Wira,111111,2005,Benzine,Automatic,1500,Sedan,230000.0,0,0,0,0,0,0,0,0,0,0,0,0,0,0,0,0,0,0,0,0,0
Volkswagen,Golf,240000,2005,Benzine,Manual,1400,Hatchback,500000.0,1,1,0,0,1,0,0,0,0,0,0,0,0,0,0,0,0,1,0,0,0
Kia,Sorento,25000,2023,Benzine,Automatic,1600,SUV,2400000.0,0,0,0,0,0,0,0,0,0,0,1,0,1,1,0,0,0,0,0,0,0
Mercedes-Benz,C180,105000,2018,Benzine,Automatic,1500,Sedan,1800000.0,1,0,0,0,0,1,0,0,0,0,0,0,0,0,0,0,0,0,0,0,0
Kia,Carens,130000,2013,Benzine,Automatic,1600,Hatchback,650000.0,1,0,1,0,0,0,0,0,0,0,0,0,0,0,0,0,0,0,0,0,0
Kia,Sportage,17000,2023,Hybrid,Automatic,1600,SUV,1870000.0,1,0,0,0,0,1,0,0,0,0,0,0,0,0,0,0,0,0,0,0,0
Seat,Ibiza,72000,2021,Benzine,Automatic,1600,Hatchback,880000.0,1,0,0,0,1,0,0,0,0,0,0,0,0,0,0,0,0,0,0,0,0
Speranza,Tiggo,95000,2010,Benzine,Automatic,1800,Hatchback,270000.0,1,0,1,0,0,0,0,0,0,0,0,0,0,0,0,0,0,0,0,0,0
Daewoo,Nubira,157000,2005,Benzine,Manual,1600,Sedan,290000.0,1,0,0,0,0,0,0,0,0,0,0,0,0,0,0,0,0,0,0,0,0
Mercedes-Benz,C180,150000,2015,Benzine,Automatic,1800,Sedan,1750000.0,0,1,0,0,0,0,0,0,0,0,0,0,0,0,0,0,0,0,0,0,0
Citroen,C Elysee,162000,2019,Benzine,Automatic,1600,Sedan,530000.0,1,1,1,0,0,0,1,0,1,1,1,1,1,0,0,0,0,0,0,1,0
BMW,523,200000,2000,Benzine,Automatic,2500,Sedan,495000.0,1,0,0,0,0,0,0,0,0,0,0,0,0,0,0,0,0,0,0,0,0
Subaru,XV,290000,2014,Benzine,Automatic,1600,SUV,570000.0,0,0,0,0,0,0,0,1,0,0,0,0,0,0,0,0,0,0,0,0,0
Citroen,AX,10000,1997,Benzine,Manual,1400,Hatchback,105000.0,1,0,0,0,0,0,0,0,0,0,0,0,0,0,0,0,0,0,0,0,0
Skoda,Roomster,246000,2014,Benzine,Automatic,1600,Estate,440000.0,1,0,1,0,0,0,0,0,0,0,0,0,0,0,0,0,0,0,0,0,0
Daewoo,Nubira,165000,2000,Benzine,Manual,1600,Sedan,240000.0,0,0,0,0,0,0,0,0,0,0,0,0,0,1,0,0,0,0,0,0,0
Chevrolet,Lanos,165000,2014,Benzine,Manual,1600,Sedan,280000.0,0,0,0,0,0,0,0,0,0,0,0,0,0,0,0,0,0,0,0,0,0
Renault,Sandero Stepway,84000,2023,Benzine,Automatic,1600,Hatchback,690000.0,1,0,0,0,0,0,0,0,0,0,0,0,0,0,0,0,0,0,0,0,0
Skoda,Superb,118000,2018,Benzine,Automatic,1400,Sedan,1375000.0,0,0,0,0,0,0,0,0,0,0,1,1,0,0,0,1,1,0,0,0,0
Toyota,Yaris,118000,2007,Benzine,Automatic,1300,Sedan,480000.0,0,0,1,0,1,0,0,0,1,0,0,1,0,0,0,0,0,0,0,0,0
BMW,520,168000,2018,Benzine,Automatic,2000,Sedan,1790000.0,0,0,0,0,0,0,0,0,0,0,0,0,0,0,0,0,0,0,0,0,0
Nissan,Qashqai,149000,2014,Benzine,Automatic,1500,SUV,650000.0,0,0,0,0,0,0,0,0,0,0,0,0,0,0,0,0,0,0,0,0,0
Renault,Kadjar,141000,2018,Benzine,Automatic,1200,Hatchback,830000.0,1,0,0,0,0,0,0,0,0,0,0,0,0,0,0,0,0,0,0,0,0
Toyota,Belta,24500,2022,Benzine,Automatic,1500,Sedan,800000.0,1,1,1,0,1,1,0,0,0,0,0,0,0,0,0,0,0,0,0,0,0
BMW,318,180000,2016,Benzine,Automatic,1500,Sedan,1070000.0,1,0,0,0,1,0,0,0,0,0,0,0,0,0,0,0,0,1,0,0,0
Fiat,Petra,260000,2003,Benzine,Manual,1600,Sedan,165000.0,1,1,0,0,0,0,0,0,0,0,0,0,0,0,0,0,0,0,0,0,0
Daewoo,Lanos,311000,1999,Benzine,Automatic,1500,Sedan,225000.0,1,0,1,0,0,0,0,0,0,0,0,0,0,0,0,0,0,0,0,0,0
Mazda,323,300000,2000,Benzine,Manual,1600,Sedan,175000.0,1,0,1,0,0,0,0,0,0,0,0,0,0,0,0,0,0,0,0,0,0
Skoda,Felecia,9500,1996,Benzine,Manual,1300,Hatchback,112000.0,1,0,1,0,1,0,0,0,0,0,0,0,0,0,0,0,0,0,0,0,0
Audi,A4,150000,2009,Benzine,Automatic,1800,Sedan,750000.0,0,0,0,0,0,0,0,0,0,0,0,0,0,0,0,0,0,0,0,0,0
Nissan,Sunny,220000,2002,Benzine,Manual,1300,Sedan,250000.0,1,0,1,0,0,0,0,0,0,0,0,0,0,0,0,0,0,0,0,0,0
Seat,Toledo,285000,1994,Benzine,Manual,1600,Sedan,105000.0,1,0,1,0,0,0,0,0,0,0,0,0,0,0,0,0,0,0,0,0,0
Hyundai,Accent,220000,1998,Benzine,Manual,1500,Sedan,215000.0,1,1,1,0,1,0,0,0,1,0,0,0,0,0,0,0,0,1,0,1,0
Volkswagen,Passat,150000,2021,Benzine,Automatic,1600,Sedan,1450000.0,0,0,0,0,0,0,0,0,0,0,0,0,0,0,0,0,0,0,0,0,0
Skoda,Kodiaq,119000,2021,Benzine,Automatic,1400,SUV,1700000.0,0,0,1,0,0,0,0,0,0,0,0,0,0,0,0,0,0,0,0,0,0
Mitsubishi,Lancer,94000,2016,Benzine,Automatic,1600,Sedan,680000.0,1,0,0,0,0,0,0,0,0,0,0,0,0,0,0,0,0,0,0,0,0
Speranza,M11,193000,2011,Benzine,Manual,1600,Sedan,280000.0,1,0,1,0,0,0,0,0,0,0,0,0,0,0,0,0,0,0,0,0,0
Honda,Civic,380000,2008,Benzine,Automatic,1600,Sedan,450000.0,0,1,1,0,0,0,0,0,0,0,0,0,0,0,0,0,0,1,0,0,0
MG,MG 6,75000,2021,Benzine,Automatic,1600,Sedan,980000.0,1,0,0,0,1,0,0,0,0,0,0,0,0,0,0,0,0,0,0,0,0
Hyundai,Accent,205000,2010,Benzine,Automatic,1600,Sedan,385000.0,1,0,1,0,0,0,0,0,0,0,1,0,0,0,0,0,0,0,0,0,0
Skoda,Octavia,240000,2014,Benzine,Automatic,1400,Sedan,750000.0,1,0,0,0,0,0,0,0,0,0,0,0,0,0,0,0,0,0,0,0,0
Seat,Ibiza,280000,1994,Benzine,Manual,1300,Hatchback,185000.0,0,0,0,0,0,0,0,0,0,0,0,0,0,0,0,0,0,0,0,0,0
Changan,V7,250000,2016,Benzine,Automatic,1600,Sedan,450000.0,1,1,1,1,1,0,0,0,0,0,0,0,0,0,0,0,0,0,0,0,0
Nissan,Juke,145000,2014,Benzine,Automatic,1600,Hatchback,600000.0,1,0,0,0,0,0,0,0,0,0,0,0,0,0,0,0,0,0,0,0,0
Ford,Kuga,148000,2015,Benzine,Automatic,1500,SUV,695000.0,1,1,0,0,1,0,0,0,0,0,0,0,0,0,0,0,0,0,0,0,0
Hyundai,Bayon,33000,2022,Benzine,Automatic,1600,Hatchback,820000.0,1,1,0,0,0,1,0,0,0,1,1,1,0,0,0,0,0,1,0,0,0
Toyota,Corolla,132000,2020,Benzine,Automatic,1600,Sedan,920000.0,1,1,1,0,0,1,0,0,1,0,1,0,0,0,0,0,1,1,1,0,0
Chevrolet,Cruze,285000,2010,Benzine,Manual,1600,Sedan,300000.0,1,0,0,0,0,0,0,0,0,0,0,0,0,0,0,0,0,0,0,0,0
Peugeot,505,200000,1980,Benzine,Manual,2000,Sedan,215000.0,0,1,1,0,0,0,0,0,1,1,0,1,0,0,0,0,0,0,0,1,0
Daewoo,Lanos,150000,2003,Benzine,Manual,1500,Sedan,300000.0,1,0,0,0,0,0,0,0,0,0,0,0,0,0,0,0,0,0,0,0,0
Kia,Sportage,180000,2016,Benzine,Automatic,1600,SUV,890000.0,0,0,0,0,0,0,0,0,0,0,1,0,0,1,0,1,1,1,1,0,0
MINI,Cabrio,28000,2022,Benzine,Automatic,1500,Convertible,2000000.0,0,1,0,0,0,0,0,0,1,1,1,0,1,0,0,1,1,1,1,1,0
Skoda,Octavia,123000,1998,Benzine,Automatic,1600,Sedan,350000.0,1,0,1,0,0,0,0,0,1,0,0,0,0,0,0,1,0,0,0,0,0
Proton,Gen-2,300000,2012,Benzine,Automatic,1600,Sedan,400000.0,0,0,0,0,0,0,0,0,0,0,0,0,0,0,0,0,0,0,0,0,0
Volkswagen,Polo,300,2001,Benzine,Automatic,1400,Hatchback,285000.0,0,0,0,0,0,0,0,0,0,0,0,0,0,0,0,0,0,0,0,0,0
Mazda,3,170000,2009,Benzine,Automatic,1600,Sedan,450000.0,1,0,0,0,0,0,0,0,0,0,0,0,0,0,0,0,0,0,0,0,0
Hyundai,Tucson,195000,2018,Benzine,Automatic,1600,SUV,1030000.0,1,1,0,0,0,1,0,0,0,0,0,0,0,0,0,1,1,0,0,0,0
Chevrolet,N300,250000,2013,Natural Gas,Manual,1200,Van / Bus,250000.0,0,0,0,0,0,0,0,0,0,0,0,0,0,0,0,0,0,1,0,0,0
Chevrolet,Lanos,130000,2014,Benzine,Manual,1500,Sedan,310000.0,1,1,0,0,1,0,0,0,0,0,0,0,0,0,0,0,0,0,0,0,1
Nissan,Sunny,110000,2023,Benzine,Automatic,1600,Sedan,545000.0,1,0,1,0,0,0,0,0,0,0,0,0,0,0,0,0,0,0,0,0,0
Mercedes-Benz,A200,1000,1985,Benzine,Automatic,2000,Sedan,280000.0,0,0,0,0,0,0,0,0,0,0,0,0,0,0,0,0,0,0,0,0,0
Suzuki,Celerio,112500,2022,Benzine,Manual,1000,Hatchback,490000.0,1,0,1,0,0,0,0,0,0,1,1,0,0,0,0,0,0,1,0,0,0
Chevrolet,Aveo,200000,2015,Benzine,Automatic,1500,Sedan,410000.0,1,1,1,0,0,0,0,0,0,0,0,0,0,0,0,0,0,1,0,0,0
Zotye,Other,52000,2020,Benzine,Automatic,1500,SUV,850000.0,0,1,1,0,0,0,0,0,0,0,0,0,0,0,0,0,0,0,0,0,0
Mercedes-Benz,E180,114000,2016,Benzine,Automatic,1600,Sedan,1990000.0,0,0,0,0,0,0,0,1,1,1,1,1,1,0,0,0,0,1,1,1,0
Volkswagen,Golf,215000,2007,Benzine,Automatic,2000,Hatchback,665000.0,1,1,0,0,0,0,0,0,0,0,0,0,0,0,0,0,0,1,1,0,0
Mercedes-Benz,B200,93600,2013,Benzine,Automatic,1600,Hatchback,850000.0,0,0,0,0,0,0,0,0,0,0,0,0,0,0,0,0,0,0,0,0,0
Renault,Duster,102000,2020,Benzine,Automatic,1600,SUV,720000.0,0,1,1,1,0,1,0,0,1,0,1,1,0,0,0,0,0,0,0,0,0
Skoda,Octavia,72000,2022,Benzine,Automatic,1400,Sedan,1500000.0,1,0,0,0,0,1,0,0,0,0,0,1,0,0,0,0,0,0,0,1,0
Lada,Samara,57000,2007,Benzine,Manual,1600,Sedan,175000.0,1,0,0,0,1,0,0,0,0,0,0,0,0,0,0,0,0,0,0,0,0
Opel,Vectra,250000,2008,Natural Gas,Automatic,2200,Sedan,450000.0,1,1,1,0,0,0,0,0,1,0,1,0,0,0,0,1,1,0,0,0,0
Kia,Cerato,199000,2011,Benzine,Automatic,1600,Sedan,545000.0,1,0,1,0,1,0,0,0,0,0,0,0,0,0,0,1,1,1,0,0,0
Peugeot,406,347000,2002,Benzine,Manual,2000,Sedan,320000.0,1,0,1,0,0,0,0,1,1,0,0,0,0,1,0,0,0,0,0,1,0
Chevrolet,N300,43000,2022,Benzine,Manual,1300,Van / Bus,555000.0,1,0,0,0,0,0,0,0,0,0,0,0,0,0,0,0,0,0,0,0,0
Renault,Logan,180000,2012,Benzine,Automatic,1600,Sedan,350000.0,0,0,0,0,0,0,0,0,0,0,0,0,0,0,0,0,0,1,0,0,0
Fiat,Regata,104000,1990,Benzine,Manual,1600,Sedan,160000.0,0,0,0,0,0,0,0,0,0,0,0,0,0,0,0,0,0,0,0,0,0
Hyundai,Getz,134000,2006,Benzine,Automatic,1600,Hatchback,400000.0,1,0,0,0,0,0,0,0,0,0,0,0,0,0,0,0,0,1,0,0,0
Mercedes-Benz,E320,272000,2004,Benzine,Automatic,3200,Sedan,900000.0,0,0,0,0,0,0,0,0,0,0,0,0,0,0,0,0,0,1,0,0,0
Kia,Sephia,205000,1999,Benzine,Automatic,1500,Sedan,225000.0,1,0,1,0,0,0,0,0,0,0,0,1,0,0,0,0,0,1,0,0,0
Nissan,Sunny,450000,1995,Benzine,Manual,1300,Sedan,175000.0,0,0,0,0,0,0,0,0,0,0,0,0,0,0,0,0,0,0,0,0,0
Jeep,Renegade,200000,2019,Benzine,Automatic,1500,SUV,875000.0,1,0,0,0,0,0,0,0,1,0,0,0,0,0,0,0,0,0,0,0,0
Chevrolet,Aveo,177000,2008,Benzine,Manual,1500,Sedan,300000.0,1,1,1,0,0,0,0,0,1,1,1,1,0,0,0,0,0,0,0,0,0
BMW,320,165000,2017,Benzine,Automatic,2000,Sedan,1525000.0,1,0,1,0,0,0,0,1,0,1,1,0,1,0,1,1,1,1,1,0,0
MG,MG 6,8000,2022,Benzine,Automatic,1600,Hatchback,940000.0,0,0,0,0,0,0,0,0,0,0,0,0,0,0,0,0,0,0,0,0,0
Opel,Astra,240000,2001,Benzine,Automatic,1800,Sedan,265000.0,1,0,0,0,0,0,0,0,0,0,0,0,0,0,0,1,0,1,0,0,0
Toyota,Corolla,104000,2019,Benzine,Automatic,1600,Sedan,980000.0,1,0,0,0,0,1,0,0,0,0,1,0,0,0,0,0,0,0,0,0,0
BMW,X6,132000,2017,Benzine,Automatic,4400,4X4,2600000.0,1,0,0,0,0,0,0,0,0,0,0,0,0,0,0,0,0,0,0,0,0
Mercedes-Benz,CLA 200,108000,2020,Benzine,Automatic,1300,Sedan,2180000.0,1,1,1,0,0,1,0,1,1,0,0,1,0,0,0,0,0,0,0,0,0
Hyundai,Avante,202000,2011,Benzine,Automatic,1600,Sedan,680000.0,1,0,1,0,0,0,0,0,0,0,0,0,0,0,0,0,0,0,0,0,0
Chery,Tiggo 3,68000,2018,Benzine,Automatic,1600,Hatchback,550000.0,1,0,0,0,0,0,0,0,0,0,0,0,0,0,0,0,0,0,0,0,0
Chevrolet,Optra,233000,2008,Benzine,Manual,1600,Sedan,320000.0,1,1,0,0,0,0,0,0,0,0,0,0,0,0,0,0,0,0,0,0,0
Skoda,Octavia,31000,2022,Benzine,Automatic,1400,Sedan,1360000.0,1,1,0,0,0,1,0,0,0,0,0,0,0,0,0,0,0,0,0,0,0
Skoda,Kodiaq,48000,2022,Benzine,Automatic,1400,SUV,2100000.0,1,0,1,0,0,0,0,1,1,1,1,1,0,0,1,1,0,1,1,1,0
Nissan,Sunny,500000,2010,Benzine,Automatic,1600,Sedan,415000.0,0,0,1,0,0,0,0,0,0,0,0,0,0,1,0,0,0,0,0,0,0
Daewoo,Lanos,270000,1999,Benzine,Manual,1500,Sedan,230000.0,0,0,0,0,0,0,0,0,0,0,0,0,0,0,0,0,0,1,0,0,0
Fiat,Siena,320000,2000,Benzine,Manual,1400,Sedan,160000.0,1,0,1,0,0,0,0,0,0,0,1,0,0,1,0,0,0,1,0,0,0
Daewoo,Lanos,200000,1999,Benzine,Automatic,1500,Sedan,250000.0,1,0,0,0,0,0,0,0,0,0,0,0,0,0,0,0,0,0,0,0,0
Toyota,Corolla,189000,2019,Benzine,Automatic,1600,Sedan,820000.0,1,0,1,0,0,0,0,0,1,0,0,0,0,0,0,0,0,0,0,0,0
Renault,Megane,115000,2001,Benzine,Manual,1600,Sedan,250000.0,0,1,0,0,0,0,0,0,0,0,0,0,0,0,0,0,0,1,0,0,1
Renault,Kadjar,74000,2020,Benzine,Automatic,1200,Hatchback,940000.0,0,0,0,0,0,0,0,0,0,0,0,0,0,0,0,0,0,0,0,0,0
Chevrolet,Camaro,152000,2011,Benzine,Automatic,3600,Sports / Coupe,2200000.0,0,1,0,0,0,0,0,0,0,0,0,0,0,0,0,0,0,1,0,0,0
Fiat,Shahin,56600,2006,Benzine,Manual,1400,Sedan,190000.0,1,0,0,0,0,0,0,0,0,0,0,0,0,0,0,0,0,1,0,0,0
DFSK,Eagle 580,60000,2022,Benzine,Automatic,1500,SUV,860000.0,0,0,0,0,0,0,0,0,0,0,0,0,0,0,0,0,0,0,0,0,0
Mercedes-Benz,CLA 200,35000,2022,Benzine,Automatic,1500,Sedan,2100000.0,0,0,0,0,0,0,0,0,0,0,0,0,0,0,0,0,0,0,0,0,0
BMW,218 i,55600,2021,Benzine,Automatic,1500,Sedan,1550000.0,0,0,0,0,0,0,0,0,0,0,0,0,0,0,0,0,0,0,0,0,0
Jac,Other,220000,2015,Benzine,Automatic,1500,Sedan,350000.0,0,1,0,0,0,1,0,0,0,0,1,0,0,0,0,1,1,0,0,0,0
Citroen,DS7,145000,2020,Benzine,Automatic,1600,Estate,1200000.0,1,0,0,0,0,0,0,0,0,0,0,0,0,0,0,0,0,0,0,0,0
Hyundai,Tucson,60000,2022,Benzine,Automatic,1600,SUV,1575000.0,1,0,0,0,0,1,0,0,0,0,0,0,0,0,0,0,0,0,0,0,0
Skoda,Octavia,450000,1998,Benzine,Manual,2000,Sedan,350000.0,0,0,1,0,1,0,0,0,0,0,0,0,0,0,0,0,0,1,0,0,0
Mitsubishi,Lancer,98000,2013,Benzine,Automatic,1600,Sedan,550000.0,0,0,0,0,0,0,0,0,0,0,0,1,0,0,0,0,1,0,0,0,0
BMW,316,150000,2005,Benzine,Automatic,2000,Sedan,625000.0,0,0,0,0,0,0,0,0,0,0,0,0,0,0,0,0,0,0,0,0,0
Audi,A3,260000,2012,Benzine,Automatic,1400,Hatchback,820000.0,0,0,0,0,0,0,0,0,0,0,0,0,0,0,0,0,0,0,0,0,0
BYD,F3,60,2025,Benzine,Manual,1500,Sedan,650000.0,0,1,0,0,0,0,0,0,0,0,0,0,0,0,0,0,0,0,0,0,0
Citroen,C5 Aircross,140000,2020,Benzine,Automatic,1600,SUV,1350000.0,0,0,0,0,0,0,0,0,0,0,0,0,0,0,0,0,0,0,0,0,0
Peugeot,3008,22000,2024,Benzine,Automatic,1600,SUV,1750000.0,1,1,1,0,0,1,0,0,1,0,0,0,0,0,0,1,1,0,1,0,0
Honda,Accord,78500,2022,Benzine,Automatic,1500,Sedan,1625000.0,1,0,1,0,0,0,0,1,1,0,0,0,0,0,0,0,0,0,0,0,0
Peugeot,307,124300,2005,Benzine,Automatic,1600,Hatchback,315000.0,1,0,1,0,0,0,1,0,0,0,0,0,0,0,0,0,0,0,0,1,0
Nissan,Sunny,90000,2012,Benzine,Automatic,1600,Sedan,445000.0,1,0,1,0,0,0,0,0,0,0,0,0,0,0,0,1,1,0,0,0,0
Toyota,Corolla,900,2026,Benzine,Automatic,1600,Sedan,1670000.0,0,0,0,0,0,0,0,0,0,0,0,0,0,0,0,0,0,0,0,0,0
Chery,Envy,10000,2017,Natural Gas,Manual,1500,Sedan,315000.0,1,0,0,0,1,0,0,0,0,0,0,0,0,0,0,0,0,0,0,0,0
Skoda,Kodiaq,89300,2021,Benzine,Automatic,2000,Estate,2100000.0,0,0,0,0,0,0,0,1,0,0,0,0,0,0,0,0,0,0,0,0,0
BMW,320,147500,2019,Benzine,Automatic,2000,Sedan,1750000.0,1,1,0,0,0,0,0,0,0,0,0,0,0,0,0,0,0,0,0,0,0
Suzuki,Swift,61000,1994,Benzine,Manual,1300,Sedan,130000.0,0,0,0,0,0,0,0,0,0,0,0,0,0,0,0,0,0,0,0,0,0
BYD,F3,30000,2014,Benzine,Automatic,1600,Sedan,350000.0,0,0,1,0,0,0,0,0,1,0,0,0,0,0,0,0,0,0,1,0,0
Kia,Cerato,98000,2019,Benzine,Automatic,1600,Sedan,870000.0,0,0,1,1,0,0,0,0,0,0,0,0,0,0,0,0,1,0,0,0,0
Opel,Astra,112000,2020,Benzine,Automatic,1400,Sedan,700000.0,1,1,0,0,0,1,0,0,0,0,0,0,0,0,0,0,0,0,0,0,0
BMW,X4,190000,2018,Benzine,Automatic,4000,Sedan,1800000.0,1,1,0,0,0,1,0,0,0,0,0,0,0,0,0,0,0,0,0,0,0
Citroen,C-Elysée,101000,2021,Benzine,Automatic,1500,Sedan,550000.0,0,0,1,0,0,0,0,0,0,0,0,0,0,0,0,0,0,0,0,0,0
BMW,218 i,21000,2023,Benzine,Automatic,1500,Sedan,2000000.0,0,0,0,0,0,0,0,0,0,0,0,0,0,0,0,0,0,0,0,0,0
Chevrolet,Cruze,500000,2010,Benzine,Automatic,1600,Sedan,350000.0,0,0,1,0,0,0,0,0,0,0,0,0,0,0,0,0,0,0,0,0,0
Kia,Sportage,25000,2023,Hybrid,Automatic,1600,SUV,2100000.0,0,0,0,0,0,0,0,0,0,0,0,0,0,0,0,0,0,0,0,0,0
Daihatsu,Terios,90000,2007,Benzine,Automatic,1500,4X4,550000.0,0,0,0,0,0,0,0,0,0,0,0,0,0,0,0,0,0,0,0,0,0
Ford,Focus,170000,2013,Benzine,Automatic,1600,Sedan,520000.0,1,1,0,0,0,0,0,0,0,0,0,0,0,0,0,0,0,0,0,0,0
Volkswagen,Pointer,200000,2004,Benzine,Manual,1000,Hatchback,195000.0,1,1,1,0,0,0,0,0,0,0,0,0,0,0,0,0,0,1,0,0,0
Peugeot,508,83000,2016,Benzine,Automatic,1600,Sedan,775000.0,1,0,0,0,1,1,0,0,0,0,0,0,0,0,0,0,0,0,0,0,0
Kia,Picanto,190000,2015,Benzine,Automatic,1200,Hatchback,480000.0,0,0,0,0,0,0,0,0,0,0,0,0,0,0,0,0,0,0,0,0,0
Renault,Logan,100000,2010,Benzine,Manual,1600,Sedan,275000.0,0,0,0,0,0,0,0,0,0,0,0,0,0,0,0,0,0,1,0,0,0
Kia,Sportage,87000,2022,Benzine,Automatic,1600,SUV,1000000.0,0,0,0,0,0,0,0,0,0,0,0,0,0,0,0,0,0,0,0,0,0
Toyota,Avensis,250000,2005,Benzine,Manual,1600,Sedan,200000.0,0,0,0,0,0,0,0,0,0,0,0,0,0,0,0,0,0,0,0,0,0
Mercedes-Benz,GLA 200,9700,2021,Hybrid,Automatic,1400,SUV,2600000.0,0,1,1,0,0,0,0,1,0,1,1,1,0,0,0,1,1,1,1,1,0
Fiat,Shahin,51000,2004,Benzine,Manual,1400,Sedan,165000.0,1,0,1,0,0,0,0,0,0,0,0,0,0,0,0,0,0,0,0,0,0
Hyundai,Avante,8000,2024,Hybrid,Automatic,1600,Sedan,1400000.0,0,0,0,0,0,0,0,0,0,0,0,0,0,0,0,0,0,0,0,0,0
Nissan,Sunny,175000,2007,Benzine,Automatic,1600,Sedan,390000.0,0,1,1,1,1,0,0,0,0,0,0,0,0,0,0,0,0,0,0,0,0
Zotye,Z100,56000,2020,Benzine,Manual,1000,Hatchback,280000.0,1,0,0,0,0,0,0,0,0,0,0,0,0,0,0,0,0,1,0,0,0
Mercedes-Benz,200,195000,1990,Benzine,Automatic,2300,Sedan,400000.0,0,0,1,0,0,0,0,0,0,0,0,0,0,0,0,0,0,0,0,0,0
Skoda,Octavia,200000,2013,Benzine,Automatic,1600,Sedan,710000.0,1,0,1,0,1,0,0,0,1,0,0,0,0,0,0,0,0,0,1,0,0
Chery,Tiggo 3,63000,2022,Benzine,Automatic,1600,SUV,650000.0,0,0,0,0,0,0,0,0,0,0,0,0,0,0,0,0,0,0,0,0,0
Fiat,Siena,200000,2002,Benzine,Manual,1400,Sedan,110000.0,0,0,0,0,0,0,0,0,0,0,0,0,0,0,0,0,0,0,0,0,0
Hyundai,Excel,320000,1996,Benzine,Manual,1500,Sedan,130000.0,0,1,0,0,1,0,0,0,0,0,0,0,0,0,0,0,0,1,0,0,0
Peugeot,306,250000,1998,Benzine,Manual,1800,Hatchback,200000.0,1,0,1,0,0,0,0,0,0,0,0,0,0,0,0,0,0,0,0,0,0
Geely,Pandido,60000,2016,Hybrid,Manual,1300,Small city car,265000.0,0,0,0,0,0,0,0,0,0,0,0,0,0,0,0,0,0,0,0,0,0
Hyundai,Matrix,200,2001,Benzine,Automatic,1600,Hatchback,377000.0,1,0,1,0,0,0,0,0,0,0,0,0,0,0,1,1,1,0,0,0,0
Skoda,Octavia,400000,1997,Benzine,Manual,2000,Sedan,300000.0,1,0,1,0,0,0,0,0,1,0,0,0,0,0,0,1,0,1,0,1,0
Kia,Ceed,140000,2016,Benzine,Automatic,1600,Sedan,610000.0,1,0,0,0,0,0,0,0,0,0,0,0,0,0,0,0,0,0,0,0,0
Honda,Civic,2000,1993,Benzine,Automatic,1600,Sedan,220000.0,1,0,0,0,0,0,0,0,1,0,0,0,0,0,0,0,0,0,0,0,0
MINI,John Cooper Works,100000,2019,Benzine,Automatic,1600,Sports / Coupe,1100000.0,1,0,0,0,0,0,0,0,0,0,0,0,0,0,0,0,0,0,0,0,0
Renault,Kadjar,135000,2019,Benzine,Automatic,1200,SUV,750000.0,1,1,1,1,0,1,0,0,1,0,1,1,0,0,1,1,0,0,1,1,0
Chevrolet,Cruze,190000,2010,Benzine,Automatic,1600,Sedan,350000.0,0,0,1,0,0,0,0,0,0,0,0,0,0,0,0,0,0,0,0,0,0
Hyundai,Elantra Coupe,154000,2013,Benzine,Automatic,1600,Sports / Coupe,680000.0,1,0,1,0,0,0,0,0,1,0,0,0,0,0,0,0,0,0,0,0,0
Hyundai,Accent,185000,2008,Benzine,Automatic,1600,Sedan,375000.0,0,1,1,0,0,0,0,0,0,0,0,0,0,0,0,0,0,1,0,0,0
Peugeot,508,140000,2020,Benzine,Automatic,1600,Sedan,1200000.0,1,0,0,0,1,1,0,0,0,0,0,0,0,0,0,0,0,0,0,0,0
Opel,Corsa,300000,1997,Benzine,Manual,1200,Hatchback,185000.0,0,1,0,0,0,0,0,0,0,0,0,0,0,0,0,0,0,0,0,0,0
Mazda,3,246000,2009,Benzine,Automatic,1600,Sedan,470000.0,0,1,1,0,1,0,0,0,1,0,0,0,0,0,0,0,0,0,0,0,1
Mercedes-Benz,C200,148000,2007,Benzine,Automatic,1800,Sedan,1100000.0,1,0,0,0,0,0,0,0,0,0,0,0,0,0,0,0,0,0,0,0,0
Suzuki,Swift,10000,1993,Benzine,Manual,1300,Sedan,125000.0,1,0,1,0,0,0,0,0,0,0,0,0,0,0,0,0,0,0,0,0,0
Renault,Logan,266000,2010,Benzine,Manual,1600,Sedan,220000.0,0,0,1,0,0,0,0,0,1,1,0,0,0,0,0,0,0,1,1,0,0
Renault,Duster,190,2020,Benzine,Automatic,1500,Estate,650000.0,1,0,0,0,0,0,0,0,0,0,0,0,0,0,0,0,0,0,0,0,0
Hyundai,Tucson,175000,2019,Benzine,Automatic,1600,Hatchback,1250000.0,0,0,0,0,0,0,0,0,0,0,0,0,0,0,0,0,0,0,0,0,0
Hyundai,Accent,295000,2009,Benzine,Automatic,1600,Sedan,420000.0,0,0,1,0,1,0,0,0,1,0,0,0,0,0,0,0,0,1,0,0,0
Mercedes-Benz,E200,88000,2000,Benzine,Automatic,2000,Sedan,750000.0,1,1,0,0,0,0,0,0,1,0,0,0,0,0,0,0,1,1,0,0,0
Renault,Logan,65000,2019,Benzine,Automatic,1600,Sedan,600000.0,1,0,1,0,0,0,0,0,1,0,0,0,0,0,0,0,0,0,0,0,0
Chevrolet,Captiva,190000,2021,Benzine,Automatic,1600,Estate,750000.0,0,0,0,1,0,1,0,0,0,0,0,0,0,0,0,0,0,0,0,0,0
Peugeot,301,170000,2014,Benzine,Automatic,1600,Sedan,465000.0,1,0,0,0,0,0,0,0,0,0,0,0,0,0,0,0,0,0,0,0,0
Fiat,Panda,85000,2017,Benzine,Manual,1242,Hatchback,470000.0,1,1,0,0,0,1,0,0,0,0,0,0,0,0,0,1,1,0,0,0,0
Opel,Insignia,141000,2018,Benzine,Automatic,1500,Sedan,1200000.0,1,1,0,0,0,1,0,0,0,0,0,0,0,0,0,0,0,0,0,0,0
Hyundai,Accent,289000,1999,Benzine,Manual,1500,Sedan,130000.0,0,0,0,0,0,0,0,0,0,0,0,0,0,0,0,0,0,0,0,0,0
Chevrolet,N300,35000,2023,Benzine,Manual,1200,Van / Bus,610000.0,1,1,0,0,1,0,0,0,0,0,0,0,0,0,0,0,0,1,0,0,0
Citroen,C4,312000,2007,Benzine,Automatic,1600,Hatchback,305000.0,1,0,0,0,0,0,0,0,1,0,0,0,0,0,0,0,0,0,0,0,0
Mercedes-Benz,C180,43000,2020,Benzine,Automatic,1500,Sedan,2470000.0,0,0,0,0,1,0,0,0,0,0,0,0,0,0,0,0,0,0,0,0,0
Speranza,A516,155000,2007,Benzine,Manual,1600,Estate,207000.0,1,0,1,0,0,0,0,0,0,0,0,0,0,0,0,0,0,1,0,0,0
Volkswagen,Golf,8800,2025,Benzine,Automatic,1400,Hatchback,1540000.0,0,0,0,0,0,0,0,0,0,0,0,1,0,0,0,0,0,0,0,0,0
Mercedes-Benz,200,230000,1980,Benzine,Automatic,2000,Sedan,350000.0,0,0,0,0,1,0,0,0,0,0,0,0,0,0,0,0,0,1,0,0,0
Citroen,C Elysee,150000,2022,Benzine,Automatic,1600,Sedan,650000.0,1,0,0,0,0,0,0,0,0,0,0,0,0,0,0,0,0,0,0,0,0
Mercedes-Benz,C180,290000,2009,Benzine,Automatic,1600,Sedan,950000.0,1,1,0,0,0,0,0,0,0,0,0,0,0,0,0,0,0,0,0,0,0
Renault,Sandero Stepway,205000,2019,Benzine,Automatic,1600,Hatchback,550000.0,1,0,0,0,0,0,0,0,0,0,0,0,0,0,0,0,0,0,0,0,0
Opel,Insignia,210000,2020,Benzine,Automatic,1600,Sedan,950000.0,1,0,0,0,0,0,0,0,0,0,0,0,0,0,0,0,0,0,0,0,0
Kia,Sportage,100000,2018,Benzine,Automatic,1600,SUV,1120000.0,1,0,0,0,0,0,0,0,0,0,0,0,0,0,0,0,0,0,0,0,0
Hyundai,I10,112000,2010,Benzine,Manual,1100,Hatchback,325000.0,0,0,1,0,0,0,0,0,0,0,0,0,0,0,0,0,0,0,0,0,0
Geely,Emgrand 7,310000,2015,Benzine,Manual,1600,Sedan,300000.0,1,0,0,0,0,0,0,0,0,0,0,0,0,0,0,0,0,0,0,0,0
Hyundai,Excel,200000,1997,Benzine,Manual,1500,Sedan,150000.0,1,0,1,0,0,0,0,0,0,0,0,0,0,0,0,0,0,1,0,0,0
Chevrolet,Spark,87000,2008,Benzine,Manual,1000,Hatchback,200000.0,1,0,0,0,0,0,0,0,0,0,0,0,0,0,0,0,0,1,0,0,0
Peugeot,405,10000,1990,Benzine,Manual,1800,Sedan,125000.0,1,0,0,0,0,0,0,0,0,0,0,0,0,0,0,0,0,0,0,1,0
Skoda,Octavia,34350,2022,Benzine,Automatic,1500,Sedan,1600000.0,0,0,0,0,0,0,0,0,0,0,0,0,0,0,0,0,0,0,0,0,0
Skoda,Felecia,240000,1995,Benzine,Manual,1300,Hatchback,140000.0,0,1,0,0,0,0,0,0,0,0,0,0,0,0,0,0,0,0,0,0,0
Audi,A3,16000,2025,Benzine,Automatic,1400,Sedan,2250000.0,0,0,0,0,0,0,0,1,0,0,0,0,0,0,0,0,0,1,0,0,0
Mercedes-Benz,A200,41400,2015,Benzine,Automatic,1600,Hatchback,1550000.0,0,1,0,0,0,0,0,0,0,0,0,0,0,0,0,0,0,0,0,0,0
Daewoo,Lanos,165000,2005,Benzine,Manual,1500,Sedan,195000.0,1,1,1,1,0,0,0,0,1,0,0,0,0,0,0,0,0,0,0,0,0
Hyundai,Tucson,87000,2019,Benzine,Automatic,1600,SUV,1250000.0,1,0,1,0,0,0,0,0,1,0,0,0,0,0,0,0,0,0,0,0,0
Volkswagen,Polo,200000,1999,Benzine,Manual,1400,Hatchback,188000.0,1,1,0,0,0,0,0,0,0,0,0,0,0,0,0,0,0,0,0,0,0
Ford,Focus,200000,2009,Benzine,Automatic,1600,Sedan,500000.0,1,0,0,0,0,0,0,0,0,0,0,0,0,0,0,0,0,0,0,0,0
Opel,Vectra,220000,2008,Benzine,Automatic,1600,Sedan,400000.0,1,0,1,0,0,0,0,0,1,0,1,0,0,0,0,1,1,0,0,0,0
Ssang Yong,Torres,102000,2023,Benzine,Automatic,1500,Hatchback,1400000.0,0,1,0,0,0,0,0,0,0,1,1,1,0,0,0,1,0,1,1,0,0
Toyota,Yaris,180000,2008,Benzine,Automatic,1300,Sedan,400000.0,0,1,1,0,1,0,0,0,0,0,0,0,0,0,0,0,0,0,0,0,0
Speranza,A620,156000,2007,Benzine,Automatic,2000,Sedan,280000.0,1,0,0,0,0,0,0,0,0,0,0,0,0,0,0,0,0,1,0,0,0
Citroen,C8,185000,2004,Benzine,Automatic,2000,Hatchback,380000.0,0,0,0,0,0,0,0,0,0,0,0,0,0,0,0,0,0,0,0,0,0
Daihatsu,Terios,250000,2000,Benzine,Automatic,1300,4X4,275000.0,0,0,0,0,0,0,0,0,0,0,0,0,0,0,0,0,0,0,0,0,0
Daewoo,Lanos,171000,2000,Benzine,Manual,1500,Sedan,215000.0,1,0,1,0,0,0,0,0,1,0,0,0,0,0,0,0,0,0,0,0,0
Skoda,Octavia,200000,1999,Benzine,Manual,1600,Sedan,335000.0,1,1,0,0,0,0,0,0,0,0,0,0,0,0,0,1,0,1,0,0,0
Suzuki,Swift,300000,1997,Benzine,Manual,1300,Sedan,160000.0,0,0,0,0,0,0,0,0,0,0,0,0,0,0,0,0,0,1,0,0,0
Kia,Carens,198000,2016,Benzine,Automatic,1591,SUV,850000.0,0,0,1,0,0,0,0,0,0,0,0,0,0,0,0,0,0,0,0,0,0
Kia,Ceed,191000,2016,Benzine,Automatic,1600,Hatchback,680000.0,1,0,0,0,0,0,0,0,0,0,0,0,0,0,0,0,0,0,0,0,0
Hyundai,Tucson,160000,2017,Benzine,Automatic,1600,SUV,890000.0,1,1,0,0,1,0,0,0,0,0,0,0,0,0,0,0,0,1,0,0,0
Volvo,240,200000,1988,Benzine,Manual,1998,Sedan,140000.0,1,0,1,0,0,0,0,0,0,0,0,0,0,0,0,0,0,1,0,0,0
Volkswagen,Golf,200000,2010,Benzine,Automatic,1400,Hatchback,725000.0,1,0,1,0,0,0,0,0,0,0,0,0,0,0,0,0,0,0,1,0,0
Speranza,A516,200000,2009,Benzine,Manual,1300,Sedan,225000.0,0,0,0,0,0,0,0,0,0,0,0,0,0,0,0,0,0,0,0,0,0
Hyundai,Grand I10,90000,2015,Benzine,Automatic,1200,Sedan,560000.0,1,0,0,0,0,0,0,0,0,0,0,0,0,0,0,0,0,0,0,0,0
Fiat,Uno,180000,2000,Benzine,Manual,1300,Hatchback,137000.0,1,0,1,0,1,0,0,0,1,0,0,0,0,0,0,0,0,0,0,0,0
BYD,F3,30000,2015,Natural Gas,Automatic,1500,Sedan,350000.0,0,0,0,0,0,0,0,0,0,0,0,0,0,0,0,0,0,0,0,0,0
Opel,Corsa,127000,1994,Benzine,Manual,1200,Hatchback,180000.0,0,1,1,0,0,0,0,0,0,0,0,0,0,0,0,0,0,0,0,0,0
Daewoo,Leganza,350000,2000,Benzine,Manual,1600,Sedan,200000.0,0,1,1,0,1,0,0,0,0,0,0,0,0,0,0,0,0,1,0,0,0
Speranza,A113,171000,2009,Benzine,Manual,1300,Hatchback,185000.0,0,0,1,1,0,0,0,0,0,0,0,0,0,0,0,0,0,0,0,0,0
Kia,Shuma,200000,2001,Benzine,Manual,1200,Sedan,270000.0,1,0,1,0,0,0,0,0,0,0,0,0,0,0,0,0,0,0,0,0,0
Volkswagen,Golf,280000,2006,Benzine,Manual,1600,Hatchback,450000.0,1,0,1,0,1,0,0,0,0,0,0,0,0,0,0,1,1,1,0,0,0
Ford,Focus,165000,2013,Benzine,Automatic,1600,Hatchback,495000.0,1,0,0,0,1,1,0,0,0,0,0,0,0,0,0,0,0,0,0,0,0
Alfa Romeo,Stelvio,105000,2021,Benzine,Automatic,2000,4X4,2000000.0,0,0,0,0,0,0,0,0,0,0,0,0,0,0,0,0,0,0,0,0,0
Speranza,A620,25000,2007,Benzine,Automatic,2000,Sedan,160000.0,1,0,0,0,0,0,0,0,0,0,0,0,0,0,0,0,0,0,0,0,0
Mercedes-Benz,C200,148000,2020,Benzine,Automatic,1600,Sports / Coupe,2250000.0,1,0,0,0,0,0,0,0,0,0,0,0,0,0,0,0,0,0,0,0,0
Renault,Symbol,90000,2016,Benzine,Automatic,1600,Sedan,430000.0,1,0,1,0,0,0,0,0,1,1,0,1,0,0,0,0,0,1,0,0,0
Honda,City,288000,2016,Benzine,Automatic,1500,Sedan,600000.0,1,0,1,0,1,0,0,0,0,0,0,0,0,0,0,0,0,0,0,0,0
Mazda,3,210000,2006,Benzine,Manual,1600,Sedan,400000.0,1,0,0,0,0,0,0,0,0,0,0,0,0,0,0,0,0,0,0,0,0
Daewoo,Nubira,50000,2000,Benzine,Manual,1600,Sedan,235000.0,0,0,0,0,0,0,0,0,0,0,0,0,0,0,0,0,0,0,0,0,0
Kia,Ceed,114000,2016,Natural Gas,Automatic,1600,Hatchback,610000.0,0,0,1,0,0,0,0,0,0,0,0,0,0,0,0,0,0,0,0,0,0
Hyundai,Verna,165000,2010,Natural Gas,Automatic,1600,Sedan,300000.0,1,0,1,0,0,0,0,0,0,0,0,0,0,0,0,0,0,0,0,0,0
Speranza,A113,16000,2009,Benzine,Manual,1300,Hatchback,165000.0,1,0,1,1,0,0,0,0,0,0,0,0,0,0,0,0,0,0,0,0,0
BMW,X5,172000,2016,Benzine,Automatic,4400,SUV,2000000.0,0,0,0,0,0,0,0,0,0,0,0,0,0,0,0,0,0,0,0,0,0
Peugeot,3008,11000,2024,Benzine,Automatic,1600,SUV,1590000.0,0,0,0,0,0,0,0,0,0,0,0,1,0,0,0,0,0,1,0,0,0
Renault,Sandero Stepway,125000,2016,Benzine,Automatic,1599,Hatchback,520000.0,1,0,1,0,0,1,0,0,0,0,0,0,0,0,0,0,0,0,0,0,0
Mitsubishi,Outlander,13000,2025,Benzine,Automatic,1500,Hatchback,1150000.0,0,1,0,0,0,0,0,0,0,0,0,0,0,0,0,0,0,0,0,0,0
Skoda,Felecia,163000,1996,Benzine,Manual,1300,Hatchback,135000.0,1,0,1,0,0,0,0,0,0,0,0,0,0,0,0,0,0,0,0,0,0
Daewoo,Lanos,250,1999,Benzine,Automatic,1300,Sedan,250000.0,1,0,0,0,0,0,0,0,0,0,0,0,0,1,0,0,0,1,0,0,0
BMW,320,92000,2021,Benzine,Automatic,2000,Sedan,2000000.0,1,1,0,0,0,1,0,1,0,0,0,0,0,0,0,0,0,1,0,0,0
Geely,Emgrand 7,180000,2014,Benzine,Manual,1500,Sedan,260000.0,1,0,1,1,0,0,0,0,0,0,0,0,0,0,0,0,0,0,0,0,0
BMW,X6,188000,2016,Benzine,Automatic,4400,Sedan,2300000.0,0,0,0,0,0,0,0,0,0,0,0,0,0,0,0,0,0,0,0,0,0
Ford,EcoSport,110000,2019,Benzine,Automatic,1200,Hatchback,650000.0,0,1,0,0,0,0,0,0,0,0,0,0,0,0,0,0,0,0,0,0,0
Hyundai,Matrix,380000,2008,Benzine,Automatic,1600,Hatchback,460000.0,1,0,0,0,0,0,0,0,0,0,0,0,0,0,0,0,0,0,0,0,0
Lada,1500,100000,1995,Benzine,Manual,1500,Sedan,100000.0,0,0,0,0,0,0,0,0,0,0,0,0,0,0,0,0,0,0,0,0,0
Hyundai,H1,1000,2001,Diesel,Manual,2000,Van / Bus,320000.0,0,0,0,0,0,0,0,0,0,0,0,0,0,0,0,0,0,0,0,0,0
Nissan,Qashqai,110000,2020,Benzine,Automatic,1200,Hatchback,830000.0,0,1,0,0,0,0,0,0,0,0,0,1,0,0,0,0,1,0,0,0,0
Ford,Fiesta,325000,2000,Benzine,Manual,1300,Hatchback,130000.0,0,0,0,0,0,0,0,0,0,0,0,0,0,0,0,0,0,0,0,0,0
Speranza,A113,75000,2012,Benzine,Manual,1300,Hatchback,250000.0,1,1,1,0,0,0,0,0,1,0,0,0,0,0,0,0,0,0,0,0,0
Hyundai,Matrix,200000,2006,Benzine,Automatic,1600,Hatchback,325000.0,0,0,0,0,0,0,0,0,0,0,0,0,0,0,0,0,0,0,0,0,0
Volkswagen,Golf,36000,2024,Benzine,Automatic,1600,Hatchback,1400000.0,0,0,0,0,0,0,0,1,0,0,0,0,0,0,0,0,0,1,0,0,0
Hyundai,Tucson,55000,2022,Benzine,Automatic,1600,SUV,1530000.0,0,1,0,0,0,0,0,0,0,0,0,0,0,0,0,0,0,0,0,0,0
Chevrolet,Optra,360,2009,Benzine,Automatic,1600,Sedan,380000.0,1,0,1,0,0,0,0,0,0,0,0,0,0,0,0,0,0,0,0,0,0
Renault,Logan,96000,2013,Benzine,Automatic,1600,Sedan,330000.0,0,0,0,0,1,0,0,0,0,0,0,0,0,0,0,0,0,1,0,0,0
Skoda,Octavia,341000,2006,Benzine,Automatic,1600,Sedan,390000.0,0,1,0,0,0,0,0,0,1,0,0,0,0,1,0,1,1,1,0,0,0
Renault,Megane,192000,2008,Benzine,Automatic,1600,Sedan,350000.0,0,0,0,0,0,0,1,0,0,0,0,0,0,0,0,0,0,0,0,1,0
Opel,Crossland,35000,2022,Benzine,Automatic,1200,Hatchback,890000.0,1,0,0,0,0,0,0,0,0,1,1,1,0,0,1,0,0,1,1,1,0
Chevrolet,Cruze,140000,2017,Benzine,Automatic,1500,Sedan,490000.0,1,0,0,0,0,0,0,0,0,0,0,0,0,0,0,0,0,0,0,0,0
Brilliance,V6,190000,2019,Benzine,Automatic,1500,SUV,680000.0,1,0,0,0,1,0,0,0,0,0,0,0,0,0,0,0,0,0,0,0,0
Mercedes-Benz,190,415000,1989,Benzine,Manual,2000,Sedan,285000.0,1,0,1,0,0,0,0,0,0,0,1,0,0,0,0,0,0,1,0,0,0
Peugeot,508,213000,2020,Benzine,Automatic,1600,Sedan,1300000.0,1,1,0,0,0,1,0,1,0,1,0,0,0,0,1,0,0,0,0,0,0
Volkswagen,Polo,226800,2001,Benzine,Manual,1200,Sedan,200000.0,1,0,1,0,0,0,0,0,0,0,0,0,0,0,0,0,0,0,0,0,0
Nissan,Sunny,98000,2020,Benzine,Automatic,1600,Sedan,510000.0,1,1,1,0,0,0,0,0,0,0,0,0,0,0,0,0,0,0,0,0,0
Peugeot,3008,110000,2022,Benzine,Automatic,1600,SUV,1650000.0,1,0,0,0,1,1,0,0,0,0,0,0,0,0,0,0,0,0,0,0,0
Citroen,C5 Aircross,39000,2023,Benzine,Automatic,1600,SUV,1560000.0,1,1,1,0,0,0,0,1,1,1,0,0,0,0,1,1,1,1,0,0,0
Renault,Captur,119000,2017,Benzine,Automatic,1200,SUV,580000.0,0,0,1,0,0,0,0,0,0,0,0,0,0,0,0,0,0,0,0,0,0
Changan,Benni mini,62000,2013,Diesel,Manual,1000,Hatchback,205000.0,0,0,0,0,0,0,0,0,0,0,0,0,0,0,0,0,0,0,0,0,0
Nissan,Sentra,23000,2025,Benzine,Automatic,1600,Sedan,790000.0,1,1,0,0,0,0,0,0,0,0,0,0,0,0,0,0,0,0,0,0,0
Hyundai,Matrix,208000,2010,Benzine,Automatic,1600,Estate,470000.0,1,0,1,0,0,0,0,0,1,0,1,1,0,0,0,0,0,0,0,0,0
Renault,Duster,132000,2019,Benzine,Automatic,1600,SUV,700000.0,1,0,0,0,1,0,0,0,0,0,0,0,0,0,0,0,0,0,0,0,0
Volkswagen,Passat,193000,2008,Benzine,Automatic,1600,Sedan,720000.0,1,0,0,0,0,0,0,0,0,0,0,0,0,0,0,0,0,0,0,0,0
Renault,Logan,200000,2010,Benzine,Manual,1600,Sedan,300000.0,1,0,1,0,0,0,0,0,0,0,0,0,0,0,0,0,0,0,0,0,0
Nissan,Sentra,170000,2018,Benzine,Automatic,1600,Sedan,525000.0,1,1,0,0,0,0,0,0,0,0,0,0,0,0,1,1,1,0,0,0,0
Suzuki,Swift,100000,1992,Benzine,Manual,1300,Hatchback,120000.0,0,0,0,0,0,0,0,0,0,0,0,0,0,0,0,0,0,0,0,0,0
MG,ZS,60000,2020,Benzine,Automatic,1500,SUV,650000.0,0,1,0,0,0,0,0,0,0,0,0,0,0,0,0,0,0,0,0,0,0
Skoda,Fabia,290000,2010,Benzine,Automatic,1600,Hatchback,400000.0,0,0,1,0,0,0,0,0,0,0,0,0,0,0,0,0,0,0,0,0,0
Renault,Sandero,134000,2016,Benzine,Automatic,1600,Hatchback,300000.0,1,0,0,0,0,0,0,0,0,0,0,0,0,0,0,0,0,0,0,0,0
Daewoo,Nubira,163500,1998,Benzine,Manual,1500,Sedan,210000.0,0,0,0,0,0,0,0,0,0,0,0,0,0,0,0,0,0,0,0,0,0
BMW,418,68000,2017,Benzine,Automatic,1500,Sports / Coupe,1650000.0,0,0,0,0,0,0,0,1,0,0,1,0,1,0,0,1,1,1,0,0,0
Nissan,Sunny,80000,2020,Benzine,Automatic,1600,Sedan,585000.0,1,0,0,0,0,0,0,0,0,0,0,0,0,0,0,0,0,0,0,0,0
Fiat,Tipo,61000,2022,Benzine,Automatic,1600,Sedan,750000.0,1,0,0,0,0,0,0,0,0,0,0,0,0,0,0,0,0,0,0,0,0
Skoda,Fantasia,168000,2010,Benzine,Automatic,1600,Sedan,700000.0,1,0,0,0,0,0,0,0,1,0,0,0,0,0,0,0,0,0,0,0,0
BMW,520,115000,2019,Benzine,Automatic,2000,Sedan,1950000.0,0,0,0,0,0,0,0,1,0,0,1,1,0,0,0,0,0,1,0,0,0
Mercedes-Benz,C180,108000,2009,Benzine,Automatic,1600,Sedan,1050000.0,1,0,0,0,0,0,0,0,0,0,0,0,0,0,0,0,0,0,0,0,0
Hyundai,Verna,450000,2014,Hybrid,Manual,1600,Sedan,350000.0,1,0,1,0,0,0,0,0,1,0,0,0,0,0,0,0,0,1,0,0,0
Jeep,Renegade,150000,2021,Benzine,Automatic,1400,SUV,900000.0,1,1,1,0,0,0,0,0,0,0,0,0,1,1,0,1,1,0,1,0,0
Changan,Benni mini,124000,2015,Benzine,Automatic,1000,Hatchback,285000.0,0,0,0,0,0,0,0,0,0,0,0,1,0,0,0,1,0,1,0,0,0
Hyundai,Atos,55700,2008,Benzine,Automatic,1100,Hatchback,290000.0,0,1,0,0,0,0,0,0,0,0,0,0,0,0,0,0,0,0,0,0,0
Renault,Duster,257000,2017,Benzine,Manual,1600,SUV,605000.0,1,0,0,0,0,0,0,0,0,0,0,0,0,0,0,0,0,0,0,0,0
BMW,320,128000,2019,Benzine,Automatic,2000,Sedan,1600000.0,1,0,0,0,0,1,0,1,1,0,0,0,0,0,0,0,0,0,0,0,0
BMW,750,190000,2010,Benzine,Automatic,4400,Sedan,1150000.0,1,0,0,0,0,0,0,0,0,0,0,0,0,0,0,0,0,0,0,0,0
Speranza,A113,130000,2008,Benzine,Manual,1300,Hatchback,245000.0,1,1,1,0,0,0,0,0,0,0,0,0,0,0,0,0,0,0,0,0,0
Toyota,Fortuner,200000,2018,Benzine,Automatic,4000,4X4,2250000.0,1,0,0,0,0,1,0,0,0,0,0,0,0,0,0,0,0,0,0,0,0
Mercedes-Benz,CLA 200,5500,2022,Benzine,Automatic,1300,Sedan,2400000.0,0,0,1,0,0,0,0,1,0,0,0,0,0,0,0,0,0,1,0,0,0
Jeep,Renegade,240000,2019,Benzine,Automatic,1400,SUV,865000.0,1,0,0,0,0,0,0,0,0,0,0,0,0,0,0,0,0,0,0,0,0
Chevrolet,Lanos,220000,2010,Benzine,Manual,1500,Sedan,250000.0,1,0,1,0,0,0,0,0,0,0,0,0,0,0,0,0,0,0,0,0,0
Seat,Tarraco,165000,2021,Benzine,Automatic,1400,SUV,1350000.0,1,0,0,0,0,0,0,0,0,0,0,0,0,0,0,0,0,0,0,0,0
Opel,Vectra,181000,1996,Benzine,Automatic,2000,Sedan,295000.0,0,0,0,0,0,0,0,0,0,0,0,0,0,0,0,0,0,0,0,0,0
Kia,Cerato,162000,2019,Benzine,Automatic,1600,Sedan,890000.0,1,0,0,0,0,0,0,0,0,0,0,0,0,0,0,0,0,0,0,0,0
Mercedes-Benz,C180,165000,2018,Benzine,Automatic,1600,Sedan,1790000.0,0,0,0,0,0,0,0,1,0,0,1,0,1,0,0,0,0,0,1,0,0
Daewoo,Lanos,200000,2005,Benzine,Manual,1500,Sedan,290000.0,0,0,1,0,0,0,0,0,0,0,0,0,0,0,0,0,0,0,0,0,0
Kia,Picanto,95000,2010,Benzine,Automatic,1100,Hatchback,425000.0,1,1,0,0,0,0,0,0,0,0,0,0,0,0,0,0,0,0,0,0,0
Toyota,Fortuner,170000,2017,Benzine,Automatic,4000,4X4,1900000.0,0,0,0,0,0,1,0,0,0,0,0,0,0,0,0,0,0,0,0,0,0
Hyundai,Other,185000,2009,Benzine,Automatic,1600,Hatchback,650000.0,1,0,0,0,0,0,0,0,0,0,0,0,0,0,0,0,0,0,0,0,0
Renault,Megane,83000,2020,Benzine,Automatic,1600,Sedan,725000.0,0,0,0,0,0,0,0,0,0,0,0,0,0,0,0,0,0,0,0,0,0
Mitsubishi,Pajero,44000,2015,Benzine,Automatic,3500,4X4,1850000.0,1,1,0,0,0,0,0,0,0,0,0,0,0,0,0,0,0,0,0,0,0
Renault,Megane,148000,2006,Benzine,Automatic,1600,Sedan,340000.0,1,0,1,0,1,0,0,0,1,0,0,0,1,0,0,1,1,1,1,1,0
Daewoo,Nubira,204000,2007,Benzine,Manual,1600,Sedan,250000.0,1,0,1,0,0,0,0,0,0,0,0,0,0,0,0,0,0,0,0,0,0
Honda,Civic,22000,2022,Benzine,Automatic,1500,Sedan,1530000.0,1,0,0,0,0,0,0,1,1,1,1,1,1,0,0,0,0,0,0,0,0
Nissan,Qashqai,139000,2019,Benzine,Automatic,1200,SUV,810000.0,1,0,1,0,0,1,0,0,1,1,1,0,1,0,1,1,1,1,1,0,0
Skoda,Superb,105000,2023,Benzine,Automatic,1400,Sedan,1800000.0,0,0,0,0,0,0,0,0,0,0,0,0,0,0,0,0,0,0,0,0,0
Brilliance,FSV,165000,2013,Benzine,Automatic,1600,Sedan,280000.0,0,0,0,0,0,0,0,0,0,0,0,0,0,1,0,0,0,1,0,0,0
Fiat,Shahin,250000,2007,Benzine,Manual,1600,Sedan,160000.0,1,0,0,0,0,0,0,0,0,0,0,0,0,0,0,0,0,1,0,0,0
Ford,EcoSport,82000,2019,Benzine,Automatic,1000,SUV,680000.0,1,1,0,0,0,0,0,0,0,0,1,0,0,1,0,0,0,0,0,0,0
Suzuki,Grand Vitara,177000,2007,Benzine,Manual,1600,4X4,360000.0,1,0,0,0,0,0,0,0,0,1,0,1,0,0,0,0,0,0,0,0,0
Mercedes-Benz,A200,88000,2022,Benzine,Automatic,1500,Sedan,1790000.0,0,0,0,0,0,0,0,0,0,0,0,0,0,0,0,0,0,0,0,0,0
Seat,Tarraco,96000,2021,Benzine,Automatic,1400,SUV,1550000.0,1,1,0,0,0,0,0,0,0,0,0,0,0,0,0,0,0,0,0,0,0
Speranza,Tiggo,250000,2017,Benzine,Automatic,1600,Hatchback,450000.0,1,0,0,0,1,0,0,0,0,1,1,1,1,1,0,1,0,1,0,0,0
BMW,525,367000,2008,Benzine,Automatic,3000,Sedan,700000.0,0,0,0,0,0,0,0,0,0,0,0,0,0,0,0,0,0,0,0,0,0
Volkswagen,Tiguan,29000,2018,Benzine,Automatic,1400,SUV,1400000.0,1,0,0,0,0,0,0,0,0,0,0,0,0,0,0,0,0,0,0,0,0
MG,RX5,146000,2021,Benzine,Automatic,1500,Hatchback,800000.0,1,0,1,0,0,0,0,0,0,0,0,0,0,0,0,0,0,0,0,0,0
Skoda,Kodiaq,24000,2024,Benzine,Automatic,1400,SUV,2150000.0,0,1,0,0,0,0,0,0,0,0,0,0,0,0,0,0,0,1,0,0,0
Fiat,Tipo,33000,2022,Benzine,Automatic,1600,Sedan,870000.0,0,0,0,0,0,1,0,0,0,0,0,0,0,0,0,0,1,0,0,0,0
Volkswagen,Polo,220000,2001,Benzine,Manual,1400,Hatchback,260000.0,0,0,1,0,0,0,0,0,0,0,0,0,0,0,0,0,0,1,0,0,0
Skoda,Octavia,100000,1999,Benzine,Automatic,1600,Sedan,385000.0,0,0,0,0,0,0,0,0,0,0,0,0,0,0,0,0,1,0,0,0,0
Chery,Arrizo 5,67000,2023,Benzine,Automatic,1500,Sedan,630000.0,0,0,0,0,0,1,0,0,0,0,0,0,0,0,0,0,0,0,0,0,0
Daewoo,Lanos,200000,2008,Benzine,Automatic,1500,Sedan,250000.0,0,1,1,0,0,0,0,0,1,0,0,0,0,0,0,0,0,0,0,0,0
Mitsubishi,Lancer,100000,1993,Benzine,Manual,1300,Sedan,170000.0,0,0,0,0,0,0,0,0,0,0,0,0,0,0,0,0,0,0,0,0,0
BMW,320,300000,1998,Benzine,Automatic,2000,Sedan,125000.0,0,0,0,0,0,0,0,0,0,0,0,0,0,0,0,0,0,0,0,0,0
Chevrolet,Optra,4000,2026,Benzine,Automatic,1600,Sedan,710000.0,1,1,0,0,0,0,0,0,0,0,0,0,0,0,0,0,0,0,1,0,0
Chevrolet,Cruze,198000,2016,Benzine,Automatic,1600,Sedan,550000.0,0,0,0,0,0,0,0,0,1,1,0,0,0,0,0,0,0,0,0,0,0
Opel,Vectra,150000,1995,Benzine,Manual,1600,Sedan,105000.0,1,0,0,0,0,0,0,0,0,0,0,0,0,0,0,0,0,1,0,0,0
Nissan,Sunny,61000,2023,Hybrid,Automatic,1600,Sedan,585000.0,1,0,0,0,0,0,0,0,0,0,0,0,0,0,0,0,0,0,0,1,0
Chevrolet,Cruze,190000,2010,Benzine,Automatic,1600,Sedan,380000.0,1,1,1,0,0,0,0,0,0,0,0,0,0,0,0,0,0,0,0,0,0
Fiat,Shahin,65000,2002,Hybrid,Manual,1400,Sedan,140000.0,0,0,0,0,0,0,0,0,0,1,0,1,0,0,0,0,0,0,0,0,0
Hyundai,Accent,265000,2010,Benzine,Automatic,1600,Sedan,400000.0,0,0,0,0,0,0,0,0,0,0,0,0,0,0,0,0,0,0,0,0,0
Skoda,Kodiaq,24000,2023,Benzine,Automatic,1400,SUV,2150000.0,0,0,0,0,0,0,0,1,0,0,1,0,1,0,0,0,0,1,0,1,0
BYD,F3,40000,2025,Benzine,Automatic,1500,Sedan,570000.0,1,0,1,0,0,0,0,0,1,0,0,0,0,0,0,0,0,0,0,0,0
Opel,Insignia,151000,2014,Benzine,Automatic,1600,Sedan,730000.0,0,1,1,0,0,1,0,0,0,0,0,0,0,0,0,0,0,0,0,0,0
Nissan,Juke,250000,2015,Benzine,Automatic,1600,SUV,480000.0,1,0,0,0,0,0,0,0,0,0,0,0,1,0,1,1,0,0,0,0,0
Fiat,Punto,194000,2009,Benzine,Manual,1200,Hatchback,230000.0,1,0,1,0,0,0,0,0,0,0,0,0,0,0,0,0,0,1,0,0,0
Kia,Cerato,168000,2010,Benzine,Automatic,1600,Hatchback,500000.0,1,1,1,0,1,0,0,0,1,0,0,0,0,0,0,0,1,1,1,0,0
Renault,Duster,110000,2019,Benzine,Automatic,1500,SUV,650000.0,1,0,0,0,0,0,0,0,0,0,0,0,0,0,0,0,0,0,0,0,0
Suzuki,Dzire,36000,2022,Benzine,Automatic,1280,Sedan,625000.0,1,1,0,0,0,1,0,0,0,0,1,0,0,0,1,0,1,1,0,0,0
Kia,Rio,185000,2014,Benzine,Automatic,1400,Hatchback,560000.0,1,0,0,0,0,0,0,0,0,0,0,0,0,0,0,0,0,0,0,0,0
Skoda,Superb,82000,2021,Benzine,Automatic,1400,Sedan,1670000.0,0,1,0,0,0,1,0,0,0,0,0,0,0,0,0,0,0,1,0,0,0
Toyota,Yaris,299000,2009,Benzine,Automatic,1300,Sedan,400000.0,0,0,1,0,0,0,0,0,1,1,0,0,0,0,0,0,0,0,0,0,0
MG,MG 5,145671,2021,Benzine,Automatic,1500,Sedan,750000.0,0,0,0,0,0,0,0,0,0,0,0,0,0,0,0,0,0,0,0,0,0
Chevrolet,Optra,280000,2007,Benzine,Automatic,1500,Sedan,385000.0,0,0,1,0,0,0,0,0,0,0,0,0,0,0,0,0,0,0,0,0,0
Fiat,Shahin,80000,2006,Benzine,Manual,1400,Sedan,120000.0,0,0,1,0,0,0,0,0,0,0,0,0,0,0,0,0,0,0,0,0,0
Ford,Focus,190000,2013,Benzine,Automatic,1600,Hatchback,480000.0,1,0,1,0,1,0,0,0,0,0,0,0,0,0,0,0,0,1,0,0,0
Hyundai,Verna,142000,2013,Benzine,Automatic,1600,Sedan,330000.0,1,1,0,0,0,0,0,0,1,0,0,0,0,0,0,0,0,1,0,0,0
Seat,Leon,190000,2018,Benzine,Automatic,1200,Hatchback,850000.0,0,0,0,0,0,0,0,0,0,0,0,0,0,0,0,0,0,0,0,0,0
BMW,318,240000,2000,Benzine,Automatic,1800,Sedan,450000.0,1,0,0,0,0,0,0,0,0,0,0,0,0,0,0,0,0,0,0,1,0
Mitsubishi,Eclipse,115000,2020,Benzine,Automatic,1500,SUV,980000.0,0,0,0,0,0,0,0,0,0,0,0,0,0,0,0,0,0,0,0,0,0
Chevrolet,Aveo,105000,2017,Benzine,Automatic,1500,Sedan,450000.0,1,0,1,0,0,0,0,0,0,1,0,0,0,0,0,0,0,1,0,0,0
Kia,Sportage,117000,2021,Benzine,Automatic,1600,Hatchback,1370000.0,0,0,0,0,0,0,0,0,0,0,0,0,0,0,0,0,0,0,0,0,0
Lada,Niva,100000,1991,Natural Gas,Manual,1600,Hatchback,185000.0,1,0,0,0,0,0,0,0,0,0,0,0,0,1,0,0,0,0,0,0,0
Chevrolet,Optra,10000,2007,Benzine,Manual,1600,Hatchback,260000.0,0,0,0,0,0,0,0,0,0,0,0,0,0,0,0,0,0,0,0,0,0
Hyundai,Accent,242000,2010,Benzine,Automatic,1600,Sedan,425000.0,1,0,1,0,1,0,0,0,0,0,0,0,0,0,0,0,0,0,0,0,0
Mercedes-Benz,CLS,240000,2005,Benzine,Automatic,3500,Sedan,1550000.0,1,0,0,0,0,0,0,0,0,0,0,0,0,0,0,0,0,0,0,0,0
Daewoo,Nubira,256000,2005,Benzine,Manual,1600,Sedan,185000.0,0,0,0,0,0,0,0,0,0,0,0,0,0,0,0,0,0,0,0,0,0
BYD,F3,100000,2024,Benzine,Automatic,1500,Sedan,600000.0,0,1,1,0,0,0,0,0,1,0,0,0,0,0,0,0,0,0,0,0,0
Peugeot,407,300000,2008,Benzine,Automatic,2200,Sedan,350000.0,0,1,1,0,0,0,0,0,0,0,0,0,0,0,0,0,0,1,1,0,0
Hyundai,Atos,115000,2009,Benzine,Manual,1100,Hatchback,320000.0,1,0,0,0,0,0,0,0,0,0,0,0,0,0,0,0,0,0,0,1,0
Nissan,Sunny,155000,2014,Benzine,Automatic,1500,Sedan,380000.0,1,0,1,0,0,0,0,0,0,0,0,0,0,0,0,0,0,0,0,0,0
BMW,IX1,120000,2020,Benzine,Automatic,1300,SUV,1900000.0,0,0,0,0,0,0,0,0,0,0,0,0,0,0,0,0,0,0,0,0,0
Speranza,A213,186000,2009,Benzine,Manual,1300,Sedan,155000.0,1,0,0,0,0,0,0,0,0,0,0,0,0,0,0,0,0,0,0,0,0
Renault,Megane,60000,2020,Benzine,Automatic,1600,Sedan,750000.0,0,0,1,0,0,1,0,0,1,0,0,0,0,0,0,0,0,0,0,0,0
Chevrolet,Optra,147000,2010,Benzine,Automatic,1600,Sedan,420000.0,0,0,0,0,0,0,0,0,0,0,0,0,0,0,0,0,0,0,0,0,0
Hyundai,Verna,195000,2009,Benzine,Manual,1600,Sedan,245000.0,0,1,0,0,0,0,0,0,0,0,0,0,0,0,0,0,0,0,0,0,0
Mercedes-Benz,CLA 200,13000,2023,Benzine,Automatic,1400,Sedan,2300000.0,1,0,0,0,0,0,0,0,0,0,0,1,0,0,0,0,0,0,0,0,0
Kia,Sportage,40000,2022,Benzine,Automatic,1600,SUV,1650000.0,0,1,0,0,0,0,0,0,0,0,0,0,0,0,0,0,0,0,0,0,0
Hyundai,Verna,129000,2008,Benzine,Manual,1500,Sedan,270000.0,0,0,0,0,0,0,0,0,0,0,0,0,0,0,0,0,0,0,0,0,0
Opel,Vectra,224300,1996,Benzine,Automatic,2000,Sedan,200000.0,1,0,0,0,0,0,0,1,0,0,0,0,0,0,0,0,0,0,0,0,0
Fiat,Dogan,190000,1995,Benzine,Manual,1600,Sedan,200000.0,1,1,0,0,0,0,0,0,0,0,0,0,0,0,0,0,0,0,0,0,0
BYD,L3,60000,2016,Benzine,Manual,1500,Sedan,350000.0,1,0,1,0,0,0,0,0,1,0,0,0,0,0,0,0,0,0,0,0,0
Volkswagen,Polo,300,2001,Benzine,Manual,1400,Hatchback,225000.0,0,0,1,1,0,0,0,0,0,0,0,0,0,0,0,0,0,0,0,0,0
BMW,520,105000,2018,Benzine,Automatic,2000,Sedan,1950000.0,0,0,0,0,0,0,0,0,0,0,0,0,0,0,0,0,0,0,0,0,0
Hyundai,Elantra,150000,2014,Benzine,Automatic,1600,Sedan,620000.0,1,0,1,0,0,0,0,0,1,1,0,0,0,0,0,0,0,0,0,1,0
Chevrolet,Pickup/Dababa,100000,2010,Diesel,Manual,2500,Pickup,410000.0,0,1,0,0,0,0,0,0,0,0,0,0,0,0,0,0,0,0,0,0,0
Renault,Logan,95000,2019,Benzine,Automatic,1300,Sedan,515000.0,1,1,0,0,0,0,0,0,0,0,0,0,0,0,0,0,0,0,0,1,0
Hyundai,Excel,200000,1995,Benzine,Manual,1500,Sedan,105000.0,0,0,0,0,0,0,0,0,0,0,0,0,0,0,0,0,0,0,0,0,0
Skoda,Fantasia,200000,2010,Benzine,Automatic,2000,Sedan,680000.0,1,0,0,0,0,0,0,0,0,0,0,0,0,0,0,0,0,0,0,0,0
Honda,Civic,300000,2009,Benzine,Automatic,1600,Sedan,560000.0,1,0,0,0,0,0,0,0,0,0,0,0,0,0,0,0,0,0,0,0,0
Geely,Emgrand 7,15000,2015,Benzine,Manual,1500,Sedan,265000.0,1,0,0,0,0,0,0,0,0,0,0,0,0,0,0,0,0,0,0,0,0
Nissan,Qashqai,185000,2014,Benzine,Automatic,1600,Hatchback,560000.0,0,0,1,0,0,0,0,0,0,0,0,0,0,0,0,0,0,0,0,0,0
Volkswagen,Polo,300000,1999,Benzine,Manual,1600,Hatchback,200000.0,1,0,1,0,0,0,0,0,0,0,0,0,0,0,0,0,0,1,0,0,0
Hyundai,IX35,195000,2016,Benzine,Automatic,1600,SUV,780000.0,0,0,1,0,0,0,0,0,0,0,0,0,0,0,0,0,0,0,0,0,0
Opel,Corsa,46000,2023,Benzine,Automatic,1200,Hatchback,940000.0,0,0,0,0,0,1,0,0,0,0,0,0,0,0,0,0,0,0,0,0,0
BMW,318,279000,2012,Benzine,Automatic,2000,Sedan,830000.0,1,0,1,0,1,0,1,0,1,0,1,0,0,0,0,0,0,1,0,1,0
Kia,Cerato,20000,2022,Benzine,Automatic,1600,Sedan,1330000.0,0,0,0,0,0,0,0,0,0,0,0,0,0,0,0,0,0,0,0,1,0
Ssang Yong,Torres,28500,2024,Benzine,Automatic,1500,SUV,1500000.0,0,1,0,0,0,0,0,0,0,0,0,0,0,0,0,0,0,0,0,0,0
MG,RX5,34000,2023,Benzine,Automatic,1500,SUV,1175000.0,0,1,1,0,0,0,0,1,1,1,0,0,0,1,1,1,1,1,1,0,0
Volkswagen,Polo,170000,1999,Benzine,Automatic,1400,Hatchback,300000.0,0,0,1,0,0,0,0,0,0,0,0,0,0,0,0,0,0,0,0,0,0
Daewoo,Espero,130000,1995,Benzine,Automatic,1500,Sedan,130000.0,1,0,1,0,0,0,0,0,1,0,0,0,0,0,0,0,0,0,0,0,0
Skoda,Octavia,161000,2013,Benzine,Automatic,1400,Sedan,830000.0,1,0,0,0,0,0,0,0,0,0,0,0,0,0,0,1,1,1,0,0,0
Jeep,Cherokee,210000,2012,Benzine,Automatic,3700,4X4,925000.0,1,0,0,0,0,0,0,0,0,0,0,0,0,0,0,0,0,0,0,0,0
Chery,Envy,350000,2018,Benzine,Manual,1500,Sedan,385000.0,1,0,1,0,0,0,0,0,0,0,0,0,0,0,0,0,0,0,0,0,0
Speranza,A113,160000,2010,Benzine,Manual,1300,Hatchback,210000.0,1,0,0,0,0,0,0,0,0,0,0,0,0,0,0,0,0,0,0,0,0
Speranza,A516,200000,2009,Benzine,Manual,1600,Sedan,230000.0,1,1,1,0,0,0,0,0,1,0,0,0,0,0,0,0,0,0,0,0,0
Nissan,Sunny,160000,2016,Benzine,Automatic,1500,Sedan,475000.0,1,0,0,0,0,0,0,0,0,0,0,0,0,0,0,0,0,0,0,0,0
Peugeot,3008,79900,2020,Benzine,Automatic,1600,SUV,1400000.0,1,0,1,0,0,0,0,1,1,0,1,1,0,0,0,1,1,0,0,0,0
Chevrolet,Lanos,200000,2015,Benzine,Manual,1500,Sedan,295000.0,0,0,0,0,0,0,0,0,0,0,0,0,0,0,0,0,0,0,0,0,0
Mercedes-Benz,C180,60000,2022,Benzine,Automatic,1500,Sedan,2575000.0,1,1,0,0,0,1,0,0,1,0,0,0,0,0,0,0,0,0,0,0,0
Toyota,Corolla,20000,2021,Benzine,Automatic,1600,Sedan,1075000.0,1,0,0,0,0,1,0,0,0,0,0,0,0,0,0,0,0,0,0,0,0
Mercedes-Benz,E300,120000,2010,Benzine,Automatic,3000,Sedan,1770000.0,0,0,0,0,0,0,0,0,0,0,0,0,0,0,0,0,0,0,0,0,0
Renault,Logan,164000,2016,Benzine,Manual,1600,Sedan,320000.0,1,0,0,0,1,0,0,0,0,0,0,0,0,0,0,0,0,0,0,0,0
Daewoo,Lacetti,268000,2003,Benzine,Automatic,1600,Sedan,350000.0,0,0,0,0,0,0,0,0,0,0,0,0,0,0,0,0,0,0,0,0,0
Toyota,Corolla,250,2013,Benzine,Automatic,1600,Sedan,640000.0,1,0,1,0,0,0,0,0,1,0,0,0,0,0,0,1,0,1,0,0,0
Proton,Saga,114000,2021,Benzine,Automatic,1300,Sedan,490000.0,1,0,1,0,0,0,0,0,0,0,0,0,0,0,0,0,0,0,0,0,0
Daewoo,Cielo,10000,1996,Benzine,Manual,1500,Sedan,135000.0,0,0,0,0,0,0,0,0,0,0,0,0,0,0,0,0,0,0,0,0,0
Chevrolet,Cruze,212000,2016,Benzine,Automatic,1600,Sedan,450000.0,0,0,1,0,0,0,0,0,0,0,0,0,0,0,0,0,0,0,0,0,0
Ford,Fiesta,200000,2000,Benzine,Manual,1250,Hatchback,125000.0,0,0,0,0,0,0,0,0,0,0,0,0,0,0,0,0,0,0,0,0,0
Opel,Astra,190000,2006,Benzine,Automatic,1600,Sedan,280000.0,0,0,0,0,0,0,0,0,0,0,0,0,0,0,0,0,0,0,0,0,0
Kia,Sportage,130000,2015,Benzine,Automatic,1600,SUV,1050000.0,0,0,0,0,0,1,0,0,0,0,0,0,0,0,0,0,0,0,0,0,0
Fiat,Tipo,75000,2022,Benzine,Automatic,1600,Sedan,830000.0,0,0,0,0,0,0,0,0,0,1,0,0,0,0,0,1,0,1,1,0,0
Hyundai,Verna,160000,2013,Benzine,Automatic,1600,Sedan,375000.0,1,1,1,0,0,0,0,0,1,0,0,0,0,0,0,0,0,0,0,0,0
Jeep,Cherokee,270000,2012,Benzine,Automatic,3700,4X4,895000.0,1,0,0,0,0,0,0,0,0,0,0,0,0,0,0,0,0,0,0,0,0
Ssang Yong,Tivoli XLV,25000,2023,Benzine,Automatic,1600,Hatchback,850000.0,0,1,0,0,0,0,0,0,0,0,0,0,0,0,0,0,0,0,0,0,0
Chevrolet,Spark,95000,2011,Benzine,Manual,1000,Hatchback,230000.0,0,0,1,0,0,0,0,0,0,0,0,0,0,0,0,0,0,0,0,0,0
Volkswagen,Golf,200000,1992,Benzine,Manual,1800,Hatchback,230000.0,0,1,1,0,0,0,0,0,0,0,0,0,0,0,0,1,0,0,0,0,0
Proton,Persona,290000,2009,Benzine,Automatic,1600,Sedan,350000.0,1,0,1,0,0,0,0,0,0,0,0,0,0,0,0,0,0,0,0,0,0
Toyota,Corolla,150000,2016,Benzine,Automatic,1600,Sedan,850000.0,1,0,0,0,0,0,0,0,0,0,0,0,0,0,0,0,0,0,0,0,0
Chevrolet,Cruze,170000,2010,Benzine,Automatic,1600,Sedan,380000.0,1,0,0,0,0,0,0,0,0,0,0,0,0,0,0,0,0,0,0,0,0
Renault,Scenic,190000,2003,Benzine,Automatic,1600,Sedan,230000.0,1,0,1,0,0,0,0,0,0,0,0,0,0,0,0,0,1,0,0,0,0
Renault,Megane,90000,2021,Benzine,Automatic,1600,Sedan,770000.0,1,0,0,0,0,0,0,0,0,0,0,0,0,0,0,0,0,0,0,0,0
Nissan,Sunny,215000,2010,Benzine,Automatic,1600,Sedan,510000.0,1,0,0,0,0,0,0,0,0,0,0,0,0,1,0,0,0,0,0,1,0
Skoda,Octavia,46000,2022,Benzine,Automatic,1400,Sedan,1350000.0,0,0,0,0,0,0,0,0,0,1,1,0,0,0,1,0,1,1,0,0,0
Audi,A5,177000,2018,Benzine,Automatic,1400,Hatchback,1575000.0,0,0,0,0,1,0,0,0,0,0,0,0,0,0,0,0,0,0,0,0,0
Nissan,Sunny,235000,2017,Benzine,Automatic,1500,Sedan,415000.0,0,0,1,0,0,0,0,0,0,0,0,0,0,0,0,0,0,0,0,0,0
Renault,Clio,180,2007,Benzine,Manual,1400,Sedan,240000.0,1,0,0,0,0,0,0,0,0,0,1,0,0,0,0,0,1,1,0,0,0
Renault,Logan,167000,2015,Benzine,Automatic,1600,Sedan,370000.0,0,0,1,0,0,0,0,0,0,0,0,0,0,0,0,0,0,0,0,0,0
Honda,Civic,209000,2009,Benzine,Automatic,1600,Sedan,560000.0,0,0,0,0,0,0,0,0,0,0,0,0,0,0,0,0,0,0,0,0,0
Toyota,Belta,53000,2022,Benzine,Automatic,1500,Sedan,810000.0,0,1,0,0,0,0,0,0,0,0,0,0,0,0,0,0,0,0,0,1,0
Mazda,3,234000,2010,Benzine,Automatic,1600,Sedan,450000.0,1,0,1,0,0,0,0,0,1,1,0,0,0,0,0,0,0,1,0,0,0
Chevrolet,Optra,138000,2017,Benzine,Automatic,1500,Sedan,510000.0,1,0,1,0,0,0,0,1,1,0,0,0,0,0,0,0,0,0,0,0,0
Renault,Logan,165000,2015,Benzine,Automatic,1600,Sedan,350000.0,1,0,1,1,1,0,0,0,1,0,0,0,0,0,0,0,0,0,1,0,0
Nissan,Sunny,115000,2011,Benzine,Automatic,1600,Sedan,500000.0,1,0,0,0,0,0,0,0,0,0,0,0,0,1,0,1,1,1,0,0,0
Nissan,Sentra,380000,2019,Benzine,Automatic,1500,Sedan,590000.0,0,0,0,0,0,0,0,0,0,0,0,0,0,0,0,0,0,0,0,0,0
Nissan,Qashqai,9000,2025,Benzine,Automatic,1200,SUV,1430000.0,1,1,0,0,0,0,0,0,1,1,1,1,1,0,1,0,1,1,1,1,0
Kia,Carens,142000,2010,Benzine,Automatic,1600,Hatchback,585000.0,1,1,0,1,0,0,0,0,0,0,0,0,0,0,0,0,0,0,0,0,0
Mercedes-Benz,C180,400000,2003,Benzine,Automatic,1800,Sedan,520000.0,0,1,1,0,1,0,0,0,0,0,0,0,0,0,0,0,0,0,0,0,0
Opel,Astra,160000,2018,Benzine,Automatic,1600,Sedan,600000.0,1,1,0,0,0,0,0,0,0,0,0,0,0,0,0,0,0,0,0,0,0
Mercedes-Benz,C180,31000,2019,Benzine,Automatic,1600,Sedan,2450000.0,0,0,0,0,0,0,0,0,0,0,0,0,0,0,0,0,0,0,0,0,0
Fiat,500X,197000,2019,Benzine,Automatic,1400,Hatchback,700000.0,1,0,0,1,0,0,0,1,0,0,1,0,1,0,0,0,0,1,0,0,0
Hyundai,Viva,189000,2000,Benzine,Manual,1500,Sedan,250000.0,1,0,1,0,0,0,0,0,0,1,0,0,0,0,0,1,1,1,0,0,0
BMW,328,160000,2015,Benzine,Automatic,2000,Sedan,1180000.0,0,1,1,0,0,0,0,1,1,0,1,0,0,0,0,0,0,0,1,0,1
Skoda,Octavia,210000,2015,Benzine,Automatic,1600,Sedan,850000.0,0,0,1,0,0,0,0,0,0,0,0,0,0,0,0,0,0,0,0,0,0
Lincoln,Town Car,82000,2000,Benzine,Automatic,4600,Sedan,850000.0,0,0,0,0,0,0,0,0,0,0,0,0,0,0,0,0,0,0,0,0,0
Toyota,Corolla,145000,2015,Benzine,Automatic,1600,Sedan,690000.0,0,0,1,0,0,0,0,0,0,0,1,0,1,0,0,0,0,0,0,0,0
Skoda,Octavia,0,2026,Benzine,Automatic,1400,Sedan,1850000.0,0,0,0,0,0,0,0,0,0,0,0,0,0,0,0,0,0,0,0,0,0
Honda,Civic,180000,1993,Benzine,Automatic,1600,Sedan,200000.0,0,0,0,0,0,0,0,0,0,0,0,0,0,0,0,0,0,0,0,0,0
Mercedes-Benz,B180,230000,2015,Benzine,Automatic,1600,Hatchback,685000.0,0,1,1,0,0,0,0,0,1,0,1,0,0,0,0,0,0,0,0,0,1
BMW,318,110000,2018,Benzine,Automatic,1300,Sedan,1250000.0,0,0,0,0,0,0,0,0,0,0,0,0,0,0,0,0,0,0,0,0,0
BMW,X3,109000,2016,Benzine,Automatic,3000,SUV,1725000.0,1,0,0,0,0,0,0,0,0,0,0,0,0,0,0,0,0,0,0,0,0
BMW,X3,169000,2018,Benzine,Automatic,2000,SUV,1600000.0,0,0,0,0,0,0,0,0,0,0,0,0,0,0,0,0,0,0,0,0,0
Kia,Cerato,161700,2006,Benzine,Automatic,1600,Sedan,425000.0,0,1,1,0,0,0,0,0,1,1,0,0,0,0,0,0,0,1,1,0,0
Hyundai,Excel,200000,1997,Benzine,Manual,1300,Sedan,135000.0,0,0,1,0,0,0,0,0,0,0,0,0,0,0,0,0,0,0,0,0,0
Mazda,3,188000,2015,Benzine,Automatic,1600,Sedan,690000.0,0,0,0,0,0,0,0,0,0,0,0,0,0,0,0,0,0,0,0,0,0
Renault,Austral,19000,2025,Benzine,Automatic,1300,SUV,1650000.0,0,0,0,0,1,0,0,0,0,0,0,0,0,0,0,0,0,0,0,0,0
Audi,Q3,33000,2024,Benzine,Automatic,1400,SUV,2375000.0,1,0,0,0,0,0,0,0,0,0,0,0,0,0,0,0,0,1,0,0,0
Hyundai,Verna,218000,2014,Benzine,Automatic,1600,Sedan,335000.0,0,0,1,0,1,0,0,0,0,0,0,0,0,0,0,0,0,0,0,0,0
Audi,Q2,43000,2024,Benzine,Automatic,1400,SUV,1300000.0,0,1,0,0,0,1,0,0,0,0,0,0,0,0,0,0,0,0,0,0,0
Hyundai,Accent,125000,2013,Benzine,Automatic,1600,Sedan,540000.0,1,1,0,0,1,0,0,0,1,1,0,1,0,0,0,0,0,1,0,0,0
Lada,2107,180000,2014,Benzine,Manual,1600,Sedan,110000.0,0,0,0,0,0,0,0,0,0,0,0,0,0,0,0,0,0,0,0,0,0
Nissan,Sunny,30000,2024,Benzine,Automatic,1600,Sedan,635000.0,0,0,0,0,0,1,0,0,0,0,0,0,0,0,0,0,0,0,0,0,0
Daihatsu,Sirion,209000,2007,Benzine,Automatic,1300,Hatchback,410000.0,1,0,0,0,1,0,0,0,0,0,0,0,0,0,0,0,1,1,0,1,0
Skoda,Fantasia,210000,2012,Benzine,Automatic,1600,Sedan,550000.0,1,0,0,0,0,0,0,0,0,0,0,0,0,0,0,0,0,0,0,0,0
Daewoo,Lanos,278000,2005,Benzine,Manual,1500,Estate,280000.0,1,0,0,0,0,0,0,0,0,0,0,0,0,0,0,0,0,0,0,0,0
Geely,X Pandido,70000,2015,Benzine,Automatic,1500,Hatchback,350000.0,0,1,1,0,0,0,0,0,0,0,0,0,0,0,0,0,0,0,0,0,0
Hyundai,Elantra,144000,2014,Benzine,Automatic,1600,Sedan,650000.0,1,0,1,0,0,0,0,0,0,0,0,0,0,0,0,0,0,0,0,0,0
Citroen,C4,350,2006,Benzine,Automatic,1600,Hatchback,290000.0,1,0,1,0,0,0,0,0,0,0,0,0,0,0,0,0,0,1,0,0,0
Hyundai,Accent,162000,2012,Benzine,Automatic,1600,Sedan,500000.0,1,0,1,0,0,0,0,0,1,1,0,0,0,0,0,0,0,0,0,0,0
Opel,Astra,185000,2016,Benzine,Automatic,1600,Sedan,550000.0,0,0,1,0,0,0,0,0,1,0,1,0,0,0,0,1,1,0,0,0,0
BMW,525,310000,2009,Benzine,Automatic,2500,Sedan,780000.0,0,0,1,0,0,0,0,0,0,0,0,0,0,0,0,0,0,0,0,0,0
Speranza,A113,296800,2008,Benzine,Manual,1300,Hatchback,220000.0,1,0,0,0,0,0,0,0,0,0,0,0,0,0,0,0,0,0,0,0,0
Skoda,Superb,98000,2022,Benzine,Automatic,2000,Sedan,2250000.0,1,0,0,0,0,0,0,0,0,0,0,0,0,0,0,0,0,0,0,1,0
Fiat,Grand Punto,310000,2007,Benzine,Manual,1400,Hatchback,240000.0,1,0,1,1,0,0,0,0,1,0,0,0,0,0,0,0,0,0,0,0,0
Kia,Picanto,115000,2015,Benzine,Automatic,1300,Hatchback,550000.0,1,0,0,0,0,0,0,0,0,0,0,0,0,1,0,0,0,0,0,0,0
Mitsubishi,Lancer,320000,1998,Benzine,Automatic,1300,Sedan,260000.0,1,0,0,0,0,0,0,0,0,0,0,0,0,0,0,0,0,0,0,0,0
Saipa,Tiba,155000,2014,Benzine,Manual,1500,Sedan,220000.0,1,0,0,0,0,0,0,0,0,0,0,0,0,0,0,0,0,0,0,0,0
Chevrolet,Lanos,300000,2013,Natural Gas,Manual,1600,Sedan,270000.0,1,0,1,0,0,0,0,0,0,0,0,0,0,0,0,0,0,1,0,1,0
Volkswagen,Golf,100000,1984,Benzine,Manual,1400,Hatchback,170000.0,0,0,1,0,0,0,0,0,1,0,0,0,0,0,0,0,0,0,0,0,0
Mitsubishi,Lancer,150000,2018,Benzine,Automatic,1600,Sedan,650000.0,0,0,1,0,0,0,0,0,0,0,0,0,0,0,0,0,0,0,0,0,0
Volkswagen,Jetta,248000,2006,Benzine,Automatic,1600,Sedan,540000.0,1,0,1,0,0,0,0,0,0,1,0,0,1,0,0,0,0,0,0,1,0
BMW,316,230000,2014,Benzine,Automatic,1600,Sedan,850000.0,0,0,1,0,0,0,0,0,0,0,0,0,0,0,0,0,0,0,0,0,0
BMW,X3,89000,2016,Benzine,Automatic,3000,SUV,1750000.0,0,1,0,0,0,1,0,0,0,0,0,0,0,0,0,0,0,0,0,0,0
Renault,Sandero Stepway,28000,2023,Benzine,Automatic,1500,Small city car,690000.0,1,1,1,0,0,0,0,0,0,0,0,0,0,0,0,0,0,0,0,0,0
Hyundai,Matrix,125000,2010,Benzine,Automatic,1600,Hatchback,535000.0,0,1,0,0,0,0,0,0,0,0,0,0,0,0,0,0,0,0,0,0,0
Peugeot,308 SW,250000,2010,Benzine,Automatic,1600,Hatchback,350000.0,1,1,1,0,0,0,0,0,0,0,0,0,1,1,0,0,0,1,0,0,0
Daewoo,Lanos,254000,2007,Benzine,Manual,1500,Sedan,270000.0,1,0,0,0,0,0,0,0,0,0,0,0,0,1,0,0,0,0,0,0,0
Peugeot,405,230000,2007,Benzine,Manual,1600,Sedan,140000.0,0,1,1,0,0,0,0,0,1,0,0,0,0,0,0,0,0,0,0,0,0
Mercedes-Benz,A180,175000,2017,Benzine,Automatic,1600,Sedan,2175000.0,1,0,0,0,0,0,0,0,0,0,0,0,0,0,0,0,0,0,0,0,0
Chevrolet,Aveo,180000,2013,Natural Gas,Automatic,1500,Sedan,255000.0,0,1,0,0,0,0,0,0,0,0,0,0,0,0,0,0,0,0,0,0,0
Daewoo,Juliet,300000,1999,Benzine,Automatic,1500,Sedan,290000.0,1,1,0,0,0,0,0,0,0,0,0,0,0,1,0,0,0,1,0,0,1
Peugeot,508,200000,2014,Benzine,Automatic,1600,Sedan,660000.0,1,0,0,0,0,0,0,0,0,0,0,0,0,0,0,0,0,0,0,0,0
Skoda,Octavia,50000,1999,Benzine,Manual,1500,Sedan,285000.0,1,0,0,0,0,0,0,0,0,0,0,0,0,0,0,0,0,0,0,0,0
Mercedes-Benz,CLA 180,58000,2018,Benzine,Automatic,1600,Sports / Coupe,1600000.0,1,0,0,0,1,1,0,0,0,0,0,0,0,0,0,0,0,0,0,0,0
BMW,318,130000,2019,Benzine,Automatic,1500,Sedan,1175000.0,1,0,0,0,0,1,0,0,0,0,0,0,0,0,0,0,0,0,0,0,0
Skoda,Octavia,103500,2016,Benzine,Automatic,1600,Sedan,850000.0,0,0,0,0,1,0,0,0,0,0,0,0,0,0,0,0,0,0,0,0,0
Fiat,Uno,300000,1998,Benzine,Manual,1000,Hatchback,137000.0,1,0,0,0,0,0,0,0,0,0,0,0,0,0,0,0,0,0,0,1,0
BMW,320,24000,2024,Benzine,Automatic,1600,Sedan,2650000.0,0,0,1,0,0,0,0,0,0,0,0,0,0,0,0,0,0,0,0,0,0
Toyota,Echo,460000,2003,Benzine,Automatic,1300,Sedan,280000.0,0,0,0,0,0,0,0,0,0,0,0,0,0,0,0,0,0,0,0,0,0
Kia,Sephia,198000,1999,Benzine,Automatic,1600,Sedan,200000.0,0,0,0,0,1,0,0,0,0,0,0,1,0,0,0,0,0,1,0,0,0
Chevrolet,Optra,230000,2009,Benzine,Automatic,1600,Sedan,360000.0,0,0,0,0,0,0,1,0,0,0,0,0,0,0,0,0,0,0,0,1,0
MG,HS,140000,2021,Benzine,Automatic,1500,SUV,880000.0,0,0,1,0,0,1,0,0,1,0,1,1,0,1,0,1,1,1,0,0,0
Peugeot,5008,92000,2020,Benzine,Automatic,1600,Hatchback,1200000.0,1,0,1,0,0,0,0,0,1,0,0,0,0,0,0,0,0,0,0,0,0
Peugeot,508,139000,2020,Benzine,Automatic,1600,Sedan,1200000.0,1,0,0,0,0,0,0,0,0,0,0,0,0,0,0,0,0,0,0,0,0
BMW,520,100000,2015,Benzine,Automatic,2000,Sedan,1700000.0,1,1,0,0,0,0,0,0,0,0,0,0,0,0,0,0,0,0,0,0,0
Chevrolet,Cruze,233000,2010,Natural Gas,Automatic,1600,Sedan,375000.0,0,0,1,0,1,0,0,0,0,0,0,0,0,0,0,0,0,0,0,0,0
Seat,Toledo,80000,2016,Benzine,Automatic,1600,Sedan,690000.0,0,0,0,0,0,0,0,0,0,0,0,0,0,0,0,0,0,0,0,0,0
Speranza,Tiggo,240000,2010,Benzine,Manual,1500,SUV,300000.0,0,0,0,0,0,0,0,0,0,0,0,0,0,0,0,0,0,0,0,0,0
Mitsubishi,Lancer,250000,2007,Benzine,Automatic,1600,Sedan,390000.0,0,0,1,0,0,0,0,0,0,0,0,0,0,0,0,0,0,0,0,0,0
Alfa Romeo,Giulia,13000,2024,Benzine,Automatic,2000,Sedan,2650000.0,1,0,1,0,0,1,0,0,1,0,0,0,0,0,0,0,0,0,0,0,0
BMW,740,195000,2011,Benzine,Automatic,3000,Sedan,1390000.0,0,0,0,0,1,0,0,0,0,0,0,0,0,0,0,0,0,0,0,0,0
Volkswagen,Tiguan,50000,2022,Benzine,Automatic,1600,SUV,1750000.0,1,1,0,0,0,0,0,0,0,0,0,0,0,0,0,0,0,0,0,0,0
Hyundai,Elantra,265000,2002,Benzine,Automatic,1500,Sedan,385000.0,1,0,1,0,0,0,0,0,1,0,0,1,0,0,0,0,1,1,0,0,0
Volkswagen,Polo,300000,1998,Benzine,Manual,1400,Hatchback,200000.0,0,1,0,0,0,0,0,0,0,0,0,0,0,0,0,0,0,0,1,1,0
Peugeot,508,154000,2020,Benzine,Automatic,1600,Sedan,1030000.0,1,0,0,0,0,0,0,0,0,1,0,1,0,0,0,1,0,0,0,0,0
Opel,Astra,110000,2016,Benzine,Automatic,1600,Sedan,650000.0,1,1,0,0,0,0,0,0,0,0,1,0,0,0,0,0,0,0,0,0,0
Hyundai,Elantra,182000,2019,Benzine,Automatic,1600,Sedan,615000.0,0,0,1,0,0,0,0,0,0,0,0,0,0,0,0,0,0,0,0,0,0
Renault,Duster,1400,2024,Benzine,Automatic,1600,SUV,1020000.0,0,1,0,0,0,0,0,0,0,0,0,0,0,0,0,0,0,0,0,0,0
Kia,Cerato,190000,2022,Benzine,Automatic,1600,Sedan,950000.0,0,0,0,0,0,0,0,0,0,0,0,0,0,0,0,0,0,0,0,0,0
Opel,Astra,162000,2020,Benzine,Automatic,1400,Sedan,630000.0,1,0,1,0,1,1,0,0,0,0,0,0,0,0,0,0,0,0,0,0,0
Peugeot,301,90000,2020,Benzine,Automatic,1587,Sedan,710000.0,1,0,0,0,0,0,0,0,0,0,0,0,0,0,0,0,0,0,0,0,0
Chevrolet,Aveo,390000,2009,Benzine,Automatic,1500,Sedan,310000.0,1,0,1,0,0,0,0,0,0,0,0,0,0,0,0,0,0,1,0,0,0
Chevrolet,Aveo,205000,2009,Benzine,Automatic,1500,Sedan,335000.0,1,1,1,0,1,0,0,0,0,0,0,0,0,0,0,0,0,0,0,0,0
Kia,Cerato,65000,2019,Benzine,Automatic,1600,Sedan,890000.0,1,0,0,0,0,0,0,0,1,0,0,0,0,1,0,0,1,0,1,0,0
Citroen,C-Elysée,178000,2020,Benzine,Automatic,1600,Sedan,610000.0,1,0,0,0,0,0,0,0,0,0,0,0,0,0,0,1,0,1,1,0,0
Mitsubishi,Xpander,5000,2025,Benzine,Automatic,1500,Hatchback,1420000.0,0,1,0,0,0,0,0,0,1,1,1,0,1,0,1,0,0,1,0,0,0
Hyundai,Excel,250000,1997,Benzine,Manual,1300,Sedan,160000.0,1,0,0,0,0,0,0,0,0,0,0,0,0,0,0,0,0,0,0,0,0
Geely,Emgrand 7,11000,2015,Benzine,Manual,1600,Sedan,270000.0,1,0,1,0,0,0,0,0,0,0,0,0,0,0,0,0,0,0,0,0,0
Proton,Saga,180000,2012,Benzine,Manual,1300,Sedan,300000.0,1,0,0,0,0,0,0,0,0,0,0,0,0,0,0,0,0,0,0,0,0
Suzuki,Van,70000,2023,Benzine,Manual,1000,Van / Bus,420000.0,0,0,1,0,0,0,0,0,0,0,0,0,0,0,0,0,0,0,0,0,0
Nissan,Sunny,9800,2024,Benzine,Automatic,1500,Sedan,699000.0,1,1,1,0,0,0,0,0,1,0,0,0,0,0,0,1,0,0,0,0,0
Mercedes-Benz,E180,240000,2016,Benzine,Automatic,1800,Sedan,1750000.0,1,0,0,0,0,0,0,0,0,0,0,0,0,0,0,0,0,0,0,0,0
BYD,F3,200000,2015,Diesel,Manual,1600,Sedan,300000.0,0,0,0,0,0,0,0,0,0,0,0,0,0,0,0,0,0,0,0,0,0
Renault,Megane,260000,2006,Benzine,Automatic,1600,Hatchback,350000.0,0,0,0,0,0,0,0,0,1,0,0,0,0,0,0,0,0,0,0,0,0
Opel,Vectra,277500,1995,Benzine,Manual,1600,Sedan,165000.0,0,0,0,0,0,0,0,0,0,0,0,0,0,0,0,0,0,0,0,0,0
Speranza,A113,225000,2007,Benzine,Manual,1300,Hatchback,175000.0,0,0,0,0,0,0,0,0,0,0,0,0,0,0,0,0,0,0,0,0,0
Daewoo,Nubira,200,1999,Benzine,Automatic,1600,Sedan,210000.0,1,0,0,0,0,0,0,0,0,0,0,0,0,0,0,0,0,0,0,0,0
BYD,F3,250000,2021,Benzine,Manual,1500,Sedan,470000.0,0,0,1,1,0,0,0,0,0,0,0,0,0,0,0,0,0,0,0,0,0
Seat,Ibiza,88000,2021,Benzine,Automatic,1600,Hatchback,750000.0,1,0,1,1,1,1,0,0,0,0,0,0,0,0,0,0,0,0,0,0,0
Peugeot,307,310000,2005,Benzine,Automatic,1600,Hatchback,325000.0,1,0,1,0,0,0,0,0,0,0,0,0,0,0,0,0,0,0,0,0,0
Opel,Astra,161000,2015,Benzine,Automatic,1600,Sedan,590000.0,1,0,0,0,0,0,0,0,0,0,0,0,0,0,0,0,0,0,0,0,0
Chery,Tiggo 3,34000,2024,Benzine,Automatic,1600,SUV,770000.0,0,1,0,0,0,0,0,0,0,0,0,0,0,0,0,0,0,0,0,0,0
Audi,A3,229000,2010,Benzine,Automatic,1400,Hatchback,740000.0,1,0,0,0,0,0,1,0,0,0,0,0,0,0,0,0,0,0,0,1,0
Chevrolet,Aveo,167500,2013,Benzine,Automatic,1500,Sedan,360000.0,0,1,1,0,0,0,0,0,0,0,0,0,0,0,0,0,0,0,0,0,0
Speranza,A516,200000,2009,Natural Gas,Automatic,2000,Sedan,230000.0,1,0,0,0,0,0,0,0,0,0,0,0,0,0,0,0,0,1,0,0,0
Renault,Megane,82000,2023,Benzine,Automatic,1600,Sedan,810000.0,1,0,0,0,0,1,0,0,0,0,0,0,0,0,0,0,0,0,0,0,0
Jeep,Wrangler,180000,2010,Benzine,Automatic,3800,4X4,900000.0,1,0,0,0,0,0,0,0,1,0,1,1,0,1,0,1,0,1,0,0,0
BMW,318,272000,1999,Benzine,Automatic,1800,Sedan,420000.0,0,0,0,0,0,0,0,0,0,0,0,0,0,0,0,0,0,0,0,0,0
Renault,Clio,129000,2002,Benzine,Manual,1200,Sedan,220000.0,0,0,1,0,0,0,0,0,0,0,0,0,0,0,0,0,0,0,0,0,0
Mercedes-Benz,SEL 280,250000,1983,Benzine,Automatic,2800,Sedan,190000.0,0,0,1,0,0,0,0,0,0,0,0,0,0,0,0,0,0,1,0,0,0
Hyundai,I10,142000,2010,Benzine,Manual,1100,Hatchback,310000.0,0,1,1,1,0,0,0,0,1,0,0,0,0,0,0,0,0,0,0,0,0
Daewoo,Lanos,300000,1999,Benzine,Automatic,1300,Sedan,280000.0,1,0,0,0,0,0,0,0,0,0,0,0,0,0,0,0,0,0,0,0,0
Hyundai,Getz,143000,2011,Benzine,Automatic,1600,Hatchback,450000.0,0,0,0,0,1,0,0,0,0,0,0,0,0,0,0,0,0,0,0,0,0
Seat,Ibiza,250000,2014,Benzine,Automatic,1600,Hatchback,550000.0,1,0,1,0,1,0,0,0,1,0,0,0,0,0,0,1,0,1,0,0,0
Skoda,Superb,2000,2026,Benzine,Automatic,2000,Sedan,2400000.0,0,1,0,0,0,0,0,0,0,0,0,0,0,0,0,0,0,0,0,0,0
Geely,Emgrand 7,220000,2015,Natural Gas,Manual,1600,Sedan,320000.0,1,0,0,0,0,0,0,0,0,0,0,0,0,0,0,0,0,1,0,0,0
Mercedes-Benz,C180,140000,2013,Benzine,Automatic,1600,Sedan,1550000.0,1,0,0,0,0,0,0,0,1,0,0,0,0,0,0,1,1,0,1,0,0
Renault,Megane,300000,2008,Benzine,Manual,1600,Sedan,310000.0,1,0,0,0,0,0,0,0,0,0,0,0,0,0,0,0,0,0,0,0,0
Changan,V7,200000,2017,Benzine,Automatic,1600,Sedan,400000.0,1,0,1,0,0,0,0,0,1,0,0,0,0,0,0,1,0,1,0,1,0
Peugeot,2008,137000,2020,Benzine,Automatic,1600,SUV,720000.0,0,0,0,0,0,0,0,0,0,1,0,0,1,0,0,1,0,1,1,0,0
Mercedes-Benz,CLA 200,130000,2020,Benzine,Automatic,1500,Sports / Coupe,2250000.0,0,0,0,0,0,0,0,0,0,0,0,0,0,0,0,0,0,0,0,0,0
Fiat,Dogan,42200,1998,Benzine,Manual,1400,Sedan,110000.0,0,0,0,0,0,0,0,0,0,0,0,0,0,0,0,0,0,0,0,0,0
Nissan,Sunny,224000,2008,Diesel,Manual,1600,Sedan,375000.0,1,0,0,0,0,0,0,0,0,0,0,0,0,0,0,0,0,0,0,0,0
Hyundai,Accent,177000,1988,Benzine,Manual,1500,Sedan,195000.0,1,0,1,0,1,0,0,0,1,0,0,0,0,0,0,0,0,1,0,0,0
Mercedes-Benz,C300,80000,2020,Benzine,Automatic,2000,Sports / Coupe,2550000.0,1,1,1,0,0,0,0,0,0,0,0,0,0,0,0,0,0,0,0,0,1
Audi,A4,190000,2005,Benzine,Manual,1600,Sedan,620000.0,1,1,0,0,0,0,0,0,0,0,0,0,0,0,0,0,0,0,0,0,0
Hyundai,Elantra,114000,2019,Benzine,Automatic,1600,Sedan,810000.0,1,0,0,0,0,0,0,1,0,0,0,0,0,0,0,0,0,0,0,0,0
Seat,Toledo,95000,2019,Benzine,Automatic,1600,Sedan,900000.0,1,0,0,0,0,0,0,0,0,0,1,0,0,0,0,1,1,1,1,0,0
Geely,Emgrand 7,219,2014,Benzine,Manual,1500,Sedan,260000.0,1,0,0,0,0,0,0,0,0,1,0,0,0,0,0,0,0,0,0,0,0
Saipa,Pride Sedan,130000,2014,Benzine,Manual,1300,Sedan,220000.0,0,0,0,0,0,0,0,0,0,0,0,0,0,0,0,0,0,0,0,0,0
Renault,Logan,304000,2010,Benzine,Manual,1500,Sedan,210000.0,0,0,0,0,0,0,0,0,0,0,0,0,0,0,0,0,0,1,0,0,0
Hyundai,I10,30000,2010,Natural Gas,Manual,1300,Hatchback,350000.0,1,0,1,0,0,0,0,0,0,0,0,0,0,0,0,0,0,0,0,0,0
Chevrolet,Optra,128000,2017,Benzine,Automatic,1600,Sedan,575000.0,1,0,0,0,0,0,0,1,0,1,1,1,0,0,0,0,0,0,0,0,0
Opel,Astra,70000,2017,Benzine,Automatic,1600,Sedan,620000.0,0,0,1,0,0,0,0,0,0,0,0,0,0,0,0,0,0,0,0,0,0
Kia,Spectra,250000,2005,Benzine,Manual,1600,Sedan,255000.0,1,1,1,0,0,0,0,0,0,0,0,0,0,0,0,0,0,0,0,0,0
Seat,Leon,40000,2020,Benzine,Automatic,1600,Hatchback,1100000.0,1,1,0,0,0,1,0,0,0,0,0,0,0,0,0,0,0,0,0,0,0
Hyundai,Elantra,17000,2025,Benzine,Automatic,1600,Sedan,870000.0,0,0,0,0,0,0,0,0,0,0,0,0,0,0,0,0,0,0,0,0,0
Skoda,Octavia,240000,1999,Benzine,Manual,1600,Sedan,330000.0,1,0,0,0,0,0,0,0,0,0,0,0,0,0,0,0,0,0,0,0,0
Chevrolet,Lanos,143000,2016,Benzine,Manual,1500,Sedan,330000.0,1,0,1,0,1,0,0,0,1,0,0,0,0,0,0,0,0,0,0,0,0
Mercedes-Benz,A150,240000,2005,Benzine,Automatic,1500,Hatchback,430000.0,0,0,0,0,0,0,0,0,0,0,0,0,0,0,0,0,0,0,0,0,0
Nissan,Qashqai,94000,2021,Benzine,Automatic,1200,Estate,1000000.0,1,0,0,0,0,0,0,0,0,0,0,0,0,0,0,0,0,0,0,1,0
Toyota,Fortuner,120000,2023,Benzine,Automatic,2700,4X4,2450000.0,0,0,0,0,0,0,0,0,0,0,0,0,0,0,0,0,0,0,0,0,0
Daewoo,Lanos,146000,2008,Benzine,Manual,1500,Sedan,290000.0,0,0,1,0,0,0,0,0,1,0,0,0,0,0,0,0,0,0,0,0,0
Kia,Cerato Coupe,140000,2011,Benzine,Automatic,1600,Sedan,650000.0,1,1,0,0,1,0,0,1,1,0,0,0,0,0,1,1,1,1,0,0,0
BYD,F3,200000,2017,Diesel,Manual,1600,Sports / Coupe,330000.0,0,0,1,1,0,0,0,0,0,0,0,0,0,0,0,0,0,0,0,0,0
Chevrolet,Optra,175000,2019,Benzine,Automatic,1500,Sedan,520000.0,0,1,1,0,0,0,0,0,0,0,0,0,0,0,0,0,0,0,0,0,0
Chevrolet,Lanos,151000,2012,Benzine,Manual,1500,Sedan,310000.0,1,1,1,0,1,0,0,0,0,0,0,0,0,0,0,0,0,0,0,0,0
BMW,X1,30000,2025,Benzine,Automatic,1500,SUV,2600000.0,0,1,0,0,0,0,0,0,0,0,0,0,0,0,0,0,0,1,0,0,0
Hyundai,Tucson,80000,2020,Benzine,Automatic,1600,4X4,1180000.0,1,0,1,0,0,0,0,0,1,0,0,0,0,0,0,0,0,0,0,0,0
Mercedes-Benz,C200,210000,2009,Benzine,Automatic,1800,Sedan,1050000.0,1,0,0,0,0,0,0,0,0,0,0,0,0,0,0,0,0,0,0,0,0
Lada,Granta,299000,2016,Benzine,Manual,1500,Sedan,250000.0,0,1,1,0,0,0,0,0,1,0,0,0,0,0,0,0,0,0,1,0,0
Nissan,Sunny,24000,2023,Benzine,Automatic,1500,Sedan,655000.0,1,1,0,0,0,1,0,0,0,0,0,0,0,0,0,0,0,0,0,0,0
Renault,Megane,90000,2022,Benzine,Automatic,1600,Sedan,790000.0,1,0,0,0,0,1,0,0,0,0,0,0,0,0,0,0,0,0,0,0,0
Mercedes-Benz,C180,86000,2019,Benzine,Automatic,1600,Sedan,2200000.0,1,0,0,0,0,0,0,0,0,0,0,0,0,0,0,0,0,0,0,0,0
Chevrolet,Optra,267000,2008,Benzine,Manual,1600,Sedan,320000.0,1,1,1,0,0,0,0,0,0,0,0,0,0,0,0,0,0,1,0,0,0
Renault,Logan,62100,2022,Benzine,Automatic,1600,Sedan,528000.0,1,0,0,0,0,0,0,0,0,0,0,0,0,0,0,0,0,0,0,0,0
BYD,F3,4500,2025,Benzine,Manual,1500,Sedan,580000.0,0,0,0,0,0,0,0,0,0,0,0,0,0,0,0,0,0,0,0,0,0
Chevrolet,Aveo,50000,2019,Benzine,Automatic,1600,Sedan,475000.0,0,1,0,0,0,0,0,0,0,0,0,0,0,0,0,0,0,1,0,0,0
Kia,Cerato,135000,2019,Benzine,Automatic,1600,Sedan,850000.0,1,1,0,0,0,0,0,0,0,0,0,0,0,0,0,0,0,0,0,0,0
Hyundai,Verna,260000,2009,Benzine,Manual,1600,Sedan,290000.0,0,0,1,0,0,0,0,0,0,1,0,1,0,0,0,0,0,0,0,0,0
Kia,Cerato,140000,2011,Benzine,Automatic,1600,Sedan,620000.0,1,0,1,0,0,0,0,1,1,0,1,1,0,0,0,1,1,0,0,0,0
Mercedes-Benz,C180,263000,2014,Benzine,Automatic,1600,Sedan,1300000.0,1,0,0,0,0,0,0,0,0,0,0,0,0,0,0,0,0,0,0,0,0
Hyundai,Accent,180000,2000,Benzine,Manual,1500,Sedan,165000.0,0,0,0,0,0,0,0,0,1,0,0,0,0,0,0,0,0,0,0,0,0
Changan,Benni mini,31000,2017,Natural Gas,Automatic,1000,Hatchback,400000.0,1,0,0,0,1,0,0,0,0,0,0,0,0,0,0,0,0,0,0,0,0
Citroen,C4 Grand Picasso,190000,2016,Benzine,Automatic,1600,Hatchback,620000.0,1,0,0,0,0,0,0,0,0,0,0,0,0,0,0,0,0,1,0,0,0
BMW,X3,110000,2019,Benzine,Automatic,2000,SUV,2100000.0,0,0,0,0,0,0,0,0,0,0,0,0,0,0,0,0,0,0,0,0,0
Daewoo,Nubira,300000,1999,Benzine,Manual,1599,Sedan,160000.0,1,0,0,0,0,0,0,0,0,0,0,0,0,0,0,0,0,0,0,0,0
Renault,Megane,85000,2020,Benzine,Automatic,1500,Sedan,850000.0,1,0,1,0,1,0,0,0,1,0,0,0,0,0,0,0,0,1,0,0,0
Daewoo,Lanos,200000,2025,Hybrid,Manual,1600,Sedan,280000.0,0,1,0,0,0,0,0,0,0,0,0,0,0,0,0,0,0,0,0,0,0
Kia,Sportage,260000,2013,Benzine,Automatic,1600,SUV,980000.0,1,1,0,0,0,1,0,0,0,0,0,1,0,0,0,0,0,0,0,0,0
Speranza,A620,265574,2007,Benzine,Automatic,2000,Sedan,250000.0,1,0,1,0,0,0,0,0,0,0,0,0,0,0,0,0,0,0,0,0,0
Opel,Vectra,160000,2007,Benzine,Automatic,2200,Sedan,430000.0,0,0,0,0,0,0,0,0,0,0,0,0,0,0,0,0,0,0,0,0,0
Chery,Tiggo 4,7500,2026,Benzine,Automatic,1500,SUV,930000.0,0,1,0,0,0,0,0,0,0,0,0,0,0,0,0,0,0,0,0,0,0
Lada,Granta,52000,2016,Benzine,Manual,1600,Sedan,300000.0,1,0,1,0,1,0,0,0,0,0,0,0,0,0,0,0,0,0,0,0,0
Mercedes-Benz,C280,130000,2009,Benzine,Automatic,3000,Sedan,1300000.0,0,0,0,0,1,0,0,0,0,0,0,0,0,0,0,0,0,0,0,0,0
Renault,Logan,177000,2015,Benzine,Manual,1600,Sedan,335000.0,1,0,1,0,0,0,0,0,0,0,0,0,0,0,0,1,0,1,0,0,0
Volkswagen,Passat,127000,2019,Benzine,Automatic,1400,Sedan,1100000.0,0,1,0,0,0,0,0,0,0,0,0,0,0,0,0,0,0,0,0,0,0
Kia,Picanto,130000,2006,Benzine,Manual,1100,Hatchback,300000.0,0,0,0,0,0,0,0,0,0,0,0,0,0,0,0,0,0,1,0,0,0
Daewoo,Lanos,470000,2007,Benzine,Manual,1500,Sedan,300000.0,1,1,0,0,0,0,0,0,0,0,0,0,0,0,0,0,0,0,0,0,0
Chevrolet,Optra,105000,2008,Benzine,Automatic,1599,Sedan,450000.0,0,0,0,0,0,0,0,0,0,0,0,0,0,0,0,0,0,0,0,0,0
BMW,X1,168000,2012,Benzine,Automatic,3000,SUV,925000.0,1,1,1,0,0,0,0,0,0,1,0,0,0,0,0,0,0,1,0,0,0
Mercedes-Benz,A180,70000,2019,Benzine,Automatic,1600,Sedan,2650000.0,0,0,0,0,0,0,0,0,0,0,0,0,0,0,0,0,0,1,0,0,0
Daewoo,Nubira,320000,2009,Benzine,Manual,1600,Sedan,245000.0,1,1,1,0,0,0,0,0,0,0,0,0,0,0,0,0,0,0,0,0,0
Hyundai,Matrix,300000,2010,Benzine,Automatic,1600,Hatchback,459000.0,1,0,1,0,0,0,0,0,0,0,0,0,0,0,0,0,0,0,0,0,0
Kia,Picanto,140000,2015,Benzine,Automatic,1300,Hatchback,550000.0,1,0,0,0,0,0,0,0,0,0,0,0,0,0,0,0,0,0,0,0,0
Audi,Q3,10000,2025,Benzine,Automatic,1400,SUV,2650000.0,0,0,0,0,0,0,0,0,0,0,0,0,0,0,0,0,0,1,0,0,0
Volkswagen,Polo,205000,1999,Benzine,Manual,1400,Hatchback,220000.0,0,1,1,0,0,0,0,0,0,0,0,0,0,0,0,0,0,1,0,0,0
Daewoo,Lanos,280000,2008,Benzine,Manual,1500,Sedan,260000.0,0,0,1,0,0,0,0,0,0,0,0,0,0,0,0,0,0,0,0,0,0
Hyundai,Verna,200000,2013,Diesel,Manual,1600,Sedan,315000.0,1,1,1,0,1,0,0,0,0,0,0,0,0,0,0,0,0,0,0,0,0
Seat,Leon,167000,2016,Benzine,Automatic,1600,Other,790000.0,0,0,0,0,1,0,0,0,0,0,0,0,0,0,0,0,0,0,0,0,0
Mercedes-Benz,C180,185000,2018,Benzine,Automatic,1600,Sedan,1890000.0,0,0,1,0,1,1,0,0,0,0,0,0,0,0,0,0,0,1,0,0,0
Renault,11,170000,2011,Benzine,Automatic,1600,Hatchback,300000.0,0,0,0,0,0,0,0,0,0,0,0,0,0,0,0,0,0,0,0,0,0
Opel,Vectra,100000,1996,Benzine,Automatic,2200,Sedan,360000.0,0,0,0,0,0,0,0,1,0,1,0,0,0,0,0,0,0,0,0,1,0
Kia,Sportage,247777,2016,Benzine,Automatic,1600,Hatchback,1150000.0,0,0,0,0,0,0,0,0,0,0,0,0,0,0,0,0,0,0,0,0,0
Volkswagen,Tiguan,10000,2024,Benzine,Automatic,1400,SUV,2150000.0,1,0,0,0,0,1,0,0,0,0,0,0,0,0,0,0,0,0,0,0,0
Geely,Emgrand 7,24000,2014,Benzine,Manual,1600,Sedan,250000.0,0,0,0,0,0,0,0,0,0,0,0,0,0,0,0,0,0,0,0,0,0
Subaru,XV,215000,2014,Benzine,Automatic,1600,Hatchback,700000.0,0,0,0,0,0,0,0,0,0,0,0,0,0,0,0,0,0,0,0,0,0
Chevrolet,Cruze,215000,2011,Benzine,Automatic,1600,Sedan,380000.0,0,0,0,0,0,0,0,0,0,0,0,0,0,0,0,0,0,0,0,0,0
Peugeot,307,130,2005,Benzine,Automatic,1600,Hatchback,320000.0,0,0,0,0,0,0,0,0,0,0,0,0,0,0,0,0,0,0,0,0,0
Mercedes-Benz,E200,200000,1981,Benzine,Automatic,2000,Sedan,210000.0,1,0,1,0,0,0,0,0,0,0,0,0,0,0,0,0,0,0,0,0,0
Daewoo,Nubira,230000,2001,Benzine,Automatic,1600,Sedan,230000.0,1,0,0,0,0,0,0,0,0,0,0,0,0,0,0,0,0,0,0,0,0
Daewoo,Lanos,233000,1999,Benzine,Manual,1500,Sedan,270000.0,0,0,1,0,0,0,0,0,0,0,0,0,0,0,0,0,0,1,0,0,0
Mercedes-Benz,CLA 200,46000,2021,Benzine,Automatic,1300,Sedan,2000000.0,0,0,0,0,0,0,0,0,0,0,0,0,0,0,0,0,0,1,0,0,0
Seat,Ibiza,93000,1998,Benzine,Manual,1400,Hatchback,170000.0,0,0,1,0,0,0,0,0,1,1,1,1,0,0,0,0,0,0,0,0,0
MG,MG 5,85000,2021,Benzine,Automatic,1500,Sedan,715000.0,1,1,0,0,0,0,0,0,0,1,1,1,0,0,0,0,0,1,0,0,0
MG,MG 5,93500,2021,Benzine,Automatic,1600,Sedan,670000.0,1,0,0,0,0,0,0,0,0,0,0,0,0,0,0,0,0,0,0,0,0
Mazda,RX,104000,2004,Benzine,Automatic,1300,Sedan,900000.0,0,0,0,0,0,0,0,0,0,0,0,0,0,0,0,0,0,1,0,0,0
Mercedes-Benz,C180,69000,2019,Benzine,Automatic,1600,Sedan,2400000.0,0,0,0,0,1,0,0,0,0,0,0,0,0,0,0,0,0,0,0,0,0
Geely,Emgrand 7,215000,2014,Benzine,Manual,1500,Sedan,280000.0,1,1,1,0,0,0,0,0,0,0,0,0,0,0,0,0,0,0,0,0,0
Lada,2107,120000,2010,Benzine,Manual,1600,Sedan,100000.0,0,0,0,0,1,0,0,0,0,0,0,0,0,0,0,0,0,0,0,0,0
Skoda,Felecia,250000,1996,Benzine,Manual,1300,Hatchback,125000.0,0,0,1,0,0,0,0,0,0,0,0,0,0,0,0,0,0,0,0,0,0
Ford,Focus,330000,2006,Benzine,Automatic,1600,Sedan,390000.0,0,1,1,0,0,0,0,0,0,0,0,0,0,0,0,0,0,1,0,1,0
Opel,Corsa,38500,2022,Benzine,Automatic,1300,Hatchback,800000.0,1,0,0,0,0,0,0,0,0,0,0,0,0,0,0,0,0,0,0,0,0
BYD,F3,324675,2013,Natural Gas,Manual,1600,Sedan,260000.0,0,0,1,0,0,0,0,0,1,0,0,0,0,0,0,0,0,0,0,0,0
BYD,F3,300000,2019,Benzine,Manual,1500,Sedan,385000.0,1,0,1,0,0,0,0,0,0,0,0,1,0,0,0,0,0,0,0,0,0
MG,MG 5,3000,2025,Benzine,Automatic,1500,Sedan,850000.0,1,1,0,0,0,0,0,0,1,0,0,0,0,0,0,0,0,0,0,0,0
Suzuki,Swift,7300,2025,Benzine,Automatic,1200,Hatchback,790000.0,1,0,0,0,0,0,0,0,0,0,0,0,0,0,0,0,0,0,0,0,0
Kia,Sportage,27000,2023,Benzine,Automatic,1600,SUV,1820000.0,1,1,0,0,0,0,0,0,0,0,0,0,0,0,0,0,0,0,0,1,0
BMW,530,130000,2018,Benzine,Automatic,2000,Sedan,2150000.0,0,0,1,0,0,0,0,0,0,0,0,0,0,0,0,0,0,0,0,0,0
Daewoo,Nubira,245000,2008,Benzine,Manual,1600,Sedan,250000.0,1,0,0,0,0,0,0,0,0,0,0,0,0,0,0,0,0,1,0,0,0
Toyota,Corolla,60000,2022,Benzine,Automatic,1600,Sedan,1050000.0,1,0,0,0,0,1,0,0,0,0,0,0,0,0,0,0,0,0,0,0,0
Brilliance,Galena,244,2008,Benzine,Automatic,2000,Sedan,280000.0,1,0,1,0,0,0,0,0,0,0,0,0,0,0,0,0,0,0,0,0,0
Nissan,Sunny,222000,2003,Benzine,Automatic,1600,Sedan,355000.0,1,0,0,0,0,0,0,0,0,0,0,0,0,0,0,0,0,1,0,0,0
BMW,Other,32000,2008,Benzine,Manual,4000,Sports / Coupe,1000000.0,0,0,0,0,0,0,0,0,0,0,0,0,0,0,0,0,0,0,0,0,0
Chevrolet,Optra,285000,2009,Benzine,Manual,1600,Sedan,370000.0,1,0,1,0,0,0,0,0,0,0,0,0,0,0,0,0,0,0,0,0,0
BYD,Song L,9000,2024,Electric,Automatic,1400,SUV,1800000.0,0,1,0,0,0,0,0,0,0,0,0,0,0,0,0,0,0,0,0,0,0
Ford,Fiesta,165000,2012,Benzine,Automatic,1400,Hatchback,400000.0,1,0,0,0,0,0,0,0,0,0,0,0,0,0,0,0,0,0,0,0,0
Jaguar,XF,154000,2012,Benzine,Automatic,3000,Sedan,1550000.0,0,0,0,0,0,0,0,0,0,0,0,0,0,0,0,0,0,0,0,0,0
Skoda,Fantasia,300000,2006,Benzine,Automatic,1600,Sedan,500000.0,0,0,0,0,0,0,0,0,0,0,0,0,0,0,0,0,0,0,0,0,0
Renault,Megane,125000,2021,Benzine,Automatic,1600,Sedan,660000.0,1,1,0,0,0,1,0,0,0,0,0,0,1,0,0,0,0,0,1,0,0
Chery,A11,145000,2012,Benzine,Manual,1300,Hatchback,255000.0,1,0,0,0,0,0,0,0,0,1,0,0,0,0,0,0,0,0,0,0,0
Seat,Ibiza,290000,2002,Benzine,Manual,1400,Hatchback,210000.0,1,0,0,0,0,0,0,0,0,0,0,0,0,0,0,0,0,0,0,0,0
Jeep,Cherokee,162000,2008,Benzine,Automatic,3700,4X4,750000.0,1,0,1,0,1,0,0,0,1,0,0,1,0,0,0,0,0,0,0,0,0
Mercedes-Benz,C180,145000,2014,Benzine,Automatic,1600,Sports / Coupe,1550000.0,0,0,0,0,0,0,0,0,0,0,0,0,0,0,0,0,0,0,0,0,0
Kia,Cerato,120000,2019,Benzine,Automatic,1600,Sedan,830000.0,1,1,0,0,0,0,0,0,0,0,0,0,0,0,0,0,0,0,0,0,0
BMW,218,57000,2017,Benzine,Automatic,1500,Convertible,1735000.0,0,0,0,0,0,0,0,0,0,0,0,0,0,0,0,0,0,1,0,0,0
Daewoo,Nubira,200000,2007,Benzine,Automatic,1600,Sedan,225000.0,0,0,0,1,1,0,0,0,0,0,0,0,0,0,0,0,0,0,0,0,0
Nissan,Qashqai,115500,2013,Benzine,Automatic,1600,SUV,620000.0,1,0,0,0,0,0,0,0,0,0,0,0,0,0,1,0,0,0,0,0,0
Mercedes-Benz,E200,118000,2016,Benzine,Automatic,2000,Sedan,2550000.0,0,0,0,0,0,0,0,1,0,1,1,0,1,1,0,0,1,1,1,0,0
Skoda,Octavia,265000,1998,Diesel,Manual,1599,Sedan,320000.0,1,0,1,0,0,0,0,0,0,0,0,0,0,0,0,0,0,0,0,0,0
Chery,Tiggo 7 Pro,123000,2022,Diesel,Automatic,1500,SUV,900000.0,0,0,1,0,1,1,0,0,0,0,0,0,0,0,0,0,0,0,0,0,0
Chery,Envy,254000,2017,Benzine,Manual,1500,Sedan,365000.0,1,0,1,0,0,0,0,0,1,1,0,0,0,0,0,0,0,1,0,0,0
BMW,Z4,110000,2011,Benzine,Automatic,2500,Convertible,1950000.0,1,0,0,0,0,0,0,0,0,0,0,0,0,0,0,0,0,0,0,0,0
Renault,Logan,221000,2018,Benzine,Automatic,1600,Sedan,440000.0,1,0,1,0,1,0,0,0,0,0,0,0,0,0,0,0,0,1,0,0,0
Chevrolet,Optra,220,2008,Benzine,Manual,1600,Sedan,270000.0,0,0,0,0,0,0,0,0,0,0,0,0,0,0,0,0,0,0,0,0,0
Daewoo,Nubira,250000,2005,Benzine,Manual,1600,Sedan,250000.0,1,0,1,0,0,0,0,0,0,0,0,0,0,0,0,0,0,0,0,0,0
Hyundai,Getz,182000,2006,Benzine,Automatic,1600,Hatchback,345000.0,1,0,1,0,0,0,0,0,0,0,0,0,0,0,0,0,0,0,0,0,0
Geely,Ck,220000,2009,Benzine,Manual,1500,Sedan,220000.0,0,0,0,0,0,0,0,0,0,0,0,0,0,0,0,0,0,0,0,0,0
Renault,Duster,205000,2019,Benzine,Automatic,1600,Estate,650000.0,0,0,0,0,0,1,0,0,0,0,0,0,0,0,0,0,0,0,0,0,0
Toyota,Camry,95500,2013,Benzine,Automatic,2400,Sedan,1250000.0,0,0,0,0,0,0,0,1,0,0,0,0,0,0,0,0,0,0,0,0,0
BMW,X1,44000,2020,Benzine,Automatic,1500,SUV,1850000.0,0,0,0,0,0,0,0,0,0,0,0,0,0,0,0,0,0,0,0,0,0
Renault,21,18000,2021,Benzine,Manual,1600,Sedan,450000.0,1,0,0,0,0,0,0,0,0,0,0,0,0,0,0,0,0,0,0,0,1
Kia,Sportage,120000,2020,Benzine,Automatic,1600,Hatchback,1350000.0,1,0,0,0,0,0,0,0,0,0,0,0,0,0,0,0,0,0,0,0,0
Chevrolet,Lanos,264000,2009,Benzine,Manual,1500,Sedan,260000.0,0,1,1,0,0,0,0,0,1,0,0,0,0,0,0,0,0,1,0,0,0
Chery,Arrizo 5,120000,2020,Benzine,Automatic,1500,Sedan,460000.0,0,0,1,0,0,0,0,0,0,0,0,0,0,0,0,0,0,1,0,0,0
Renault,Logan,325000,2015,Benzine,Manual,1600,Sedan,310000.0,0,0,0,0,1,0,0,0,0,0,0,0,0,0,0,0,0,0,0,0,0
Mitsubishi,Lancer,185000,2013,Benzine,Automatic,1600,Sedan,460000.0,1,0,1,0,0,0,0,0,1,0,0,0,0,0,0,0,1,0,0,0,0
Brilliance,V6,185000,2021,Benzine,Automatic,1500,SUV,760000.0,1,0,0,0,1,0,0,0,0,0,0,0,0,0,0,0,0,0,0,0,0
Peugeot,301,118000,2016,Benzine,Automatic,1600,Sedan,450000.0,1,0,1,0,1,0,0,0,0,0,0,0,0,0,0,0,0,0,0,0,1
Ssang Yong,Torres,8000,2025,Benzine,Automatic,1500,SUV,1670000.0,1,1,1,0,0,0,0,1,1,0,1,0,0,0,1,1,1,1,0,0,0
Peugeot,505,120000,1983,Benzine,Manual,2000,Estate,370000.0,1,0,0,0,0,0,0,0,0,0,0,0,0,0,0,0,0,0,0,0,0
Jetour,Dashing,13000,2025,Benzine,Automatic,1600,Hatchback,1380000.0,1,0,0,0,0,0,0,0,0,0,0,0,0,0,0,0,0,0,0,0,0
Chery,Arrizo 5,150000,2023,Benzine,Automatic,1500,Sedan,580000.0,0,0,0,0,0,0,0,0,0,0,0,0,0,0,0,0,0,0,0,0,0
Daewoo,Nubira,150000,2001,Benzine,Automatic,1600,Sedan,235000.0,0,0,0,0,0,0,0,0,0,0,0,0,0,0,0,0,0,0,0,0,0
Renault,Megane,140000,2020,Benzine,Automatic,1600,Sedan,695000.0,1,0,0,0,0,0,0,0,0,1,0,0,1,0,1,0,0,1,0,0,0
Opel,Astra,218000,2007,Benzine,Automatic,1800,Hatchback,410000.0,0,0,0,0,0,0,1,0,0,0,0,0,0,0,0,0,0,0,0,1,0
Peugeot,3008,3500,2025,Benzine,Automatic,1600,SUV,1850000.0,1,0,1,0,0,0,0,0,1,0,0,0,0,0,0,0,0,1,0,0,0
Suzuki,Celerio,73000,2011,Benzine,Automatic,1000,Hatchback,320000.0,0,0,0,0,0,0,0,0,0,0,0,0,0,0,0,1,1,0,0,0,0
Hyundai,Accent,270000,2008,Benzine,Automatic,1600,Sedan,390000.0,1,0,0,0,1,0,0,0,0,0,0,0,0,0,0,0,0,1,0,0,0
Chevrolet,Lanos,103000,2010,Diesel,Manual,1600,Sedan,330000.0,0,0,1,0,0,0,0,0,1,1,0,1,0,0,0,0,0,0,0,0,0
Kia,Sportage,168000,2019,Benzine,Automatic,1600,Sedan,1300000.0,0,0,0,0,0,0,0,0,0,0,0,0,0,0,0,0,0,0,0,0,0
Hyundai,XD,182000,2005,Benzine,Automatic,1600,Sedan,400000.0,1,0,0,0,0,0,0,0,0,0,0,0,0,0,0,0,0,1,0,0,0
Ssang Yong,Torres,40000,2024,Benzine,Automatic,1600,Estate,1600000.0,0,0,0,0,0,0,0,0,0,0,0,0,0,0,0,0,0,0,0,0,0
Renault,Megane,243500,2004,Benzine,Automatic,1600,Sedan,280000.0,1,0,1,0,1,0,0,0,1,1,0,0,0,0,0,0,0,0,0,0,0
Volkswagen,Jetta,260000,2010,Benzine,Automatic,1600,Sedan,690000.0,1,0,0,0,0,0,0,1,1,0,1,0,0,0,0,0,0,0,0,0,0
Hyundai,Verna,340000,2007,Benzine,Manual,1600,Sedan,275000.0,0,0,0,0,1,0,0,0,0,0,0,0,0,0,0,0,0,0,0,0,0
Chevrolet,Aveo,85000,2019,Benzine,Automatic,1500,Sedan,490000.0,0,0,0,0,0,0,0,0,0,0,0,0,0,0,0,0,0,0,0,0,0
Peugeot,406,350000,2003,Benzine,Automatic,2000,Sedan,285000.0,1,0,1,0,0,0,0,0,0,0,0,0,0,0,0,0,0,1,0,0,0
Daewoo,Nubira,235000,1998,Benzine,Manual,1600,Sedan,180000.0,1,0,0,0,0,0,0,0,0,0,0,0,0,0,0,0,0,0,0,0,0
Brilliance,V3,430000,2024,Benzine,Automatic,1500,SUV,860000.0,0,0,0,0,0,0,0,0,0,0,0,0,0,0,0,0,0,0,0,0,0
BMW,320,275000,2013,Benzine,Automatic,2000,Sedan,1000000.0,1,0,0,0,0,0,0,0,0,0,0,0,0,0,0,0,0,0,0,0,0
Hyundai,Matrix,160000,2005,Benzine,Manual,1600,Hatchback,400000.0,0,1,1,0,1,0,0,0,0,0,0,0,0,0,0,0,0,1,0,0,0
Renault,Logan,125000,2016,Benzine,Automatic,1600,Sedan,480000.0,0,1,0,0,0,0,0,0,0,1,1,0,1,1,0,0,0,1,0,0,0
Nissan,Sentra,37000,2023,Benzine,Automatic,1600,Sedan,750000.0,1,1,1,0,0,0,0,0,1,0,0,0,0,0,0,0,0,0,0,0,0
Volkswagen,Polo,360000,2001,Benzine,Manual,1400,Hatchback,210000.0,0,0,0,0,0,0,0,0,0,0,0,0,0,0,0,0,0,0,0,0,0
Hyundai,Elantra,151000,2017,Benzine,Automatic,1599,Sedan,670000.0,1,0,1,0,0,0,0,0,1,1,0,0,0,0,0,0,0,0,0,0,0
Kia,Picanto,47000,2010,Benzine,Automatic,1100,Hatchback,425000.0,0,1,0,0,0,0,0,0,0,0,0,0,0,0,0,0,0,0,0,0,0
Toyota,Corolla,170000,2011,Benzine,Manual,1600,Sedan,650000.0,1,0,1,0,0,0,0,0,1,1,0,0,0,0,0,0,0,0,0,0,0
Toyota,Corolla,1700,2023,Benzine,Automatic,1600,Sedan,1200000.0,0,0,0,0,0,0,0,0,0,0,1,1,0,0,0,0,0,0,0,0,0
Ford,Mondeo,278000,2000,Benzine,Manual,1600,Sedan,235000.0,0,1,0,0,1,0,0,0,0,0,0,0,0,1,0,0,0,1,0,0,0
Lada,2107,109000,2006,Benzine,Manual,1690,Sedan,135000.0,0,0,1,0,0,0,0,0,0,0,0,0,0,0,0,0,0,0,0,0,0
Mahindra,Scorpio,147000,2010,Benzine,Manual,1998,4X4,325000.0,1,0,0,0,1,0,0,0,0,0,0,0,0,0,0,0,0,0,0,0,0
Hyundai,Verna,124500,2007,Benzine,Automatic,1600,Sedan,330000.0,1,0,1,0,1,0,0,0,1,0,0,0,0,0,0,0,0,1,0,1,0
Chevrolet,Lanos,200000,2010,Benzine,Manual,1500,Sedan,200000.0,0,0,0,0,0,0,0,0,0,0,1,0,0,0,0,0,0,0,0,0,0
Toyota,Yaris,290000,2007,Benzine,Manual,1300,Sedan,360000.0,1,0,0,0,0,0,0,0,0,0,0,0,0,0,0,0,0,0,0,0,0
Mercedes-Benz,C180,28000,2020,Benzine,Automatic,1500,Sedan,2450000.0,0,1,0,0,0,0,0,0,0,0,0,0,0,0,0,0,0,0,0,0,0
Suzuki,Van,200,2000,Benzine,Manual,1000,Van / Bus,150000.0,0,0,0,0,0,0,0,0,0,0,0,0,0,0,0,0,0,0,0,0,0
Nissan,Sunny,263000,2001,Benzine,Manual,1300,Sedan,300000.0,1,1,0,0,0,0,0,0,0,0,0,0,0,0,0,0,0,1,0,1,0
Hyundai,Excel,200000,1995,Benzine,Manual,1500,Sedan,150000.0,1,0,0,0,0,0,0,0,0,0,0,0,0,0,0,0,0,0,0,1,0
Renault,Fluence,192000,2015,Benzine,Automatic,1600,Sedan,600000.0,1,0,1,0,0,0,0,0,1,0,0,0,0,0,0,0,0,0,0,0,0
Nissan,Sunny,29000,1999,Natural Gas,Manual,1300,Sedan,230000.0,1,0,0,0,0,0,0,0,0,0,0,0,0,0,0,0,0,0,0,0,0
Ford,Focus,67000,2014,Benzine,Automatic,1600,Sedan,680000.0,0,0,1,0,1,0,0,0,0,0,0,0,0,0,0,0,0,0,0,0,0
Renault,Megane,124000,2020,Benzine,Automatic,1600,Sedan,695000.0,1,1,0,0,0,0,0,0,0,0,0,0,0,0,0,0,0,0,0,0,1
Volkswagen,Jetta,220000,2010,Benzine,Automatic,1600,Estate,650000.0,0,0,0,0,1,0,0,1,0,0,0,0,0,0,0,0,0,0,0,0,0
Hyundai,Avante,127000,2014,Benzine,Automatic,1600,Sedan,750000.0,1,0,0,0,0,0,0,0,1,0,1,0,0,0,0,0,1,0,1,0,0
Lada,Granta,126000,2022,Benzine,Automatic,1600,Sedan,420000.0,1,0,1,0,0,0,0,0,0,0,0,1,0,1,0,1,1,1,0,0,0
Volkswagen,Golf,160000,1989,Benzine,Manual,1600,Hatchback,145000.0,0,0,0,0,0,0,0,0,0,0,0,0,0,0,0,0,0,0,0,0,0
Daewoo,Nubira,350000,2002,Benzine,Manual,1600,Sedan,220000.0,1,0,0,0,0,0,0,0,0,0,0,0,0,0,0,0,0,0,0,0,0
Hyundai,Excel,250000,1995,Benzine,Manual,1500,Sedan,160000.0,0,1,0,0,0,0,0,0,0,0,0,0,0,0,0,0,0,0,0,0,0
Peugeot,3008,114000,2015,Benzine,Automatic,1600,SUV,680000.0,1,0,0,0,0,0,0,0,1,0,0,0,0,0,0,0,0,0,0,0,0
Opel,Vectra,330000,1994,Benzine,Manual,2000,Sedan,160000.0,0,0,0,0,0,0,0,0,0,0,0,0,0,0,0,0,0,0,0,0,0
Hyundai,Avante,150000,2008,Benzine,Automatic,1600,Sedan,590000.0,0,0,0,0,0,0,0,0,0,0,0,0,0,1,0,1,1,0,0,0,0
MINI,Cooper,150000,2015,Benzine,Automatic,1500,Sports / Coupe,800000.0,1,0,0,0,0,0,0,0,0,0,0,0,0,0,0,0,0,0,0,0,0
Fiat,Tipo,98000,2022,Benzine,Automatic,1600,Sedan,765000.0,1,0,0,0,0,0,0,0,0,0,0,0,0,0,0,0,0,0,0,0,0
Jac,S3,92000,2019,Benzine,Automatic,1500,SUV,500000.0,0,1,1,0,0,0,0,0,0,0,0,0,0,0,0,0,0,1,0,0,0
Chevrolet,Cruze,131000,2015,Benzine,Automatic,1600,Sedan,480000.0,1,0,0,0,0,0,0,0,0,0,0,0,0,0,0,0,0,0,0,0,0
Daewoo,Juliet,185000,2000,Benzine,Manual,1300,Hatchback,240000.0,1,0,1,0,0,0,0,0,1,0,0,0,0,0,0,0,0,0,0,0,0
Nissan,Sentra,132000,2020,Benzine,Automatic,1600,Sedan,665000.0,1,0,0,0,0,0,0,0,0,1,1,0,0,0,1,0,0,0,0,0,0
Geely,Ck,100000,2006,Benzine,Manual,1567,Other,150000.0,1,0,0,1,0,0,0,0,0,0,0,0,0,0,0,0,0,0,0,0,0
Mercedes-Benz,CLA 200,98000,2014,Benzine,Automatic,1600,Sedan,1500000.0,0,0,0,0,0,0,0,0,0,0,0,0,0,0,0,0,0,0,0,0,0
Peugeot,307,245000,2007,Benzine,Manual,1600,Hatchback,310000.0,1,0,0,1,0,0,0,0,0,0,0,0,0,0,0,1,1,0,0,1,0
Senova,A1,70,2016,Benzine,Manual,1500,Sedan,330000.0,1,0,0,0,0,0,0,0,0,0,0,0,0,0,0,0,0,0,0,0,0
Jaguar,XJ,50000,2015,Benzine,Automatic,2000,Sedan,2600000.0,0,0,0,0,1,0,0,0,0,0,0,0,0,0,0,0,0,0,0,0,0
Chevrolet,Optra,272000,2009,Benzine,Automatic,1600,Sedan,420000.0,1,0,0,0,0,0,0,0,0,0,0,0,0,0,0,0,0,0,0,0,0
MG,ZS,77000,2022,Benzine,Automatic,1500,SUV,800000.0,1,0,0,0,0,0,0,0,0,0,0,0,0,0,0,0,0,0,0,0,0
Seat,Ibiza,180000,1994,Diesel,Manual,1600,Hatchback,170000.0,1,0,0,0,0,0,0,0,0,0,0,0,0,0,0,0,0,0,0,0,0
Skoda,Octavia,160000,2015,Benzine,Automatic,1600,Sedan,790000.0,1,0,0,0,0,0,0,0,0,0,1,0,1,0,0,0,0,0,1,0,0
Fiat,500X,107000,2021,Benzine,Automatic,1400,Hatchback,800000.0,0,0,1,0,1,0,0,0,0,0,0,0,0,0,0,0,0,0,0,0,0
Audi,Q7,210000,2019,Benzine,Automatic,2000,SUV,2250000.0,0,0,0,0,0,0,0,0,0,0,0,0,0,0,0,0,0,1,0,0,0
Hyundai,Excel,200000,1994,Benzine,Manual,1500,Hatchback,125000.0,1,0,1,0,0,0,0,0,0,0,0,0,0,0,0,0,0,0,0,0,0
Chevrolet,Lanos,250000,2013,Benzine,Manual,1600,Sedan,280000.0,0,0,0,0,0,0,0,0,0,0,0,0,0,0,0,0,0,1,0,0,0
Great Wall,Hover,175000,2013,Benzine,Manual,2000,4X4,450000.0,0,0,1,0,0,0,0,0,1,0,1,1,0,0,0,1,1,0,0,0,0
Mercedes-Benz,C180,190000,2012,Benzine,Automatic,1600,Sedan,1100000.0,1,0,0,0,0,0,0,0,0,0,0,0,0,0,0,0,0,0,0,0,0
Mercedes-Benz,C180,50000,2022,Benzine,Automatic,1600,Sedan,2500000.0,0,0,0,0,0,0,0,0,0,0,0,0,0,0,0,0,0,0,0,0,0
Renault,Sandero Stepway,66000,2019,Benzine,Automatic,1600,Hatchback,580000.0,1,1,1,0,0,0,1,0,1,1,0,0,1,0,0,1,1,0,0,1,0
BMW,328,47000,2013,Benzine,Automatic,2000,Sedan,1550000.0,0,0,0,0,0,0,0,1,0,0,0,0,0,0,0,0,0,1,0,0,0
MG,MG 5,100000,2021,Benzine,Automatic,1600,Sedan,695000.0,1,1,0,0,0,0,0,0,0,0,0,0,0,0,0,0,0,0,0,0,0
Chevrolet,Lanos,2900,2012,Benzine,Manual,1500,Sedan,220000.0,1,0,1,0,1,0,0,0,0,0,0,0,0,0,0,0,0,0,0,0,0
Hyundai,Elantra,285000,1992,Benzine,Automatic,1600,Sedan,180000.0,0,0,1,0,0,0,0,0,0,0,1,0,0,0,0,0,0,1,0,0,0
Citroen,C5,50000,2001,Benzine,Automatic,2000,Sedan,290000.0,0,0,1,0,0,0,0,0,0,0,0,1,0,0,0,0,1,0,0,0,0
Speranza,A516,100,2009,Benzine,Manual,1600,Sedan,200000.0,1,0,0,0,0,0,0,0,0,0,0,0,0,0,0,0,0,0,0,0,0
Daewoo,Lanos,250000,2001,Benzine,Manual,1500,Sedan,230000.0,1,1,1,0,0,0,0,0,0,0,0,0,0,0,0,0,0,0,0,0,0
Renault,Logan,212000,2011,Benzine,Manual,1600,Sedan,290000.0,0,0,0,0,0,0,0,0,0,0,0,0,0,0,0,0,0,0,0,0,0
Daewoo,Lacetti,380000,2003,Benzine,Automatic,1500,Sedan,380000.0,1,0,0,0,0,0,0,0,0,0,0,0,0,0,0,0,0,1,0,0,0
Mercedes-Benz,C180,59000,2020,Benzine,Automatic,1500,Sedan,2400000.0,1,0,1,0,0,0,0,0,0,0,0,0,0,0,0,0,0,0,0,0,0
Mercedes-Benz,C180,110000,2019,Benzine,Automatic,1600,Sedan,2100000.0,1,0,0,0,0,0,1,0,0,0,0,0,0,0,0,0,0,0,0,0,0
Land Rover,Range Rover,155000,2013,Benzine,Automatic,2000,SUV,1700000.0,1,1,0,0,0,1,0,0,0,0,0,0,0,0,0,0,0,0,0,0,0
Audi,Q5,140000,2011,Benzine,Automatic,2000,Hatchback,950000.0,0,0,0,0,0,0,0,0,0,0,0,0,0,0,0,0,0,0,0,0,0
Kia,Sportage,140000,2020,Benzine,Automatic,1600,Hatchback,1200000.0,1,0,0,0,0,0,0,0,0,0,0,0,0,0,0,0,0,0,0,0,0
Lada,2107,15000,2006,Benzine,Manual,1500,Sedan,160000.0,0,0,0,0,0,0,0,0,0,0,0,0,0,0,0,0,0,0,0,0,0
Toyota,Corolla,128000,2015,Benzine,Automatic,1600,Sedan,850000.0,1,1,1,0,0,0,0,0,1,0,0,1,0,0,0,0,0,0,0,0,0
BMW,X3,120000,2014,Benzine,Automatic,3000,SUV,1500000.0,1,0,0,0,0,0,1,0,0,0,0,0,0,0,0,0,0,0,0,1,0
Mercedes-Benz,230,350000,1992,Benzine,Automatic,2300,Sedan,410000.0,1,0,0,0,0,0,0,1,0,0,0,0,0,0,0,0,0,0,0,0,0
BYD,F3,100000,2016,Natural Gas,Manual,1600,Sedan,290000.0,0,0,0,1,0,0,0,0,1,1,0,0,0,0,0,0,0,0,0,0,0
Chevrolet,Lanos,300000,2013,Natural Gas,Manual,1600,Sedan,275000.0,1,0,0,0,1,0,1,0,0,0,0,0,0,1,0,0,0,1,0,1,0
Renault,Logan,245000,2016,Benzine,Automatic,1600,Sedan,330000.0,0,0,0,0,0,0,0,0,0,0,0,0,0,0,0,0,0,0,0,0,0
MINI,Countryman S,99000,2019,Benzine,Automatic,2000,Hatchback,1375000.0,0,1,0,0,0,0,0,0,0,0,0,0,0,0,0,0,0,0,0,0,0
Toyota,Avanza,133000,2009,Benzine,Automatic,1500,Hatchback,590000.0,0,0,0,0,1,0,0,0,0,0,0,0,0,0,0,0,0,1,0,0,0
Proton,Gen-2,189000,2014,Benzine,Automatic,1600,Sedan,410000.0,0,0,1,0,0,0,0,0,0,1,0,0,0,0,0,1,1,0,0,1,0
Skoda,Octavia,180000,2015,Benzine,Automatic,1600,Sedan,890000.0,0,0,0,0,0,0,0,0,0,0,0,0,0,0,0,0,0,0,0,0,0
Renault,Sandero Stepway,135000,2015,Benzine,Manual,1600,Hatchback,365000.0,1,0,0,0,0,0,0,0,0,0,0,0,0,0,0,0,0,0,0,0,0
Suzuki,Van,85000,2022,Benzine,Manual,1100,Van / Bus,315000.0,0,1,1,1,0,0,0,0,0,0,0,0,0,0,0,0,0,0,0,0,0
Peugeot,508,79000,2017,Benzine,Automatic,1600,Sedan,775000.0,1,0,0,0,0,0,0,0,0,0,0,0,0,0,0,0,0,0,0,0,0
Lada,2110,140000,2006,Natural Gas,Manual,1600,Sedan,125000.0,0,0,1,0,0,0,0,0,1,0,1,0,0,0,0,0,0,0,0,1,0
Mercedes-Benz,C180,140000,2015,Benzine,Automatic,1800,Sedan,1610000.0,0,1,0,0,0,0,0,1,0,1,0,0,1,0,0,1,0,1,0,0,0
Chevrolet,Lanos,158000,2014,Benzine,Manual,1500,Sedan,310000.0,1,0,0,0,0,0,0,0,0,0,0,0,0,0,0,0,0,0,0,0,0
Seat,Ibiza,197000,2009,Benzine,Automatic,1600,Hatchback,400000.0,1,1,0,0,0,0,0,0,0,0,0,0,0,0,0,1,0,1,0,0,0
Opel,Astra,100000,2016,Benzine,Automatic,1600,Sedan,640000.0,1,0,1,0,0,0,0,0,1,0,0,0,0,0,0,0,0,0,0,0,0
Citroen,C4,240000,2006,Benzine,Automatic,1600,Hatchback,320000.0,1,0,1,0,0,0,0,0,0,0,0,0,0,0,0,0,0,1,0,0,0
Kia,Sportage,82000,2018,Benzine,Automatic,1600,Hatchback,1120000.0,1,0,1,0,0,0,0,0,1,0,0,0,0,0,0,1,1,1,0,0,0
Chevrolet,Aveo,290000,2009,Natural Gas,Manual,1500,Sedan,290000.0,0,1,1,0,1,0,0,0,0,0,1,0,0,0,0,0,0,1,0,0,0
Nissan,Pickup,199450,1999,Diesel,Manual,2500,Pickup,400000.0,0,0,0,0,0,0,0,0,0,0,0,0,0,0,0,0,0,0,0,0,0
Volvo,740,200000,1985,Benzine,Automatic,2300,Sedan,240000.0,0,0,0,0,0,0,0,0,0,0,0,0,0,0,0,0,0,1,0,0,0
Chevrolet,Optra,154000,2014,Benzine,Automatic,1500,Sedan,420000.0,1,0,1,0,1,0,0,1,1,0,0,0,0,0,0,0,0,1,0,0,0
Opel,Vectra,350000,2008,Benzine,Automatic,1600,Sedan,375000.0,1,0,0,0,0,0,0,0,0,0,1,0,0,1,0,1,0,0,0,0,0
Skoda,Octavia,70000,2021,Benzine,Automatic,2000,Sedan,1950000.0,1,0,0,0,0,0,0,0,0,0,0,0,0,0,0,0,0,0,0,0,0
Chevrolet,Optra,140000,2018,Benzine,Automatic,1500,Sedan,485000.0,1,0,0,0,0,1,0,0,0,0,0,0,0,0,0,0,0,0,0,0,0
Honda,Civic,100000,1991,Benzine,Automatic,1600,Sedan,115000.0,0,1,0,0,1,0,0,0,0,0,0,0,0,0,0,0,0,0,0,1,0
Kia,Picanto,88000,2013,Benzine,Automatic,1600,Hatchback,450000.0,0,0,1,0,0,0,0,0,0,0,0,0,0,0,0,0,0,0,0,0,0
Toyota,Starlet,100000,1993,Benzine,Manual,1000,Hatchback,120000.0,0,0,0,0,0,0,0,0,0,0,0,0,0,0,0,0,0,0,0,0,0
Opel,Vectra,180000,2007,Benzine,Automatic,2200,Sedan,475000.0,0,1,1,0,0,0,0,0,0,0,0,0,0,0,0,0,0,0,0,0,0
Brilliance,FSV,173000,2013,Benzine,Manual,1500,Sedan,270000.0,0,0,0,0,0,0,0,0,0,0,0,0,0,0,0,0,0,0,0,0,0
Chery,Tiggo,93000,2022,Benzine,Automatic,1600,SUV,650000.0,0,0,0,0,0,1,0,0,0,0,0,0,0,0,0,0,0,0,0,0,0
Dongfeng,Aeolus A30,50000,2022,Benzine,Automatic,1500,Sedan,750000.0,1,0,0,0,0,1,0,0,0,0,0,0,0,0,0,0,0,0,0,0,0
Kia,Pride,120000,2000,Benzine,Automatic,1300,Sedan,170000.0,0,0,0,0,0,0,0,0,0,0,0,0,0,0,0,0,0,0,0,0,0
Nissan,Sunny,400000,2009,Benzine,Automatic,1500,Sedan,150000.0,0,0,0,1,0,0,0,0,0,0,0,0,0,0,0,0,0,0,0,0,0
Mercedes-Benz,C280,170000,2008,Benzine,Automatic,3000,Sedan,1100000.0,0,0,0,0,0,0,0,0,0,0,0,0,0,0,0,0,0,0,0,0,0
Skoda,Octavia,230000,2018,Benzine,Automatic,1600,Sedan,960000.0,0,1,1,0,0,0,0,0,0,0,0,0,0,0,0,0,0,0,0,0,0
Peugeot,508,197000,2017,Benzine,Automatic,1600,Sedan,750000.0,0,1,0,0,0,0,0,0,0,0,0,0,0,0,0,0,0,0,0,0,0
Chery,Arrizo 5,11000,2024,Benzine,Automatic,1500,Sedan,655000.0,0,1,0,0,0,1,0,0,0,0,0,0,0,0,0,0,0,0,0,0,0
Renault,Logan,82000,2022,Benzine,Automatic,1600,Sedan,575000.0,1,1,0,0,0,1,0,0,0,0,0,0,0,0,0,0,0,0,0,0,0
Kia,Sephia,145000,2000,Benzine,Manual,1600,Sedan,210000.0,1,0,1,0,0,0,0,0,0,0,0,0,0,0,0,0,0,0,0,0,0
Mitsubishi,Lancer,182000,2016,Benzine,Automatic,1600,Sedan,635000.0,1,1,0,0,0,0,0,0,0,1,0,0,1,0,0,0,0,0,0,0,0
Hyundai,Verna,500000,2011,Benzine,Manual,1600,Sedan,250000.0,1,1,1,0,0,0,0,0,0,0,0,0,0,0,0,0,0,0,0,1,0
Kia,Carens,210000,2011,Benzine,Automatic,1600,Hatchback,730000.0,1,0,1,0,0,0,0,0,0,0,0,0,0,0,0,0,0,1,0,0,0
Speranza,M11,280000,2012,Benzine,Manual,1600,Sedan,230000.0,0,1,1,0,0,0,0,0,0,0,0,0,0,0,0,0,0,0,0,0,0
Kia,Sorento,105000,2019,Benzine,Automatic,3500,SUV,1300000.0,1,0,0,0,0,0,0,0,0,0,0,0,0,0,0,0,0,0,0,0,0
Mercedes-Benz,190,414000,1989,Benzine,Manual,2000,Sedan,285000.0,0,0,0,0,0,0,0,0,0,0,0,0,0,0,0,0,0,0,0,0,0
Renault,Kadjar,48000,2019,Benzine,Automatic,1200,Hatchback,990000.0,1,1,0,0,0,0,0,0,0,1,0,0,0,0,0,0,0,1,0,0,0
Hyundai,Avante,260000,2000,Benzine,Automatic,1500,Sedan,360000.0,1,1,1,0,0,0,0,0,1,0,0,0,0,0,0,0,0,0,0,0,0
Toyota,Yaris,168000,2007,Benzine,Automatic,1300,Sedan,430000.0,1,0,1,0,0,0,0,0,1,0,0,0,0,0,0,0,0,0,0,0,0
Kia,Rio,117000,2014,Benzine,Automatic,1400,Sedan,525000.0,1,0,0,0,1,0,0,0,0,0,0,0,0,0,0,0,0,0,0,0,0
Volkswagen,Pointer,159000,2006,Benzine,Manual,1600,Hatchback,190000.0,0,0,0,0,0,0,0,0,0,0,0,0,0,0,0,0,0,1,0,0,0
Proton,Saga,100000,2013,Benzine,Automatic,1300,Sedan,350000.0,0,0,1,0,1,0,0,0,0,0,0,0,0,0,0,0,0,0,0,0,0
Kia,Sportage,16000,2024,Benzine,Automatic,1600,SUV,1650000.0,1,0,0,0,0,1,0,0,0,0,0,0,0,0,0,0,0,0,0,0,0
Renault,Logan,210000,2010,Natural Gas,Manual,1600,Sedan,300000.0,1,0,1,0,0,0,0,0,1,0,0,0,0,0,0,0,0,0,0,0,0
BMW,320,106000,2016,Benzine,Automatic,2000,Sedan,1480000.0,0,0,0,0,0,1,0,0,0,0,0,0,0,0,0,0,0,0,0,0,0
Speranza,Tiggo,250000,2010,Benzine,Manual,1600,SUV,325000.0,0,0,0,0,0,0,0,0,0,0,0,0,0,0,0,0,0,0,0,0,0
Volkswagen,Tiguan,67000,2022,Benzine,Automatic,1400,Estate,1800000.0,1,1,0,0,0,0,0,0,0,0,0,0,0,0,0,0,0,0,0,0,0
Opel,Insignia,192000,2016,Benzine,Automatic,1600,Sedan,760000.0,1,1,1,0,0,0,0,1,0,0,0,0,0,0,0,0,0,0,0,0,0
Mitsubishi,Lancer,27000,2016,Benzine,Automatic,1600,Sedan,600000.0,1,0,0,0,0,0,0,0,0,0,0,0,0,0,0,0,0,0,0,0,0
Saipa,Pride,232000,2006,Benzine,Manual,1300,Sedan,190000.0,1,0,1,0,1,0,0,0,0,0,0,0,0,0,0,0,0,1,0,0,0
Chevrolet,Aveo,270000,2006,Benzine,Manual,1500,Hatchback,310000.0,0,1,0,0,0,0,0,0,0,0,0,0,0,0,0,0,0,1,0,0,1
Opel,Astra,275000,2008,Benzine,Automatic,1600,Hatchback,350000.0,0,0,0,0,0,0,0,0,0,0,0,0,0,0,0,0,0,0,0,0,0
Opel,Crossland,76500,2019,Benzine,Automatic,1200,SUV,925000.0,1,0,0,0,1,0,0,0,0,0,0,0,0,0,0,0,0,0,0,0,0
Kia,Cerato,190300,2011,Benzine,Automatic,1600,Sedan,585000.0,1,0,0,0,1,0,0,0,1,0,0,0,0,0,0,1,0,1,0,0,0
Chevrolet,Pickup/Dababa,500000,2003,Diesel,Manual,2500,Pickup,470000.0,1,0,0,0,0,0,0,0,0,0,0,0,0,0,0,0,0,0,0,0,0
Chevrolet,Pickup/Dababa,80000,2007,Diesel,Manual,2700,Pickup,420000.0,1,0,0,0,0,0,0,0,0,0,0,0,0,0,0,0,0,0,0,0,0
Seat,Tarraco,40000,2021,Benzine,Automatic,1400,Hatchback,1620000.0,1,1,0,0,0,0,0,0,0,0,0,0,0,0,0,0,0,0,0,0,0
Peugeot,2008,80000,2022,Benzine,Automatic,1600,Sports / Coupe,1120000.0,0,0,0,0,0,0,0,0,0,0,0,0,0,0,0,0,0,0,0,0,0
Suzuki,Swift,100000,1993,Benzine,Manual,1300,Sedan,100000.0,0,0,0,0,0,0,0,0,0,0,0,0,0,0,0,0,0,0,0,0,0
Speranza,A516,200000,2008,Benzine,Manual,1600,Sedan,240000.0,1,0,1,0,0,0,0,0,0,0,0,0,0,0,0,0,0,0,0,0,0
Hyundai,IX35,295000,2016,Benzine,Automatic,1600,SUV,800000.0,1,0,0,0,0,0,0,0,0,0,0,0,0,0,0,0,0,0,0,0,0
Skoda,Octavia,4000,2021,Benzine,Automatic,1400,Sedan,1295000.0,0,1,0,0,0,0,0,0,0,0,0,0,0,0,0,0,0,0,0,0,0
Proton,Gen-2,259000,2008,Benzine,Automatic,1600,Sedan,320000.0,1,0,1,0,0,0,0,0,0,0,0,0,0,0,0,0,0,0,0,0,0
Chevrolet,Cruze,167000,2010,Benzine,Automatic,1600,Sedan,320000.0,1,0,0,0,0,0,0,0,0,0,0,0,0,0,0,0,0,0,0,0,0
Fiat,Tipo,50000,2021,Benzine,Automatic,1600,Hatchback,860000.0,0,0,0,0,0,0,0,0,0,0,0,0,0,0,0,0,0,0,0,0,0
Nissan,Tiida,22,2008,Benzine,Automatic,1600,Hatchback,390000.0,0,0,0,0,0,0,0,0,0,0,0,0,0,0,0,0,0,0,0,0,0
Daewoo,Leganza,242000,1999,Benzine,Automatic,2000,Sedan,230000.0,1,0,1,0,0,0,0,0,0,0,0,0,0,0,0,0,0,0,0,0,0
Mercedes-Benz,A180,53000,2021,Benzine,Automatic,1300,Sedan,1990000.0,1,0,0,0,0,1,0,0,0,0,0,0,0,0,0,0,0,0,0,0,0
Volkswagen,Polo,200000,2001,Benzine,Manual,1600,Hatchback,230000.0,1,0,0,0,1,0,0,0,0,0,0,0,0,0,0,0,0,0,0,0,0
Opel,Vectra,133,1997,Benzine,Automatic,2000,Sedan,250000.0,0,0,0,0,0,0,0,0,0,0,0,0,0,0,0,0,0,0,0,0,0
Volkswagen,Polo,100000,2005,Benzine,Automatic,1400,Hatchback,360000.0,1,0,1,0,0,0,0,0,0,0,0,0,0,0,0,1,0,1,0,1,0
Mercedes-Benz,A200,74000,2020,Benzine,Automatic,1300,Sedan,1850000.0,1,1,0,0,0,1,0,0,0,0,0,0,0,0,0,0,0,0,0,0,0
BMW,320,190000,2013,Benzine,Automatic,2000,4X4,980000.0,1,0,0,0,0,0,0,0,0,0,0,0,0,0,0,0,0,0,0,0,0
Mitsubishi,Lancer,110000,2016,Benzine,Automatic,1600,Sedan,725000.0,0,0,1,0,0,0,0,0,1,1,0,1,0,1,0,1,0,0,0,0,0
Kia,Spectra,240000,2001,Benzine,Automatic,1500,Sedan,255000.0,0,1,0,0,0,0,0,0,0,0,0,0,0,0,0,0,0,0,0,0,0
Chevrolet,Lanos,100000,2011,Benzine,Manual,1500,Sedan,190000.0,1,0,0,0,0,0,0,0,0,0,0,0,0,0,0,0,0,0,0,0,0
Seat,Ibiza,32000,2021,Benzine,Automatic,1600,Hatchback,825000.0,1,0,0,0,0,0,0,0,0,0,0,0,0,0,0,0,0,0,0,0,0
Kia,Cerato,136000,2016,Benzine,Automatic,1600,Sedan,700000.0,1,0,0,0,0,0,0,0,0,0,0,0,0,0,0,0,0,0,0,0,0
Hyundai,Tucson,90000,2020,Benzine,Automatic,1600,SUV,1330000.0,1,0,0,0,0,0,0,0,0,0,0,0,0,0,0,0,0,0,0,0,0
Jeep,Renegade,86000,2016,Benzine,Automatic,1400,SUV,1100000.0,1,1,1,0,0,0,0,0,0,0,0,0,0,0,0,0,0,0,0,0,0
Nissan,Sunny,185000,1999,Benzine,Manual,1300,Sedan,255000.0,1,0,0,0,1,0,0,0,0,0,0,0,0,0,0,0,0,1,0,0,0
Fiat,Petra,190000,2003,Benzine,Manual,1600,Sedan,120000.0,0,0,0,0,0,0,0,0,0,0,0,0,0,0,0,0,0,0,0,0,0
Ford,Kuga,88000,2018,Benzine,Automatic,1500,SUV,900000.0,0,0,0,1,0,0,0,0,1,0,0,0,0,0,0,0,0,0,0,0,0
Daewoo,Nubira,200000,1999,Benzine,Manual,1600,Sedan,180000.0,0,0,0,0,0,0,0,0,0,0,0,0,0,0,0,0,0,0,0,0,0
Ford,Focus,137000,2016,Benzine,Automatic,1000,Sedan,585000.0,1,0,0,0,1,1,0,0,0,0,0,0,0,0,0,0,0,0,0,0,0
Skoda,Octavia,300000,1998,Benzine,Manual,2000,Sedan,260000.0,1,0,1,0,0,0,0,0,1,0,0,0,0,0,0,0,0,0,1,0,0
Opel,Crossland,66000,2021,Benzine,Automatic,1200,SUV,800000.0,1,0,0,0,0,0,0,0,0,0,0,0,0,0,0,0,0,0,0,0,0
Seat,Ibiza,200000,2010,Benzine,Automatic,1600,Hatchback,460000.0,1,0,0,0,0,0,0,0,0,0,0,0,0,0,0,0,0,0,0,0,0
Skoda,Felecia,125000,1995,Benzine,Manual,1300,Hatchback,125000.0,1,1,1,0,0,0,0,0,1,0,0,0,0,0,0,0,0,0,0,0,0
Opel,Corsa,140000,2005,Benzine,Manual,1600,Sedan,240000.0,0,0,0,0,1,0,0,0,0,0,0,0,0,0,0,0,0,0,0,0,0
Kia,Rio,265000,2003,Benzine,Manual,1300,Sedan,180000.0,0,1,1,0,0,0,0,0,0,0,0,0,0,0,0,0,0,1,0,0,0
Peugeot,2008,46000,2021,Benzine,Automatic,1200,SUV,875000.0,0,1,0,0,0,1,0,0,0,0,0,0,0,0,0,0,0,1,0,0,0
Subaru,Impreza,216000,2004,Benzine,Automatic,2500,Sedan,430000.0,1,0,0,0,0,0,0,0,0,0,0,0,1,0,0,0,0,1,0,0,0
Chevrolet,Aveo,92000,2018,Benzine,Automatic,1600,Sedan,460000.0,1,0,0,0,0,1,0,0,0,0,0,0,0,0,0,0,0,0,0,0,0
Toyota,Corolla,295000,1999,Benzine,Manual,1300,Sedan,275000.0,1,0,0,0,0,0,0,0,0,0,0,0,0,0,0,0,0,1,0,0,0
Nissan,Qashqai,45000,2019,Benzine,Automatic,1200,SUV,870000.0,0,0,0,0,0,0,0,0,0,0,0,0,0,0,0,0,0,0,0,0,0
Citroen,C Elysee,190000,2022,Benzine,Automatic,1600,Sedan,630000.0,1,0,0,0,0,1,0,0,0,0,0,0,0,0,0,0,0,0,0,0,0
Chevrolet,Lanos,156000,2009,Benzine,Manual,1500,Sedan,260000.0,0,0,0,0,0,0,0,0,0,0,0,0,0,0,0,0,0,0,0,0,0
Subaru,XV,140000,2018,Benzine,Automatic,1600,SUV,1050000.0,1,1,0,0,0,0,0,0,0,0,0,0,0,0,0,0,0,0,0,0,0
Kia,Spectra,200000,2004,Benzine,Automatic,1600,Sedan,240000.0,0,0,0,0,0,0,0,0,0,1,0,0,0,1,0,0,0,1,0,0,0
Hyundai,Elantra,80000,2015,Benzine,Automatic,1600,Sedan,775000.0,1,0,0,0,0,1,0,1,0,1,0,1,1,0,1,0,0,1,0,1,0
Hyundai,Getz,50000,2009,Benzine,Manual,1600,Hatchback,480000.0,0,0,0,0,0,0,0,0,0,0,0,0,0,0,0,0,0,1,0,0,1
Jac,Other,270000,2010,Benzine,Manual,1300,Sedan,280000.0,0,0,0,0,0,0,0,0,0,0,0,0,0,0,0,0,0,0,0,0,0
Daewoo,Lanos,403000,2005,Benzine,Manual,1500,Sedan,235000.0,1,0,1,0,0,0,0,0,0,0,0,0,0,0,0,0,0,0,0,0,0
Chevrolet,Optra,146000,2015,Benzine,Automatic,1600,Sedan,420000.0,1,0,0,0,1,0,0,1,0,0,0,0,0,0,0,0,0,0,0,0,0
Toyota,Corolla,413000,1999,Benzine,Manual,1300,Sedan,420000.0,1,0,1,0,1,0,0,0,0,0,0,0,0,0,0,0,0,1,0,0,0
Mercedes-Benz,C180,36000,2023,Benzine,Automatic,1500,Sedan,2550000.0,0,0,0,0,0,0,0,0,0,0,0,0,0,0,0,0,0,0,0,0,0
Mercedes-Benz,200,5000,1984,Benzine,Manual,2000,Sedan,250000.0,0,0,0,0,0,0,0,0,0,0,0,0,0,0,0,0,0,0,0,0,0
Cupra,Leon,10000,2025,Benzine,Automatic,1400,Hatchback,1685000.0,1,0,0,0,0,1,0,0,0,0,0,0,0,0,0,0,0,0,0,0,0
Proton,Gen-2,165000,2012,Benzine,Automatic,1600,Sedan,400000.0,1,0,1,0,0,0,0,0,0,0,0,0,0,0,0,0,0,1,0,0,0
Speranza,A113,72000,2013,Benzine,Manual,1300,Hatchback,270000.0,1,0,0,0,1,0,0,0,0,0,0,0,0,0,0,0,0,1,0,0,0
BMW,418,150000,2016,Benzine,Automatic,1500,Sedan,1250000.0,0,0,0,0,0,0,0,0,0,0,0,0,0,0,0,0,0,0,0,0,0
Mazda,3,240,2010,Benzine,Automatic,4500,Sedan,500000.0,1,0,1,0,0,0,0,0,0,0,0,0,0,0,0,1,0,0,0,0,0
Jeep,Grand Cherokee,110000,2003,Benzine,Automatic,2800,4X4,600000.0,0,0,0,0,0,0,0,0,0,0,0,0,0,0,0,0,0,0,0,0,0
Peugeot,405,450000,1996,Benzine,Manual,1600,Sedan,145000.0,0,0,0,0,0,0,0,0,0,0,0,0,0,1,0,0,0,1,0,0,0
Fiat,Punto,277000,2008,Benzine,Manual,1300,Hatchback,260000.0,1,0,1,0,0,0,0,0,0,0,0,0,0,0,0,0,0,0,0,0,0
Mitsubishi,Atrage,191000,2015,Benzine,Automatic,1300,Sedan,350000.0,0,0,0,0,0,0,0,0,0,0,0,0,0,0,0,0,0,0,0,0,0
Proton,Gen-2,300000,2012,Benzine,Automatic,1600,Sedan,390000.0,1,1,1,0,0,0,0,0,0,0,0,0,0,0,0,0,0,0,0,0,0
Geely,Emgrand 7,224000,2015,Benzine,Manual,1600,Sedan,300000.0,1,0,0,0,0,0,0,0,0,0,0,0,0,0,0,0,0,0,0,0,0
Opel,Insignia,120000,2018,Benzine,Automatic,1500,Sedan,875000.0,1,0,0,0,0,0,0,0,0,0,0,0,0,0,0,0,0,0,0,0,0
Chery,Envy,145000,2017,Benzine,Manual,1500,Sedan,280000.0,0,0,1,0,1,0,0,0,0,0,0,0,0,0,0,0,0,1,0,0,0
Kia,Cerato,55000,2019,Benzine,Automatic,1600,Sedan,1050000.0,1,1,0,0,0,1,0,0,0,0,0,0,0,0,0,0,0,0,0,0,0
Daihatsu,Sirion,115000,2009,Benzine,Automatic,1300,Hatchback,440000.0,0,0,1,0,0,0,0,0,0,0,0,0,0,0,0,0,0,0,0,0,0
Kia,Sportage,50000,2023,Benzine,Automatic,1600,Estate,1695000.0,0,0,0,0,0,0,0,0,0,0,0,0,0,0,0,0,0,1,0,0,0
BMW,X3,162000,2016,Benzine,Automatic,1995,SUV,1550000.0,1,0,0,0,0,0,0,0,0,0,0,0,0,0,0,0,0,0,0,0,0
Chery,Arrizo 5,107000,2022,Benzine,Automatic,1600,Sedan,520000.0,1,1,1,1,0,0,0,1,0,0,1,1,1,1,0,1,1,0,0,1,0
Nissan,Sunny,190000,1999,Benzine,Manual,1300,Sedan,220000.0,0,0,0,0,0,0,0,0,0,0,0,0,0,0,0,0,0,0,0,0,0
Chery,A15,141,2005,Benzine,Automatic,2000,Sedan,195000.0,1,0,1,0,0,0,0,0,1,0,1,0,0,0,0,1,1,0,1,0,0
Peugeot,508,170000,2013,Benzine,Automatic,1600,Sedan,600000.0,1,0,0,0,0,0,0,0,0,0,0,0,0,0,0,0,0,0,0,0,0
Suzuki,Van,300000,2014,Benzine,Manual,1000,Estate,290000.0,1,0,1,0,0,0,0,0,0,0,0,0,0,0,0,0,0,0,0,0,0
BYD,F3,200000,2016,Benzine,Manual,1500,Sedan,350000.0,1,0,1,0,0,0,0,0,0,0,0,0,0,0,0,0,0,0,0,0,0
Toyota,Yaris,148000,2009,Diesel,Automatic,1300,Sedan,450000.0,1,0,0,0,1,0,0,0,0,0,0,0,0,0,0,0,0,1,0,0,0
Opel,Astra,185000,2005,Benzine,Automatic,1600,Sedan,300000.0,0,0,1,0,0,0,0,0,0,0,0,0,0,0,0,0,0,0,0,0,0
Kia,Carens,69000,2010,Benzine,Automatic,1600,Hatchback,665000.0,1,0,0,0,0,0,0,0,0,0,0,0,0,0,0,0,0,0,0,0,0
BMW,523,410000,2010,Benzine,Automatic,2500,Sedan,950000.0,1,0,0,0,0,0,0,0,0,0,0,0,0,0,0,0,0,0,0,0,0
Kia,Rio,52000,2008,Benzine,Manual,1600,Sedan,400000.0,1,0,0,0,0,0,0,0,0,0,0,0,0,0,0,0,0,0,0,0,0
Peugeot,RCZ,90000,2015,Benzine,Automatic,1600,Sports / Coupe,1180000.0,1,0,0,0,0,0,0,0,0,1,0,0,0,0,0,0,0,0,0,0,0
Renault,Clio,174000,2002,Benzine,Manual,1200,Sedan,225000.0,1,0,0,0,0,0,0,0,0,0,0,0,0,0,0,0,0,0,0,0,0
Volkswagen,Polo,189000,2006,Benzine,Manual,1600,Sedan,305000.0,1,0,0,0,0,0,0,0,0,0,0,0,0,0,0,0,0,0,0,0,0
Mercedes-Benz,C180,120000,2013,Benzine,Automatic,1600,Sedan,1350000.0,1,1,0,0,0,1,0,0,0,0,0,0,0,0,0,0,0,0,0,0,0
Skoda,Octavia,20000,1999,Benzine,Automatic,2000,Sedan,400000.0,0,1,1,0,0,0,0,0,0,0,0,0,0,0,0,0,0,0,0,0,0
Renault,Kadjar,75000,2019,Benzine,Automatic,1200,Hatchback,850000.0,1,0,1,0,0,0,0,0,1,0,0,0,1,0,1,1,1,0,0,1,0
BYD,F3,209000,2018,Benzine,Manual,1600,Sedan,400000.0,1,0,0,0,0,0,0,0,0,0,0,0,0,0,0,0,0,0,0,0,0
BMW,330,240000,2016,Benzine,Automatic,3000,Sedan,1600000.0,1,0,0,0,0,1,0,0,0,0,0,0,0,0,0,0,0,0,0,0,0
Volkswagen,Pointer,80000,2006,Benzine,Manual,1400,Hatchback,158000.0,1,0,1,0,0,0,0,0,0,0,0,0,0,0,0,0,0,0,0,0,0
Audi,A3,65000,2022,Benzine,Automatic,1400,Sedan,1750000.0,0,0,0,0,0,0,0,0,0,0,0,0,0,0,0,0,0,0,0,0,0
Nissan,Sunny,220000,1998,Benzine,Manual,1500,Sedan,215000.0,1,0,1,0,0,0,0,0,0,0,0,0,0,0,0,0,0,0,0,0,0
Kia,Sephia,200000,1999,Benzine,Automatic,1500,Sedan,222000.0,0,0,1,0,0,0,0,0,1,0,0,0,0,1,0,0,0,1,0,0,0
Speranza,Tiggo,268000,2010,Benzine,Manual,1600,SUV,280000.0,1,0,0,0,1,0,0,0,0,0,0,0,0,0,0,0,0,0,0,0,0
Speranza,A113,270000,2008,Benzine,Manual,1300,Hatchback,200000.0,0,0,0,0,1,0,0,0,0,0,0,0,0,0,0,0,0,1,0,0,0
Proton,Gen-2,215000,2008,Benzine,Automatic,1600,Sedan,350000.0,1,1,1,0,0,0,0,0,0,0,0,0,0,0,0,1,0,0,0,0,0
Hyundai,Matrix,190000,2006,Benzine,Automatic,1600,Hatchback,395000.0,1,0,1,1,0,0,0,0,0,0,0,0,0,0,0,0,0,1,0,0,0
Renault,Logan MCV,293000,2013,Benzine,Automatic,1600,SUV,380000.0,0,0,1,0,0,0,1,0,1,0,0,0,0,0,0,0,0,1,0,1,0
Hyundai,Accent,50000,2006,Benzine,Manual,1300,Sedan,220000.0,0,0,0,0,1,0,0,0,0,0,0,0,0,0,0,0,0,0,0,0,0
Mercedes-Benz,C180,190000,2013,Benzine,Automatic,1600,Sedan,1250000.0,0,0,0,0,0,0,0,0,0,0,0,0,0,0,0,0,0,0,0,0,0
Chrysler,Pacifica,200000,2007,Benzine,Automatic,4000,SUV,695000.0,0,0,0,0,1,0,1,0,1,1,1,0,1,0,0,1,0,1,0,1,0
Daewoo,Nubira,370000,2006,Benzine,Manual,1600,Sedan,290000.0,1,1,1,0,0,0,0,0,0,0,0,0,0,0,0,0,0,1,0,0,0
Honda,City,223000,2016,Benzine,Automatic,1500,Sedan,680000.0,0,1,0,0,0,0,0,0,0,0,0,0,0,1,0,0,0,0,0,0,0
Chrysler,Voyager/Caravan,143000,1998,Benzine,Automatic,3300,MPV,290000.0,1,0,1,0,0,0,0,0,0,0,0,0,0,0,0,0,0,0,0,0,0
Chevrolet,Lanos,210000,2012,Benzine,Manual,1300,Sedan,285000.0,1,0,0,0,0,0,0,0,0,0,0,0,0,0,0,0,0,0,0,0,0
Peugeot,508,180000,2017,Benzine,Automatic,1600,Sedan,850000.0,0,0,0,0,0,0,0,0,0,0,0,0,0,0,0,0,0,0,0,0,0
Mercedes-Benz,CLA 180,130000,2020,Benzine,Automatic,1300,Sedan,1680000.0,1,0,0,0,1,1,0,0,0,0,0,0,0,0,0,0,0,1,0,0,0
BMW,X3,260000,2014,Benzine,Automatic,2000,4X4,1050000.0,1,0,0,0,0,0,0,0,1,0,1,0,0,0,0,0,0,0,0,0,0
MINI,Cooper,14500,2025,Benzine,Automatic,1500,Sports / Coupe,2200000.0,0,0,0,0,0,0,0,0,0,0,0,0,0,0,0,0,0,1,0,0,0
BMW,550,230,2009,Benzine,Automatic,4800,Sedan,850000.0,0,0,0,0,0,0,0,0,0,0,0,0,0,0,0,0,0,1,0,0,0
BMW,X4,103000,2017,Benzine,Automatic,3000,SUV,2100000.0,0,0,0,0,0,0,0,0,0,0,0,0,0,0,0,0,0,0,0,0,0
Fiat,Shahin,100000,2005,Benzine,Manual,1400,Sedan,135000.0,1,0,0,0,0,0,0,0,0,0,0,0,0,0,0,0,0,0,0,0,0
Skoda,Kodiaq,135000,2021,Benzine,Automatic,1400,SUV,1780000.0,1,1,1,0,1,1,0,0,1,1,1,1,0,0,1,1,0,1,0,1,0
Chevrolet,Optra,119000,2018,Benzine,Automatic,1600,Sedan,530000.0,1,0,0,0,0,0,0,1,0,0,0,0,0,0,0,0,0,0,0,0,0
Peugeot,3008,93000,2015,Benzine,Automatic,1600,SUV,670000.0,1,0,1,0,1,0,0,0,1,0,0,1,0,0,0,1,1,0,0,1,0
Jeep,Renegade,230000,2016,Benzine,Automatic,1400,4X4,780000.0,1,0,0,0,0,0,0,0,0,0,0,0,0,0,0,0,0,0,0,0,0
Skoda,Felecia,250000,1997,Benzine,Manual,1300,Hatchback,150000.0,1,0,0,0,0,0,0,0,0,0,0,0,0,0,0,0,0,0,0,0,0
BYD,F3,67000,2023,Benzine,Manual,1500,Sedan,515000.0,1,1,0,0,0,0,0,0,0,0,0,0,0,0,0,0,0,0,0,0,0
Hyundai,Tucson,7000,2023,Benzine,Automatic,1600,SUV,1850000.0,0,1,0,0,0,0,0,0,0,0,0,0,0,0,0,0,0,0,0,0,0
Hyundai,Verna,200000,2014,Benzine,Manual,1500,Sedan,300000.0,0,0,0,0,1,0,0,0,0,0,0,0,0,0,0,0,0,0,0,0,0
Chevrolet,Lanos,222000,2009,Benzine,Manual,1500,Sedan,250000.0,0,0,1,0,0,0,0,0,0,0,0,0,0,0,0,0,0,0,0,0,0
Daewoo,Lanos,125000,1999,Benzine,Manual,1500,Sedan,270000.0,1,0,0,0,0,0,0,0,0,1,0,0,0,0,0,0,0,0,0,0,0
Daihatsu,Terios,9999,1999,Benzine,Automatic,1300,SUV,300000.0,0,0,0,0,0,0,0,0,0,0,0,0,0,0,0,0,0,0,0,0,0
Fiat,Punto,255000,1998,Benzine,Manual,1300,Hatchback,160000.0,0,0,0,0,0,0,0,0,0,0,0,0,0,0,0,0,0,0,0,0,0
BYD,F3,140000,2021,Benzine,Manual,1600,Sedan,465000.0,1,1,0,0,0,0,0,0,0,0,0,0,0,0,0,0,0,0,0,0,0
Chevrolet,Optra,7000,2026,Benzine,Automatic,1500,Sedan,725000.0,0,1,0,0,0,0,0,0,0,0,0,0,0,0,0,0,0,0,0,0,0
Mercedes-Benz,CLA 200,7000,2024,Benzine,Automatic,1300,Sedan,2645000.0,0,0,0,0,0,0,0,0,0,1,0,0,1,0,0,0,0,1,0,0,0
BMW,316,190000,2015,Benzine,Automatic,1600,Sedan,980000.0,0,0,1,0,0,1,0,0,0,0,0,0,0,0,0,0,0,0,0,0,0
Daewoo,Nubira,171000,2005,Benzine,Manual,1600,Sedan,250000.0,1,0,0,0,0,0,0,0,0,0,0,0,0,0,0,0,0,1,0,0,0
Opel,Vectra,100000,1999,Benzine,Automatic,2000,Sedan,320000.0,1,0,0,0,0,0,0,0,0,0,0,0,0,0,0,0,0,0,0,0,0
Kia,Carnival,194000,2015,Benzine,Automatic,3300,MPV,990000.0,0,0,0,0,0,0,0,0,0,0,0,0,0,0,0,0,0,0,0,0,0
Renault,Logan,200000,2017,Benzine,Automatic,1600,Sedan,350000.0,0,0,0,0,0,0,0,0,0,0,0,0,0,0,0,0,0,0,0,0,0
MINI,Cooper,197000,2016,Benzine,Automatic,1600,Hatchback,800000.0,0,0,0,0,0,0,0,0,0,0,0,0,0,0,0,0,0,0,0,0,0
Renault,Megane,75000,2022,Benzine,Automatic,1600,Sedan,750000.0,0,0,0,0,0,1,0,0,0,0,0,0,0,0,0,0,0,0,0,0,0
Mitsubishi,Lancer,140000,2010,Benzine,Automatic,1300,Sedan,450000.0,1,0,0,0,0,0,0,0,0,0,0,0,0,0,0,0,0,0,0,0,0
Mercedes-Benz,C180,130000,2020,Benzine,Automatic,1500,Sedan,1900000.0,1,0,0,0,0,0,0,0,0,0,0,0,0,0,0,0,0,0,0,0,0
Chevrolet,N300,150000,2015,Benzine,Manual,1200,Van / Bus,250000.0,0,0,0,0,0,0,0,0,0,0,0,0,0,0,0,0,0,0,0,0,0
Ford,Focus,129000,2014,Benzine,Automatic,1600,Sedan,560000.0,0,1,1,0,0,0,0,0,1,0,1,0,0,1,0,0,0,1,0,0,0
Speranza,A516,200000,2010,Benzine,Automatic,1600,Sedan,200000.0,1,0,0,0,0,0,0,0,0,0,0,0,0,0,0,0,0,0,0,0,0
Skoda,Octavia,29000,2022,Benzine,Automatic,1400,Sedan,1650000.0,1,0,0,0,0,0,0,0,0,0,0,0,0,0,0,0,0,0,0,0,0
Chevrolet,Aveo,163000,2006,Benzine,Manual,1500,Sedan,280000.0,1,1,1,0,1,0,0,0,0,0,0,0,0,0,0,0,0,1,0,1,0
Mercedes-Benz,200,500000,1984,Benzine,Manual,2000,Sedan,250000.0,0,0,0,0,0,0,0,0,0,0,0,0,0,0,0,0,0,0,0,0,0
Kia,Xceed,4000,2024,Benzine,Automatic,1500,Hatchback,1450000.0,1,0,0,0,0,0,0,1,0,0,0,0,0,0,0,0,0,0,0,0,0
Brilliance,Galena,170000,2010,Benzine,Automatic,2000,Sedan,260000.0,0,0,0,0,0,0,0,0,0,0,0,0,0,0,0,0,0,0,0,0,0
Chevrolet,Lanos,300000,2016,Natural Gas,Manual,1500,Sedan,300000.0,0,1,1,0,0,0,0,0,0,0,0,0,0,0,0,0,0,0,0,0,0
Fiat,Uno,100000,1993,Benzine,Manual,1100,Hatchback,105000.0,1,0,0,0,0,0,0,0,0,0,0,0,0,0,0,0,0,0,0,1,0
Daewoo,Nubira,297000,1998,Benzine,Automatic,1600,Sedan,220000.0,0,1,1,0,0,0,0,0,0,0,0,0,0,0,0,0,0,0,0,0,0
Geely,Emgrand 7,250000,2017,Benzine,Manual,1500,Sedan,280000.0,0,0,0,0,0,0,0,0,0,0,0,0,0,0,0,0,0,0,0,0,0
Opel,Corsa,260000,1999,Benzine,Manual,1200,Hatchback,175000.0,1,0,1,0,0,0,0,0,0,0,0,0,0,0,0,0,0,0,0,0,0
BMW,320,210000,2015,Benzine,Automatic,2000,Sedan,1100000.0,0,0,0,0,0,0,0,0,0,0,0,0,0,0,0,0,0,0,0,0,0
Jeep,Wrangler,182000,2013,Benzine,Automatic,3600,4X4,1300000.0,0,0,0,0,0,0,0,0,0,0,0,0,0,0,0,0,0,0,0,0,0
Suzuki,Van,19999,2015,Benzine,Manual,1200,Van / Bus,260000.0,0,0,1,0,0,0,0,0,0,0,0,0,0,0,0,0,0,0,0,0,0
Volkswagen,Golf,20400,2004,Benzine,Automatic,1600,Hatchback,350000.0,1,0,1,0,0,0,0,0,0,0,0,0,0,0,0,0,0,0,0,0,0
Volkswagen,Caddy,139000,2020,Benzine,Automatic,1400,MPV,1100000.0,1,1,0,0,0,0,0,0,0,0,0,0,0,0,0,0,0,0,0,0,1
Toyota,Corolla,250000,2008,Benzine,Automatic,1600,Sedan,480000.0,1,0,1,0,0,0,0,0,0,1,0,0,1,0,0,1,1,0,0,0,0
Nissan,Sentra,75000,2023,Benzine,Automatic,1600,Sedan,750000.0,1,0,0,0,0,0,0,0,0,0,0,0,0,0,0,0,0,0,0,0,0
Ford,B-Max,154000,2014,Benzine,Automatic,1600,Hatchback,510000.0,1,1,0,0,1,0,0,0,0,0,0,0,1,0,0,1,0,1,1,0,0
Jetour,T2,12000,2025,Benzine,Automatic,1500,SUV,1700000.0,0,1,0,0,1,0,0,0,1,1,1,0,0,0,0,0,0,1,1,0,0
Chery,Arrizo 5,52000,2023,Benzine,Manual,1600,Sedan,550000.0,1,1,0,0,0,0,0,0,0,0,0,0,0,0,0,0,0,0,0,0,1
Hyundai,Getz,145000,2010,Benzine,Automatic,1600,Hatchback,410000.0,1,0,0,0,0,0,0,0,0,0,0,0,0,0,0,0,0,0,0,0,0
Renault,Megane,163000,2006,Benzine,Automatic,1600,Sedan,400000.0,0,0,0,0,0,0,0,1,0,0,0,0,0,0,0,0,0,1,0,0,0
Renault,Rainbow,240000,1999,Benzine,Manual,1300,Sedan,160000.0,0,1,0,0,0,0,0,0,0,0,0,0,0,0,0,0,0,0,0,0,0
Opel,Insignia,140000,2018,Benzine,Automatic,1500,Sedan,1100000.0,0,0,0,0,0,0,0,0,0,0,0,0,0,0,0,0,0,0,0,0,0
Skoda,Octavia,1900,1999,Benzine,Manual,1600,Sedan,345000.0,0,0,0,0,0,0,0,0,0,0,0,0,0,0,0,0,0,0,0,0,0
Chevrolet,Lanos,170000,2009,Benzine,Manual,1500,Estate,260000.0,1,1,1,0,0,0,0,0,0,0,0,0,0,0,0,0,0,1,0,0,0
Suzuki,Swift,50000,2022,Benzine,Automatic,1200,Hatchback,650000.0,1,1,1,0,0,0,0,0,0,0,0,0,0,0,0,0,0,0,0,0,0
BYD,F3,200000,2015,Benzine,Manual,1500,Sedan,270000.0,1,0,0,1,0,0,0,0,0,0,0,0,0,0,0,0,0,0,0,0,0
BYD,F3,250000,2015,Benzine,Manual,1600,Sedan,375000.0,1,1,1,0,0,0,0,0,1,0,0,0,0,0,0,0,0,0,0,0,1
Chevrolet,Aveo,330000,2006,Benzine,Manual,1600,Sedan,275000.0,1,0,0,0,0,0,0,0,0,0,0,0,0,0,0,0,0,0,0,0,0
Renault,Logan,41000,2016,Benzine,Automatic,1600,Sedan,460000.0,1,0,1,0,0,0,0,0,1,0,0,0,0,0,0,0,0,0,0,0,0
Hyundai,Accent,220000,2009,Benzine,Manual,1500,Sedan,350000.0,1,0,1,0,0,0,0,0,0,1,0,0,0,0,0,0,0,0,0,0,0
Peugeot,206,300000,2004,Benzine,Manual,1400,Hatchback,190000.0,0,0,1,0,0,0,0,0,0,0,0,0,0,0,0,0,0,0,0,0,0
Chevrolet,Aveo,210000,2013,Benzine,Automatic,1500,Sedan,420000.0,1,1,1,0,0,0,0,0,1,0,0,0,0,0,0,0,0,1,0,0,0
Peugeot,3008,165000,2015,Benzine,Automatic,1600,Estate,590000.0,1,0,1,0,0,0,0,0,1,1,0,1,0,0,0,0,0,1,0,0,0
Chery,Envy,151000,2018,Benzine,Manual,1500,Sedan,350000.0,0,0,1,0,0,0,0,0,1,0,0,0,0,0,0,0,0,0,0,0,0
Volkswagen,Tiguan,175000,2016,Benzine,Automatic,1400,SUV,1100000.0,0,1,0,0,0,0,0,0,0,0,0,0,0,0,0,0,0,0,0,0,0
Skoda,Fabia,225000,2009,Benzine,Manual,1500,Hatchback,400000.0,0,0,1,0,1,0,0,0,0,0,0,0,0,0,0,0,0,0,0,0,0
Peugeot,3008,180000,2022,Benzine,Automatic,1600,Hatchback,1375000.0,0,0,1,0,0,1,0,1,1,1,1,1,0,0,0,1,0,1,1,0,0
Jeep,Cherokee,200000,1995,Benzine,Manual,2000,4X4,250000.0,1,0,0,0,0,0,0,0,0,0,0,0,0,0,0,0,0,0,0,0,0
Lada,Granta,155000,2020,Benzine,Manual,1600,Sedan,300000.0,1,0,0,0,0,0,0,0,0,0,0,0,0,0,0,0,0,0,0,0,0
Daewoo,Lanos,500000,2005,Natural Gas,Manual,1500,Sedan,225000.0,1,0,0,0,0,0,0,0,0,0,0,0,0,0,0,0,0,0,0,1,0
Alfa Romeo,Giulia,150000,2015,Benzine,Automatic,2000,Hatchback,680000.0,0,0,0,0,0,0,0,0,0,0,0,0,0,0,0,0,0,1,0,0,0
Renault,Megane,333000,2006,Benzine,Automatic,1600,Sedan,280000.0,1,0,1,0,1,0,0,0,1,0,0,0,0,0,0,0,0,0,0,0,0
Mercedes-Benz,E240,260000,2004,Benzine,Automatic,2500,Sedan,800000.0,0,0,1,0,0,0,0,0,1,0,0,1,0,0,0,0,1,0,0,0,0
Mercedes-Benz,C180,133000,2009,Benzine,Automatic,1600,Sedan,1150000.0,0,0,0,0,1,0,0,0,0,0,0,0,0,0,0,0,0,0,0,0,0
Mazda,3,260000,2017,Benzine,Automatic,1600,Sedan,670000.0,1,0,0,0,1,0,0,0,0,0,0,0,0,0,0,0,0,0,0,0,0
Honda,Civic,132322,1991,Benzine,Automatic,1600,Sedan,245000.0,1,0,1,0,0,0,0,0,0,0,1,0,0,0,0,0,0,0,0,0,0
Fiat,500X,9000,2024,Benzine,Automatic,1400,Hatchback,890000.0,1,0,0,0,0,0,0,0,0,0,0,0,0,0,0,0,0,0,0,0,0
Chery,Envy,150000,2014,Benzine,Manual,1500,Sedan,320000.0,1,0,1,0,0,0,0,0,1,0,0,0,0,1,0,0,0,0,0,0,0
Renault,Fluence,134000,2015,Benzine,Automatic,1600,Sedan,520000.0,1,0,0,0,1,0,0,0,0,0,0,0,1,0,0,0,0,0,0,0,0
Ford,Fiesta,100000,2000,Benzine,Manual,1300,Hatchback,160000.0,0,0,0,0,0,0,0,0,0,0,0,0,0,0,0,0,0,0,0,0,0
Kia,Carens,285000,2011,Benzine,Automatic,1600,SUV,680000.0,1,0,1,0,0,0,0,0,1,0,1,0,0,0,0,1,0,0,1,0,0
Chery,Tiggo 4 Pro,23000,2025,Benzine,Automatic,1500,Hatchback,890000.0,1,0,0,0,0,0,0,1,0,1,0,0,0,0,0,0,0,0,0,1,0
Chevrolet,Cruze,367067,2010,Benzine,Automatic,1600,Sedan,380000.0,1,0,1,0,0,0,0,0,0,0,0,0,0,0,0,0,0,0,0,0,0
Hyundai,Verna,303000,2007,Benzine,Manual,1600,Sedan,270000.0,0,0,1,0,0,0,0,0,0,0,0,0,0,0,0,0,0,0,0,0,0
Hyundai,I10,120000,2010,Benzine,Manual,1100,Hatchback,310000.0,1,0,1,0,1,0,0,0,0,0,0,0,0,0,0,0,0,1,0,1,0
Geely,Pandido,218000,2015,Benzine,Manual,1300,Hatchback,230000.0,1,1,0,0,0,0,0,0,1,0,0,0,0,1,0,0,0,0,0,0,0
Peugeot,301,120000,2021,Benzine,Automatic,1600,Sedan,700000.0,0,0,0,0,0,0,0,0,0,0,0,0,0,0,0,0,0,0,0,0,0
Kia,Xceed,24000,2022,Benzine,Automatic,1600,Hatchback,1050000.0,1,0,0,0,0,0,0,0,0,0,0,0,0,0,0,0,0,0,0,0,0
Renault,Logan,140000,2010,Benzine,Manual,1600,Sedan,250000.0,0,0,0,0,0,0,0,0,0,0,0,0,0,0,0,0,0,1,0,0,0
Peugeot,307 SW,226406,2008,Benzine,Automatic,2000,Hatchback,410000.0,0,0,0,0,0,0,0,0,0,0,0,0,0,0,0,0,0,0,0,0,0
Mercedes-Benz,C180,50000,2020,Benzine,Automatic,1500,Sedan,2350000.0,1,0,1,0,0,0,0,0,0,0,0,0,0,0,0,0,0,1,0,0,0
Hyundai,Verna,275000,2007,Benzine,Manual,1600,Sedan,310000.0,1,0,1,0,0,0,0,0,0,0,0,0,0,0,0,0,0,0,0,0,0
Chevrolet,Optra,83000,2022,Benzine,Automatic,1500,Sedan,580000.0,0,0,1,0,0,0,0,0,0,0,0,0,0,0,0,0,0,0,0,1,0
Peugeot,206,320000,2006,Benzine,Manual,1400,Hatchback,230000.0,1,0,1,0,1,0,0,0,1,0,0,0,0,0,0,0,0,0,0,0,0
Audi,Q3,400,2025,Benzine,Automatic,1500,Hatchback,2500000.0,0,0,1,0,0,0,0,1,1,1,1,0,0,1,1,1,1,1,0,0,0
Opel,Astra,84000,2007,Benzine,Automatic,1800,Hatchback,400000.0,0,0,1,0,1,0,0,0,1,0,0,0,0,0,0,0,0,0,0,0,0
Suzuki,Grand Vitara,256000,1987,Benzine,Automatic,1600,4X4,280000.0,1,0,1,0,0,0,0,0,0,0,0,0,0,0,0,0,0,0,0,0,0
Kia,Cerato,180000,2017,Benzine,Automatic,1600,Sedan,800000.0,1,0,0,0,0,1,0,0,0,0,0,0,0,0,0,0,0,0,0,0,0
Chevrolet,Other,100000,1999,Benzine,Manual,1600,Pickup,470000.0,0,0,0,0,0,0,0,0,0,0,0,0,0,0,0,0,0,0,0,0,0
Daewoo,Nubira,165,1997,Benzine,Automatic,1600,Sedan,220000.0,1,0,1,0,0,0,0,0,0,0,0,0,0,0,0,0,0,1,0,0,0
Subaru,Impreza,105000,2012,Benzine,Automatic,1600,Sedan,570000.0,0,0,1,0,0,0,0,0,0,0,0,0,0,0,0,0,0,0,0,0,0
Toyota,Yaris,77000,2016,Benzine,Automatic,1300,Hatchback,600000.0,0,0,0,0,0,0,0,0,0,0,0,0,0,0,0,0,0,0,0,0,0
Opel,Astra,87000,2017,Benzine,Automatic,1600,Sedan,710000.0,1,0,0,0,0,0,0,0,0,0,0,0,0,0,0,0,0,0,0,0,0
Ford,Focus,148000,2022,Benzine,Automatic,1500,Sedan,800000.0,0,0,0,0,0,0,0,0,0,0,0,0,0,0,0,0,0,0,0,0,0
Daihatsu,Terios,174500,2007,Benzine,Automatic,1500,SUV,475000.0,0,1,0,1,0,0,0,0,0,0,0,0,0,0,0,1,1,1,1,0,0
Mercedes-Benz,C180,50000,2023,Benzine,Automatic,1500,Sedan,2675000.0,0,0,0,0,0,0,0,1,0,1,0,0,0,0,0,0,0,1,1,0,0
Kia,Ceed,172000,2017,Benzine,Automatic,1600,Hatchback,650000.0,1,0,0,0,0,0,0,0,0,0,0,0,0,0,0,0,1,0,0,0,0
Chevrolet,Cruze,233000,2010,Benzine,Automatic,1600,Sedan,450000.0,1,0,1,0,0,0,0,0,0,0,0,0,0,0,0,0,0,0,0,0,0
Opel,Vectra,210000,2008,Benzine,Automatic,1600,Sedan,380000.0,1,0,0,0,0,0,0,0,0,0,0,0,0,0,0,0,0,0,0,0,0
Mazda,Pickup,302460,1999,Diesel,Manual,2500,Pickup,180000.0,0,0,0,0,0,0,0,0,0,0,0,0,0,0,0,0,0,0,0,0,0
Chevrolet,Lanos,190,2011,Benzine,Manual,1500,Small city car,280000.0,1,0,0,0,0,0,0,0,0,0,0,0,0,0,0,0,0,0,0,0,0
Toyota,Echo,350,2000,Benzine,Manual,1300,Sedan,170000.0,0,1,1,0,0,0,0,0,1,0,0,1,0,0,0,0,0,1,0,0,0
Nissan,Sunny,80000,2023,Benzine,Automatic,1500,Sedan,665000.0,1,1,1,0,0,0,0,0,0,0,0,0,0,0,0,0,0,0,0,0,0
Hyundai,Santamo,200000,2001,Benzine,Automatic,1600,Estate,250000.0,0,0,0,0,0,0,0,0,0,0,0,0,0,0,0,0,0,0,0,0,0
Fiat,Uno,175419,1994,Benzine,Manual,1000,Small city car,105000.0,0,0,0,0,1,0,0,0,0,0,0,0,0,0,0,0,0,0,0,0,0
Opel,Astra,299000,2000,Benzine,Manual,1200,Sedan,210000.0,1,0,1,0,0,0,0,0,1,0,0,0,0,0,0,0,0,1,0,0,0
Hyundai,Verna,175000,2016,Benzine,Manual,1600,Sedan,460000.0,1,1,0,0,0,0,0,0,0,0,0,0,0,0,0,0,0,0,0,0,0
Renault,Sandero,93500,2016,Benzine,Automatic,1600,Hatchback,480000.0,1,1,0,0,0,0,0,0,0,0,0,0,0,0,0,1,1,0,0,0,0
Land Rover,Range Rover Vogue,130000,2010,Benzine,Automatic,5000,4X4,2050000.0,0,0,0,0,1,0,0,0,0,0,0,0,0,0,0,0,0,0,0,0,0
Renault,Logan,230000,2010,Benzine,Manual,1600,Sedan,245000.0,0,0,0,0,0,0,0,0,0,0,0,0,0,0,0,0,0,0,0,0,0
Nissan,Sunny,63000,2023,Benzine,Automatic,1600,Sedan,580000.0,1,1,0,0,0,1,0,0,0,0,0,0,0,0,0,0,0,0,0,0,0
Suzuki,Swift,300000,1997,Benzine,Manual,1300,Sedan,160000.0,0,0,0,0,0,0,0,0,0,0,0,0,0,0,0,0,0,0,0,0,0
Chevrolet,Trax,85000,2015,Benzine,Automatic,1500,SUV,680000.0,0,0,0,0,0,0,0,0,0,0,0,0,0,0,0,0,0,0,0,0,0
BMW,X1,95000,2019,Benzine,Automatic,2000,SUV,1500000.0,1,0,0,0,0,0,0,0,0,0,0,0,0,0,0,0,0,0,0,0,0
Brilliance,FRV Cross,103000,2013,Benzine,Automatic,1500,Hatchback,380000.0,1,0,0,0,0,0,0,0,0,0,0,0,0,0,0,0,0,0,0,0,0
Daewoo,Lanos,270000,2006,Benzine,Manual,1600,Sedan,240000.0,1,0,1,0,0,0,0,0,1,0,0,0,0,1,0,0,0,1,0,0,0
Mazda,3,155000,2018,Benzine,Automatic,1600,Sedan,670000.0,0,0,0,0,0,0,0,0,0,0,0,0,0,0,0,0,0,1,0,0,0
Renault,Clio,265000,2002,Benzine,Manual,1200,Sedan,165000.0,1,0,0,0,0,0,0,0,0,0,0,0,0,0,0,0,0,1,0,0,0
Mercedes-Benz,C180,100000,2016,Benzine,Automatic,1600,Sports / Coupe,1680000.0,0,0,1,0,0,0,0,0,0,0,0,0,0,0,0,0,0,0,0,0,0
Chevrolet,Lanos,450000,2011,Benzine,Manual,1500,Sedan,285000.0,1,0,0,0,0,0,0,0,0,0,0,0,0,0,0,0,0,0,0,0,0
Kia,Sorento,82000,2020,Benzine,Automatic,3500,SUV,1350000.0,1,0,0,0,0,0,0,0,0,0,0,0,0,0,0,0,0,0,1,0,0
Mitsubishi,Lancer,175000,2013,Benzine,Automatic,1300,Sedan,415000.0,0,0,1,0,0,0,0,0,0,0,0,0,0,0,0,0,0,0,0,0,0
Hyundai,Viva,160000,2008,Benzine,Manual,1500,Sedan,320000.0,1,0,1,0,0,0,0,0,1,0,0,0,0,0,0,0,0,1,0,0,0
Renault,Logan MCV,312000,2013,Benzine,Manual,1600,SUV,375000.0,0,0,0,0,1,0,0,0,0,0,0,0,0,0,0,0,0,0,0,0,0
Opel,Vectra,280000,2008,Benzine,Automatic,1600,Sedan,380000.0,0,0,0,0,0,0,0,1,0,0,0,0,0,0,0,0,0,0,0,0,0
Chevrolet,Optra,265000,2006,Benzine,Automatic,1600,Sedan,310000.0,1,0,1,0,0,0,0,0,1,0,0,0,0,0,0,0,0,0,0,0,0
Opel,Astra,184000,2018,Benzine,Automatic,1600,Sedan,640000.0,0,0,1,0,1,0,0,0,0,0,0,0,0,0,0,0,0,1,0,0,0
Daewoo,Lacetti,290000,2005,Benzine,Automatic,1600,Sedan,410000.0,1,0,0,0,0,0,0,0,0,0,0,0,0,0,0,1,0,0,0,1,0
Hyundai,Elantra,150000,2006,Benzine,Manual,1600,Sedan,390000.0,1,0,1,0,0,0,0,0,0,0,0,0,0,0,0,0,0,0,0,0,0
Kia,Cerato,48600,2022,Benzine,Automatic,1600,Sedan,1050000.0,1,0,0,0,0,0,0,0,0,0,0,0,0,0,0,0,0,0,0,0,0
Hyundai,Matrix,300000,2010,Benzine,Manual,1600,Hatchback,470000.0,1,0,0,0,0,0,0,0,0,0,0,0,0,0,0,0,0,1,0,0,0
Renault,Clio,200000,2003,Benzine,Manual,1200,Sedan,190000.0,0,0,1,0,0,0,0,0,0,0,0,0,0,0,0,0,0,0,0,0,0
Opel,Vectra,100000,1995,Benzine,Automatic,2000,Sedan,170000.0,1,0,0,0,0,0,0,0,0,0,0,0,0,0,0,0,0,0,0,0,0
Speranza,A113,120000,2010,Benzine,Manual,1300,Hatchback,189000.0,1,0,0,0,1,0,0,0,0,0,0,0,0,0,0,0,0,0,0,0,0
MG,MG 5,135000,2021,Benzine,Automatic,1500,Sedan,690000.0,1,0,0,0,0,0,0,0,0,0,0,0,0,0,0,0,0,0,0,0,0
Daewoo,Nubira,200,2007,Benzine,Automatic,1600,Sedan,270000.0,0,1,1,0,0,0,0,0,1,0,0,0,0,0,0,0,0,1,0,0,0
Toyota,Corolla,25000,2021,Benzine,Automatic,1600,Sedan,990000.0,1,1,0,0,1,0,0,0,0,0,0,0,0,0,0,0,0,0,1,0,0
Citroen,C-Elysée,200000,2021,Benzine,Automatic,1600,Sedan,520000.0,1,0,0,0,0,0,0,0,0,0,0,0,0,0,0,0,0,0,0,0,0
Hyundai,Atos,154000,2010,Benzine,Manual,1100,Hatchback,270000.0,0,0,0,0,0,0,0,0,0,0,0,0,0,0,0,0,0,0,0,0,0
Peugeot,405,230000,1995,Benzine,Manual,1600,Sedan,170000.0,0,0,1,0,0,0,0,0,0,0,0,0,0,0,0,0,0,0,0,0,0
Toyota,Corolla,220000,2010,Benzine,Automatic,1600,Sedan,580000.0,0,0,0,1,0,0,1,0,0,0,0,0,0,0,0,0,0,0,0,1,0
Seat,Ibiza,42000,2021,Benzine,Automatic,1598,Hatchback,550000.0,1,0,0,0,0,0,0,0,0,0,0,0,0,0,0,0,0,0,0,0,0
Renault,Austral,30000,2024,Benzine,Automatic,1300,SUV,1700000.0,1,0,0,0,0,0,0,0,0,0,0,0,0,0,0,0,0,0,0,0,0
Chevrolet,Aveo,350000,2009,Benzine,Manual,1600,Hatchback,295000.0,1,0,0,0,0,0,0,0,0,0,0,0,0,0,0,0,0,0,0,0,0
Chevrolet,Aveo,218000,2012,Benzine,Automatic,1500,Sedan,400000.0,1,0,0,0,0,0,0,0,0,0,0,0,0,0,0,0,0,0,0,0,0
Kia,Spectra,201000,2002,Benzine,Automatic,1500,Sedan,320000.0,1,0,0,0,0,0,0,0,0,0,0,0,0,0,0,0,0,0,0,0,0
Chevrolet,Aveo,220000,2014,Benzine,Manual,1500,Sedan,330000.0,0,0,0,0,0,0,0,0,0,0,0,0,0,0,0,0,0,0,0,0,0
Peugeot,405,500000,1989,Benzine,Manual,1600,Sedan,150000.0,0,0,1,0,0,0,0,0,0,0,0,0,0,0,0,0,0,0,0,0,0
BMW,118,48000,2021,Benzine,Automatic,1500,SUV,1500000.0,0,0,0,0,0,0,0,0,0,0,0,0,0,0,0,0,0,0,0,0,0
Honda,City,190000,2016,Benzine,Automatic,1600,Sedan,550000.0,1,0,1,0,0,0,0,0,0,0,0,0,0,0,0,0,0,0,0,0,0
Renault,Fluence,155000,2016,Benzine,Automatic,1600,Sedan,540000.0,1,0,1,0,0,0,0,0,0,0,0,0,0,0,0,0,0,0,0,0,0
Volkswagen,Bora,250000,2000,Benzine,Automatic,1600,Sedan,370000.0,1,0,0,0,0,0,0,0,0,1,0,0,0,0,0,0,0,0,0,1,0
Hyundai,Santamo,127000,2001,Natural Gas,Manual,2000,Hatchback,240000.0,1,0,0,0,0,0,0,0,0,0,0,0,0,0,0,0,0,0,0,0,0
Chevrolet,Optra,151000,2007,Diesel,Manual,1600,Sedan,350000.0,1,0,0,0,0,0,0,0,0,0,0,0,0,0,0,0,0,0,0,0,0
Opel,Insignia,129000,2016,Benzine,Automatic,1600,Sedan,780000.0,0,1,0,0,0,0,0,0,0,0,0,0,0,0,0,0,0,0,0,0,0
Honda,Civic,265000,2010,Benzine,Automatic,1600,Sedan,560000.0,0,1,1,0,0,0,0,0,0,0,0,0,0,0,0,0,0,0,0,0,0
Mercedes-Benz,GLA 200,94000,2020,Benzine,Automatic,1600,SUV,1800000.0,0,1,0,0,0,0,0,0,0,0,0,0,0,0,0,0,0,1,0,0,0
Honda,Civic,188000,2009,Benzine,Automatic,1600,Sedan,615000.0,0,1,0,0,0,0,0,1,0,0,0,0,1,0,0,0,0,0,0,0,1
Alfa Romeo,Giulia,59171,2021,Benzine,Automatic,2000,Sedan,1650000.0,0,0,0,0,0,0,0,0,0,0,0,0,0,0,0,0,0,0,0,1,0
Fiat,Tipo,65000,2022,Benzine,Automatic,1600,Sedan,800000.0,1,0,0,0,0,0,0,0,0,0,0,0,0,0,0,0,0,0,0,0,0
Ssang Yong,Tivoli,45000,2017,Benzine,Automatic,1600,SUV,760000.0,1,0,0,0,0,1,0,0,0,0,0,0,0,0,0,0,0,0,0,0,0
Speranza,A516,200000,2010,Benzine,Manual,1600,Sedan,210000.0,1,0,1,0,0,0,0,0,0,0,0,0,0,0,0,0,0,0,0,0,0
Mitsubishi,Lancer,80000,2017,Benzine,Automatic,1600,Sedan,850000.0,0,0,0,0,0,0,0,0,0,0,0,0,0,0,0,0,0,1,0,0,0
Hyundai,IX20,155000,2012,Benzine,Automatic,1600,Hatchback,450000.0,0,0,0,0,0,0,0,0,0,0,0,0,0,0,0,0,0,0,0,0,0
Proton,Gen-2,275000,2014,Benzine,Automatic,1600,Sedan,410000.0,1,1,1,0,0,1,0,0,1,1,1,0,0,0,0,0,0,0,0,0,0
Kia,Pride,190000,2000,Benzine,Automatic,1300,Sedan,160000.0,1,0,0,0,0,0,0,0,0,1,0,1,0,0,0,0,0,0,0,0,0
Proton,Saga,108000,2021,Benzine,Automatic,1300,Sedan,450000.0,0,0,0,0,0,0,0,0,0,0,0,0,0,0,0,0,0,0,0,0,0
Peugeot,301,170000,2019,Benzine,Automatic,1600,Sedan,480000.0,1,0,1,1,0,0,0,0,0,0,0,0,0,0,0,0,0,1,0,0,0
Mercedes-Benz,C180,113000,2019,Benzine,Automatic,1600,Sedan,2000000.0,0,0,0,0,0,0,0,0,0,0,0,0,0,0,0,0,0,0,0,0,1
Volkswagen,Tiguan,6000,2024,Benzine,Automatic,1400,SUV,2270000.0,0,1,0,0,0,0,0,0,0,0,0,0,0,0,0,0,0,0,0,0,0
BMW,X3,240,2015,Benzine,Automatic,3000,4X4,1270000.0,1,0,0,0,0,0,0,0,0,0,0,0,0,0,0,0,0,0,0,0,0
Kia,Cerato,123000,2022,Benzine,Automatic,1600,Sedan,985000.0,0,0,0,0,1,0,0,0,0,0,0,0,0,0,0,0,0,0,0,0,0
Fiat,Uno,200000,1993,Benzine,Manual,1300,Hatchback,130000.0,1,0,0,0,0,0,0,0,0,0,0,0,0,0,0,0,0,0,0,1,0
Hyundai,Excel,2,1996,Benzine,Manual,1500,Sedan,150000.0,1,0,1,0,0,0,0,0,1,0,0,0,0,0,0,0,0,1,0,0,0
Volkswagen,Passat,195000,2010,Hybrid,Automatic,1400,Hatchback,620000.0,1,0,0,0,1,0,0,0,1,0,1,0,0,0,0,0,1,0,0,0,0
Kia,Rio,50000,2013,Benzine,Automatic,1400,Hatchback,700000.0,1,0,0,0,0,0,0,0,0,0,0,0,0,0,0,0,0,0,0,0,0
Hyundai,Tucson,100000,2019,Benzine,Automatic,1600,SUV,1180000.0,1,0,0,0,0,0,0,0,0,0,0,0,0,0,0,0,0,0,0,0,0
Ford,Fusion,90000,2019,Benzine,Automatic,1500,Sedan,1000000.0,1,0,0,1,0,0,0,0,0,0,0,0,0,0,0,0,0,0,0,0,0
Kia,Sportage,90000,2019,Benzine,Automatic,1600,4X4,1320000.0,1,1,0,0,0,0,0,0,0,0,0,0,0,0,0,0,0,0,0,0,0
Opel,Astra,185000,2017,Benzine,Automatic,1600,Sedan,600000.0,0,0,0,0,1,0,0,0,0,0,0,0,0,0,0,0,0,0,0,1,0
Hyundai,Verna,295000,2016,Benzine,Manual,1600,Sedan,350000.0,1,0,1,0,0,0,0,0,0,0,0,0,0,0,0,0,0,0,0,0,0
Toyota,Corolla,256000,2000,Benzine,Manual,1300,Sedan,315000.0,1,0,1,0,0,0,0,0,0,0,0,0,0,0,0,0,0,0,0,0,0
BMW,X3,175000,2018,Benzine,Automatic,2000,SUV,1550000.0,1,0,0,0,1,0,0,0,0,0,0,0,0,0,0,0,0,0,0,0,0
Kia,Cerato,125000,2009,Benzine,Automatic,1600,Sedan,430000.0,0,0,1,0,0,0,0,0,0,0,0,0,0,0,0,0,0,1,0,0,0
Citroen,Berlingo,107000,2011,Benzine,Manual,1600,Hatchback,300000.0,1,0,0,1,0,0,0,0,0,0,0,0,0,0,0,0,0,1,0,0,0
Opel,Corsa,470000,2005,Benzine,Manual,1600,Sedan,230000.0,1,0,1,0,0,0,0,0,0,0,0,0,0,0,0,0,0,0,0,0,0
Lada,Granta,51000,2022,Benzine,Automatic,1600,Sedan,460000.0,1,0,0,0,1,0,0,0,0,0,0,0,0,0,0,0,0,0,0,0,0
Citroen,C4,245000,2006,Benzine,Automatic,1600,Hatchback,320000.0,1,0,1,0,0,0,0,0,0,1,0,1,0,0,0,0,0,0,1,0,0
Fiat,Punto,336000,1995,Benzine,Manual,1300,Hatchback,140000.0,1,0,1,0,0,0,0,0,0,0,0,0,0,0,0,0,0,0,0,0,0
Hyundai,Matrix,130000,2007,Benzine,Automatic,1600,Estate,430000.0,0,0,0,0,0,0,0,0,0,0,0,0,0,0,0,0,0,0,0,0,0
Chery,Arrizo 5,6500,2025,Benzine,Automatic,1500,Sedan,750000.0,0,1,0,0,0,0,0,0,0,0,0,0,0,0,0,0,0,0,0,0,0
Daewoo,Lanos,217562,2000,Benzine,Automatic,1500,Sedan,250000.0,0,0,0,0,0,0,0,0,0,0,0,0,0,0,0,0,0,0,0,0,0
Skoda,Felecia,123330,1995,Benzine,Manual,1300,Hatchback,130000.0,1,0,0,0,0,0,0,0,0,0,0,0,0,0,0,0,0,1,0,0,0
Brilliance,FRV,185000,2009,Benzine,Manual,1600,Hatchback,260000.0,1,0,0,0,0,0,0,0,0,0,0,0,0,0,0,0,0,1,0,0,0
Daewoo,Nubira,350000,1998,Benzine,Automatic,1500,Sedan,200000.0,1,0,0,0,0,0,0,0,0,0,0,0,0,0,0,0,0,0,0,0,0
Nissan,Sunny,120000,1994,Benzine,Manual,1600,Sedan,135000.0,0,1,0,0,0,0,0,0,0,0,0,0,0,0,0,0,0,0,0,1,0
BMW,316,202000,2010,Benzine,Automatic,1600,Sedan,590000.0,0,1,0,0,0,0,0,0,0,0,0,0,0,0,0,0,0,0,0,0,0
Hyundai,Matrix,115000,2007,Benzine,Manual,1600,Hatchback,420000.0,1,1,1,0,1,0,0,0,1,0,0,0,0,0,0,0,0,1,0,0,1
Peugeot,301,218000,2021,Benzine,Automatic,1600,Sedan,520000.0,1,0,1,0,0,0,0,0,0,0,0,0,0,0,0,0,0,0,0,0,0
Daewoo,Lanos,100000,2006,Benzine,Manual,1500,Sedan,340000.0,1,0,0,0,0,0,0,0,0,0,0,0,0,0,0,0,0,0,0,0,0
Chevrolet,Lanos,183000,2012,Benzine,Manual,1600,Sedan,300000.0,1,0,1,0,0,0,0,0,0,0,0,0,0,0,0,0,0,0,0,0,0
BMW,X3,155000,2017,Benzine,Automatic,3000,SUV,1690000.0,0,0,0,0,1,0,0,1,0,1,1,0,1,0,1,0,0,1,0,0,0
Hyundai,Santamo,170000,2001,Benzine,Automatic,2000,Estate,400000.0,1,0,1,0,0,0,0,0,0,0,0,0,0,0,0,0,0,0,0,0,0
Chevrolet,Cruze,160000,2010,Benzine,Automatic,1600,Sedan,440000.0,1,0,0,0,0,0,0,0,0,0,0,0,0,0,0,0,0,0,0,0,0
Honda,Civic,215000,2008,Benzine,Automatic,1600,Sedan,565000.0,0,1,0,0,0,0,0,0,0,0,0,0,0,0,0,0,0,0,0,0,0
Subaru,XV,184000,2016,Benzine,Automatic,1600,Hatchback,790000.0,1,0,0,1,1,1,0,1,1,1,0,1,1,0,1,1,1,1,1,1,0
BYD,F3,22000,2025,Benzine,Automatic,1500,Sedan,715000.0,0,0,0,0,0,0,0,0,0,0,0,0,0,0,0,0,0,0,0,0,0
Renault,Logan,137600,2018,Benzine,Automatic,1600,Sedan,460000.0,1,1,0,0,0,0,0,0,0,0,0,0,0,0,0,0,0,0,0,0,0
Subaru,XV,120000,2019,Benzine,Automatic,1600,SUV,1100000.0,0,0,0,0,0,0,0,1,0,0,0,0,0,0,0,0,0,0,0,1,0
Hyundai,Accent,309000,2005,Benzine,Manual,1300,Sedan,250000.0,0,0,0,0,0,0,0,0,0,0,0,0,0,0,0,0,0,0,0,0,0
Kia,Sportage,89000,2017,Benzine,Automatic,1600,Hatchback,1100000.0,0,0,0,0,0,0,0,0,0,0,0,0,0,0,0,0,0,0,0,0,0
Skoda,Fantasia,121000,2010,Benzine,Automatic,1600,Sedan,650000.0,0,0,0,0,0,0,0,0,0,0,0,0,0,0,0,0,0,0,0,0,0
Fiat,131,100000,1981,Benzine,Manual,1300,Sedan,100000.0,0,0,1,0,0,0,0,0,0,0,0,0,0,0,0,0,0,0,0,0,0
Toyota,Rush,110,2021,Benzine,Automatic,1600,MPV,880000.0,1,0,1,0,1,0,0,0,0,0,0,0,0,0,0,0,0,0,0,0,0
Hyundai,Verna,181000,2013,Benzine,Manual,1600,Sedan,420000.0,1,0,1,0,0,0,0,0,0,1,0,1,0,0,0,0,0,0,0,0,0
BMW,318,290000,1993,Benzine,Manual,1800,Sedan,280000.0,0,0,1,0,0,0,0,0,0,0,0,0,0,0,0,0,0,0,0,0,0
Mercedes-Benz,C180,135000,2020,Benzine,Automatic,1500,Sedan,1890000.0,1,1,0,1,0,0,0,0,0,0,0,0,0,0,0,0,0,1,0,0,0
Hyundai,Grand I10,52400,2020,Benzine,Automatic,1200,Hatchback,730000.0,1,0,0,0,0,0,0,0,0,0,0,0,0,0,0,0,0,0,0,0,0
Fiat,Tipo,150000,2020,Benzine,Manual,1400,Sedan,550000.0,1,0,0,0,0,0,0,0,0,0,0,0,0,0,0,0,0,0,0,0,0
Volkswagen,Tiguan,95000,2021,Benzine,Automatic,1400,SUV,1680000.0,1,0,0,0,0,1,0,0,0,0,0,0,0,0,0,0,0,0,0,0,0
Kia,Soul,75000,2014,Benzine,Automatic,1600,Hatchback,775000.0,1,0,0,0,0,0,0,0,0,0,0,0,1,0,0,0,0,0,0,0,0
Speranza,A620,152000,2011,Benzine,Automatic,2000,Sedan,350000.0,1,0,1,0,0,0,0,0,0,1,0,0,0,0,0,0,0,0,0,0,0
Volkswagen,Polo,200000,1995,Benzine,Manual,1300,Hatchback,170000.0,0,1,0,0,0,0,0,0,0,0,0,0,0,0,0,0,0,1,0,0,0
Brilliance,FRV,255000,2009,Benzine,Manual,1600,Hatchback,245000.0,0,0,0,0,0,0,0,0,0,0,0,0,0,0,0,0,0,0,0,0,0
Skoda,Felecia,16000,1997,Benzine,Manual,1300,Hatchback,125000.0,1,0,0,0,1,0,0,0,0,0,0,0,0,0,0,0,0,1,0,0,0
Ford,Fusion,55000,2020,Benzine,Automatic,1500,Sedan,1250000.0,1,1,0,0,0,0,0,0,0,0,0,0,0,0,0,0,0,0,0,0,0
Fiat,Shahin,200000,2007,Benzine,Manual,1400,Sedan,135000.0,1,1,1,0,0,0,0,0,0,0,0,0,0,0,0,0,0,0,0,0,0
Opel,Astra,130000,2020,Benzine,Automatic,1400,Sedan,650000.0,0,0,1,0,0,0,0,0,0,0,0,0,0,0,0,0,0,0,0,0,0
Daewoo,Nubira,300000,2005,Benzine,Manual,1600,Sedan,260000.0,1,0,1,0,0,0,0,0,0,0,0,0,0,1,0,0,0,0,0,0,0
Renault,Clio,148000,2003,Benzine,Manual,1200,Sedan,235000.0,1,1,1,0,0,0,0,0,1,0,0,0,0,0,0,0,0,0,0,0,0
Geely,Emgrand 7,187000,2014,Natural Gas,Manual,1500,Sedan,330000.0,1,0,1,0,0,0,0,0,1,0,0,0,0,0,0,0,0,0,0,0,0
Suzuki,S-Presso,90000,2022,Benzine,Manual,1000,Hatchback,440000.0,1,1,1,0,0,0,0,0,0,0,0,0,0,0,0,1,1,0,1,1,0
Renault,Logan,150000,2018,Benzine,Automatic,1600,Sedan,450000.0,1,0,1,0,0,0,0,0,0,0,0,0,0,0,0,1,1,0,0,0,0
Hyundai,Verna,145000,2007,Benzine,Automatic,1600,Sedan,350000.0,0,0,0,0,1,0,0,0,0,0,0,0,0,0,0,0,0,0,0,0,0
Mercedes-Benz,E200,220000,2000,Benzine,Automatic,2000,Sedan,800000.0,1,0,1,0,0,0,0,0,0,0,0,0,0,0,0,0,0,0,0,0,0
Renault,Logan,260000,2011,Benzine,Manual,1500,Sedan,285000.0,0,0,1,0,0,0,0,0,0,0,0,0,0,0,0,1,0,1,0,0,0
Nissan,Sunny,30000,2024,Benzine,Automatic,1600,Sedan,639000.0,0,0,0,0,0,0,0,0,0,0,0,0,0,0,0,0,0,0,0,0,0
Kia,Carnival,177500,2016,Benzine,Automatic,3300,MPV,1490000.0,1,0,1,0,0,0,0,0,0,0,0,0,0,0,0,0,0,1,0,0,0
Chevrolet,Aveo,170000,2013,Benzine,Automatic,1500,Sedan,370000.0,0,0,1,0,0,0,0,0,0,0,0,0,0,0,0,0,0,0,0,0,0
Opel,Insignia,120000,2017,Benzine,Automatic,1500,Sedan,800000.0,1,0,0,0,0,0,0,0,0,0,0,0,0,0,0,0,0,0,0,0,0
Daewoo,Nubira,380000,2001,Benzine,Automatic,1500,Sedan,230000.0,1,0,1,0,0,0,0,0,0,0,0,0,0,0,0,0,0,0,0,0,0
Hyundai,I30,106000,2009,Benzine,Automatic,1600,Hatchback,450000.0,1,0,0,0,0,0,0,0,0,0,1,1,0,0,0,0,0,0,0,0,0
Toyota,Corolla,35000,2021,Benzine,Automatic,1600,Sedan,1130000.0,1,1,0,0,0,0,0,0,0,0,0,0,0,0,0,0,0,0,0,0,0
Jaguar,XE,85000,2020,Benzine,Automatic,2000,Sedan,1850000.0,0,0,0,0,0,0,0,0,0,1,0,0,1,0,0,0,0,1,0,0,0
MG,MG 7,28000,2025,Benzine,Automatic,1500,Sedan,1390000.0,1,0,0,0,0,0,0,0,0,0,0,0,0,0,0,0,0,1,0,0,0
Peugeot,308,125000,2011,Benzine,Automatic,1600,Convertible,730000.0,1,0,0,0,1,0,0,1,1,0,0,0,0,0,0,0,0,0,0,0,0
Volvo,XC90,185000,2019,Benzine,Automatic,2000,SUV,2500000.0,0,0,0,0,0,1,0,0,0,0,0,0,0,0,0,0,0,1,0,0,0
Toyota,Corolla,159000,2010,Benzine,Automatic,1600,Sedan,675000.0,0,0,0,0,0,0,0,0,0,0,1,1,0,0,0,1,0,1,1,0,0
Nissan,Qashqai,83000,2020,Benzine,Automatic,1200,SUV,875000.0,0,1,0,0,0,0,0,0,0,0,0,0,0,0,0,0,0,0,0,0,0
Nissan,Sunny,135000,2018,Benzine,Automatic,1600,Sedan,520000.0,0,0,0,0,0,0,0,0,0,0,0,0,0,0,0,0,0,0,0,0,0
Mercedes-Benz,E240,414000,2004,Benzine,Automatic,2600,Sedan,740000.0,1,0,1,0,1,0,1,0,0,0,0,0,0,0,0,0,0,0,0,0,0
Mercedes-Benz,190,185000,1983,Benzine,Manual,1900,Sedan,295000.0,0,0,0,0,0,0,0,0,0,0,0,0,0,0,0,0,0,0,0,0,0
Fiat,Tipo,77000,2021,Benzine,Automatic,1600,Sedan,790000.0,1,1,0,0,0,0,0,0,1,0,1,1,0,0,0,1,1,1,0,0,0
Volkswagen,Pointer,170000,2006,Benzine,Manual,1600,Hatchback,165000.0,0,0,0,0,0,0,0,0,0,0,0,0,0,0,0,0,0,0,0,0,0
Geely,Pandido,45000,2014,Benzine,Manual,1400,Hatchback,225000.0,1,1,0,0,0,0,0,0,0,0,0,0,0,0,0,0,0,0,0,0,0
Brilliance,Galena,260783,2007,Benzine,Automatic,2000,Sedan,300000.0,0,0,0,0,0,0,0,0,0,0,0,0,0,0,0,0,0,0,0,0,0
BMW,X3,68000,2018,Benzine,Automatic,2000,4X4,1800000.0,1,1,1,0,0,0,0,0,0,0,0,0,0,0,0,0,0,0,0,1,0
Jeep,Liberty,250000,2007,Benzine,Automatic,3700,4X4,650000.0,0,0,0,0,0,0,0,0,0,0,0,0,0,0,0,0,0,0,0,0,0
Daewoo,Lanos,10000,2006,Benzine,Manual,1500,Sedan,180000.0,0,0,1,0,0,0,0,0,0,0,0,0,0,0,0,0,0,0,0,0,0
Volkswagen,Polo,300000,2001,Benzine,Manual,1400,Hatchback,230000.0,1,0,1,1,0,0,0,0,0,0,0,0,0,0,0,0,0,1,0,0,0
Lada,2110,220000,2006,Hybrid,Manual,1600,Sedan,110000.0,0,0,0,0,0,0,0,0,0,0,0,0,0,0,0,0,0,0,0,0,0
Peugeot,508,83000,2022,Benzine,Automatic,1600,Sedan,1330000.0,0,1,0,0,0,0,0,0,0,0,0,0,0,0,0,0,0,0,0,0,1
Mercedes-Benz,CLA 200,62000,2022,Benzine,Automatic,1400,Sedan,2100000.0,0,0,0,0,0,0,0,0,0,0,0,0,0,0,0,0,0,1,0,0,0
Skoda,Octavia,75000,2024,Benzine,Automatic,1400,Sedan,1450000.0,1,1,0,0,0,1,0,0,0,0,0,0,0,0,0,0,0,0,0,0,0
Speranza,A113,140000,2013,Benzine,Manual,1300,Hatchback,260000.0,0,0,1,0,0,0,0,0,1,0,0,0,0,0,0,1,0,0,0,0,0
Fiat,Tempra,170000,1997,Benzine,Manual,1600,Sedan,140000.0,0,0,0,0,0,0,0,0,0,0,0,0,0,0,0,0,0,0,0,0,0
Volkswagen,Polo,20700,1995,Benzine,Manual,1300,Hatchback,200000.0,0,0,0,0,0,0,0,0,0,0,0,0,0,0,0,0,0,1,0,0,0
Volkswagen,Tiguan,80000,2020,Benzine,Automatic,1400,SUV,1650000.0,0,0,1,0,1,0,0,0,1,0,0,0,0,0,0,0,0,0,0,0,0
Volkswagen,Golf,200000,1989,Benzine,Manual,1600,Hatchback,150000.0,0,0,0,0,0,0,0,0,0,0,0,0,0,0,0,0,0,0,0,0,0
Mercedes-Benz,E250,140000,2010,Benzine,Automatic,1800,Sedan,1290000.0,1,0,0,0,0,0,0,0,0,0,0,0,0,0,0,0,0,0,0,0,0
Opel,Corsa,206000,1998,Benzine,Manual,1000,Hatchback,185000.0,1,0,0,0,0,0,0,0,0,0,0,0,0,0,0,0,0,0,0,0,0
Renault,Sandero,13500,2021,Benzine,Automatic,1600,Hatchback,680000.0,1,0,1,0,0,0,0,0,1,0,0,0,0,0,0,0,1,0,0,0,0
MG,ZS,20000,2024,Benzine,Automatic,1500,SUV,880000.0,0,1,1,0,1,0,0,0,0,0,0,0,0,0,0,0,0,1,0,0,0
Kia,Rio,300000,2010,Benzine,Automatic,1600,Sedan,420000.0,0,0,1,0,0,0,0,0,0,0,0,0,0,0,0,0,0,0,0,0,0
Chrysler,Town and Country,141000,2012,Benzine,Automatic,3600,Van / Bus,1500000.0,0,1,0,0,0,0,0,0,0,1,0,0,0,0,0,0,0,0,0,0,0
Peugeot,3008,110000,2015,Benzine,Automatic,1600,SUV,620000.0,1,1,0,0,1,0,0,0,0,0,0,0,0,0,0,0,0,0,0,0,1
Kia,Sephia,230000,2001,Benzine,Manual,1500,Sedan,230000.0,1,0,0,0,0,0,0,0,0,0,0,0,0,0,0,0,0,0,0,0,0
Hyundai,Elantra,180000,2007,Benzine,Automatic,1600,Sedan,525000.0,1,0,1,0,0,0,0,0,0,0,0,0,0,0,0,0,0,0,0,0,0
Chevrolet,Optra,250000,2009,Benzine,Automatic,1600,Sedan,435000.0,1,0,0,0,0,0,0,0,0,0,0,0,0,0,0,1,0,0,0,0,0
BMW,X3,66000,2019,Benzine,Automatic,2000,SUV,2550000.0,0,0,0,0,0,0,0,0,0,0,0,0,0,0,0,0,0,1,0,0,0
Fiat,Shahin,250000,2008,Benzine,Manual,1400,Sedan,120000.0,1,0,1,0,0,0,0,0,0,0,0,0,0,0,0,0,0,0,0,0,0
Citroen,C5,66000,2022,Benzine,Automatic,1600,SUV,1000000.0,0,1,0,0,0,1,0,0,0,0,0,0,0,0,0,0,0,0,0,0,0
Hyundai,Atos,225000,2008,Benzine,Automatic,1100,Hatchback,275000.0,0,0,0,0,0,0,0,0,0,0,0,0,0,0,0,0,0,0,0,0,0
Lada,2107,115000,1991,Benzine,Manual,1300,Small city car,110000.0,0,0,0,0,1,0,0,0,0,0,0,0,0,0,0,0,0,0,0,0,0
Hyundai,Accent,200000,2006,Benzine,Manual,1300,Sedan,250000.0,1,0,1,0,0,0,0,0,0,0,0,0,0,0,0,0,0,0,0,0,0
Jaguar,S-Type,143000,2005,Benzine,Automatic,3000,Sedan,780000.0,1,0,0,0,0,0,0,0,0,0,0,0,0,0,0,0,0,0,0,0,0
Speranza,A620,120000,2007,Natural Gas,Automatic,2000,Sedan,220000.0,1,0,0,0,0,0,0,0,0,0,0,0,0,0,0,0,0,0,0,0,0
Jeep,Wrangler,245000,2018,Benzine,Automatic,3600,4X4,1500000.0,1,0,0,0,0,0,0,0,0,0,0,0,0,0,0,0,0,0,0,0,0
MG,ZS,92000,2022,Benzine,Automatic,1600,SUV,780000.0,1,0,1,0,1,0,0,0,1,1,1,0,0,0,0,0,0,1,0,0,0
Mercedes-Benz,C200,164000,2020,Benzine,Automatic,1500,Sports / Coupe,1900000.0,0,1,0,0,0,0,0,0,0,0,0,0,0,0,0,0,0,1,0,0,0
Toyota,Corolla,107000,2022,Benzine,Automatic,1600,Sedan,1030000.0,1,0,0,0,0,1,0,0,0,0,0,0,0,0,0,0,0,0,0,0,0
Hyundai,Accent,250000,2000,Benzine,Manual,1300,Sedan,220000.0,1,0,1,0,1,0,0,0,0,0,0,0,0,0,0,0,0,0,0,0,0
Changan,CS55,17000,2025,Benzine,Automatic,1600,SUV,1275000.0,0,0,0,0,0,0,0,0,0,0,0,0,0,0,0,0,0,0,0,0,0
Opel,Astra,115000,2021,Benzine,Automatic,1400,Sedan,700000.0,0,0,0,0,0,0,0,0,0,0,0,0,0,0,0,0,0,0,0,0,0
Forthing,T5 EVO,20000,2022,Benzine,Automatic,1500,SUV,1050000.0,1,0,1,0,0,0,0,1,0,1,1,0,0,0,0,0,0,1,0,0,0
Alfa Romeo,Tonale,1350,2025,Benzine,Automatic,2000,SUV,2600000.0,0,0,0,0,0,0,0,0,0,0,0,0,0,1,0,0,0,0,0,0,0
Other make,Smart,75000,2008,Benzine,Manual,1100,Sports / Coupe,113000.0,1,0,1,0,1,0,0,0,1,0,0,0,0,0,0,0,0,0,0,1,0
Mercedes-Benz,C180,135000,2020,Benzine,Automatic,1500,Sedan,1950000.0,1,0,0,0,1,0,0,0,0,0,0,0,0,0,0,0,0,0,0,0,0
Toyota,Fortuner,230000,2015,Benzine,Automatic,2700,4X4,1570000.0,1,0,0,0,0,0,0,0,0,0,0,0,0,0,0,0,0,0,0,0,0
Kia,Cerato,125000,2021,Benzine,Automatic,1600,Sedan,1000000.0,0,0,1,0,0,0,0,0,0,0,0,0,0,0,0,0,0,0,0,0,0
Jetour,T2,7000,2025,Benzine,Automatic,1500,SUV,1700000.0,1,0,0,0,0,0,0,0,0,0,0,0,0,0,0,0,0,0,0,0,0
Fiat,Grand Punto,131500,2015,Benzine,Manual,1300,Hatchback,310000.0,1,0,0,0,0,0,0,0,0,0,0,0,0,0,0,0,0,1,0,0,0
Hyundai,IX35,130000,2016,Benzine,Automatic,1600,SUV,950000.0,0,0,1,0,0,0,0,0,1,0,1,1,0,1,0,1,0,1,0,0,0
BMW,318,131000,2017,Benzine,Automatic,1500,Sedan,1100000.0,0,0,0,0,0,1,0,0,0,0,0,0,0,0,0,0,0,0,0,0,0
Chevrolet,Lanos,72000,2012,Benzine,Manual,1500,Sedan,380000.0,1,0,0,0,0,0,0,0,1,0,0,0,0,0,0,0,0,0,0,0,0
Proton,Gen-2,230000,2012,Benzine,Automatic,1600,Hatchback,400000.0,1,0,1,0,1,0,0,0,0,0,0,0,0,0,0,0,0,1,0,1,0
Kia,Rio,125000,2014,Benzine,Automatic,1400,Sedan,650000.0,1,0,0,0,0,1,0,0,0,0,0,0,0,0,0,0,0,0,0,0,0
Suzuki,Swift,100000,1993,Benzine,Automatic,1300,Sedan,120000.0,0,0,0,0,0,0,0,0,0,0,0,0,0,0,0,0,0,0,0,0,0
Hyundai,Verna,140000,2019,Benzine,Manual,1600,Sedan,380000.0,0,0,0,0,1,0,0,0,0,0,0,0,0,0,0,0,0,0,0,0,0
MG,ZS,23000,2025,Benzine,Automatic,1500,SUV,880000.0,1,1,0,0,0,1,0,0,0,0,0,0,0,0,0,0,0,0,0,0,0
Audi,A3,2000,2023,Benzine,Automatic,1400,Sedan,2000000.0,0,1,0,0,0,0,0,0,0,0,0,0,0,0,0,0,0,0,0,0,1
Renault,Logan,190000,2016,Benzine,Automatic,1599,Sedan,410000.0,1,1,0,0,0,0,0,0,0,0,0,0,0,0,0,0,0,1,0,0,0
Suzuki,Swift,50000,2021,Benzine,Automatic,1200,Hatchback,650000.0,1,1,1,0,0,0,0,0,0,0,0,0,0,1,1,1,1,1,1,0,0
BYD,F3,270000,2008,Benzine,Manual,1600,Hatchback,290000.0,1,0,1,0,0,0,0,1,1,0,0,0,0,0,0,0,0,0,0,0,0
Toyota,Corolla,500000,1980,Benzine,Manual,1600,Sedan,135500.0,1,0,0,0,0,0,0,0,0,0,0,0,0,0,0,0,0,0,0,0,0
Hyundai,IX35,150000,2015,Benzine,Automatic,1600,SUV,800000.0,0,0,0,0,0,0,0,0,0,0,0,0,0,0,0,0,0,0,0,0,1
Mercedes-Benz,C180,74000,2022,Benzine,Automatic,1500,Sedan,2575000.0,1,0,0,0,0,0,0,0,0,0,0,0,0,0,0,0,0,0,0,0,0
Renault,Duster,180000,2020,Benzine,Automatic,1600,Hatchback,700000.0,1,0,0,0,0,0,0,0,0,0,0,1,0,0,0,1,1,0,1,0,0
Toyota,Corolla,131000,2010,Benzine,Automatic,1600,Sedan,650000.0,1,0,1,0,0,0,0,0,1,0,1,0,1,1,1,1,0,0,0,0,0
Citroen,C3 Aircross,52000,2021,Benzine,Automatic,1200,SUV,850000.0,1,0,1,0,0,0,0,0,1,0,0,0,0,0,0,0,0,0,0,0,0
Daewoo,Juliet,290000,2001,Benzine,Manual,1500,Hatchback,215000.0,0,0,0,0,0,0,0,0,0,0,0,0,0,0,0,0,0,0,0,0,0
Renault,Megane,152000,2020,Benzine,Automatic,1600,Sedan,800000.0,1,0,0,0,0,0,0,0,0,0,0,0,0,0,0,0,0,0,0,0,0
Chevrolet,Lanos,190000,2011,Benzine,Manual,1500,Sedan,310000.0,1,1,1,0,1,0,0,0,0,0,0,0,0,0,0,0,0,1,0,0,0
Nissan,Sunny,205000,2008,Diesel,Manual,1600,Sedan,350000.0,1,0,0,0,0,0,0,0,0,0,0,0,0,0,0,0,0,0,0,0,0
Chery,Tiggo 8,43000,2025,Benzine,Automatic,1500,SUV,1120000.0,1,0,1,0,0,0,0,0,0,0,0,0,0,0,0,0,0,0,0,0,0
Peugeot,406,312000,2001,Benzine,Automatic,2000,Sedan,280000.0,1,0,1,0,0,0,0,0,0,0,0,0,0,0,0,0,0,1,0,0,0
Opel,Vectra,320000,1995,Benzine,Manual,2000,Sedan,175000.0,1,0,0,0,0,0,0,0,0,0,0,0,0,0,0,0,0,0,0,0,0
MG,MG 5,45000,2021,Benzine,Automatic,1600,Sedan,650000.0,0,0,0,0,0,0,0,0,0,0,0,0,0,0,0,0,0,0,0,0,0
Chevrolet,Lanos,287428,2011,Benzine,Manual,1500,Sedan,270000.0,1,0,1,0,0,0,0,0,0,0,0,0,0,0,0,0,0,0,0,0,0
Daewoo,Nubira,300000,2001,Benzine,Manual,1600,Sedan,260000.0,1,1,0,0,0,0,0,0,0,0,0,0,0,0,0,0,0,1,0,0,0
Kia,Sportage,2000,2022,Benzine,Automatic,1600,MPV,1425000.0,0,0,0,0,0,0,0,0,0,0,0,0,0,0,0,0,0,0,0,0,0
Nissan,Qashqai,440000,2012,Benzine,Manual,1600,SUV,450000.0,0,1,1,0,0,0,0,0,0,0,0,0,0,0,0,0,0,0,0,0,0
Toyota,Yaris,126000,2018,Benzine,Automatic,1500,Hatchback,670000.0,1,0,0,0,0,0,0,0,0,0,0,0,0,0,0,1,1,0,1,0,0
Skoda,Favorit,111111,1994,Benzine,Manual,1300,Hatchback,110000.0,0,0,0,0,0,0,0,0,0,0,0,0,0,0,0,0,0,0,0,0,0
Mercedes-Benz,C180,107000,2019,Benzine,Automatic,1600,Sedan,1875000.0,1,0,1,0,0,1,0,0,1,0,0,0,0,0,0,0,0,0,0,0,0
Volkswagen,Golf R,288000,2010,Benzine,Automatic,2000,Hatchback,750000.0,1,1,1,0,0,0,0,0,0,0,0,0,0,0,0,0,0,0,0,0,0
Citroen,C8,16000,2003,Benzine,Automatic,2000,Hatchback,350000.0,0,0,0,0,0,0,0,0,0,0,0,0,0,0,0,0,0,0,0,0,0
Ford,Taurus,180000,1996,Benzine,Automatic,3000,Sedan,260000.0,1,0,1,0,0,0,0,0,0,0,0,0,0,1,0,1,0,0,0,0,0
BMW,X3,88000,2019,Benzine,Automatic,2000,SUV,2300000.0,0,0,0,0,0,0,0,0,0,0,0,0,0,0,0,0,0,1,0,0,0
Mercedes-Benz,GLA 200,40000,2022,Benzine,Automatic,1300,SUV,2499000.0,0,1,0,0,0,1,0,0,0,0,0,0,0,0,0,0,0,0,0,0,0
Mazda,3,277000,2017,Benzine,Automatic,2000,Sedan,700000.0,0,0,0,0,0,0,0,0,0,0,0,0,0,0,0,0,0,0,0,0,0
Hyundai,Verna,94000,2013,Benzine,Manual,1600,Other,420000.0,1,0,0,0,0,0,0,0,0,0,0,0,0,0,0,0,0,0,0,0,0
Opel,Corsa,163000,2006,Benzine,Manual,1600,Sedan,245000.0,0,0,1,0,0,0,0,0,1,0,0,0,0,0,0,0,0,0,0,0,0
MG,ZS,60000,2022,Benzine,Automatic,1600,SUV,825000.0,0,1,0,0,0,0,0,0,0,0,0,0,0,0,0,0,0,0,0,0,0
Lada,2107,75000,2009,Benzine,Manual,1600,Sedan,135000.0,0,1,1,0,0,0,0,0,0,0,0,0,0,0,0,0,0,0,0,0,0
Honda,Civic,139000,2005,Benzine,Automatic,1500,Sedan,525000.0,1,0,0,0,0,0,0,0,0,0,0,0,0,0,0,0,0,0,0,0,0
Faw,N5,190000,2013,Benzine,Manual,1330,Sedan,220000.0,1,0,0,0,0,0,0,0,0,0,0,0,0,0,0,0,0,0,0,0,0
Seat,Toledo,222000,2017,Benzine,Automatic,1600,Sedan,510000.0,0,0,1,0,0,0,0,0,0,0,0,0,0,0,0,0,0,0,0,0,0
Hyundai,Tucson,30000,2024,Benzine,Automatic,1600,SUV,1600000.0,0,0,0,0,0,0,0,0,0,0,0,0,0,0,0,0,0,0,0,0,0
Hyundai,Atos,220000,2004,Benzine,Manual,1400,Hatchback,250000.0,0,0,0,0,0,0,0,0,0,0,0,0,0,0,0,0,0,0,0,0,0
BMW,328,220000,2013,Benzine,Automatic,2000,Sedan,1050000.0,0,0,1,0,0,0,0,0,0,0,0,0,0,0,0,0,0,0,0,0,0
Geely,Emgrand 7,125000,2013,Benzine,Manual,1500,Sedan,325000.0,1,0,0,0,0,0,0,0,0,0,0,0,0,0,0,0,0,0,0,0,0
Hyundai,I10,190000,2012,Benzine,Manual,1100,Hatchback,350000.0,1,0,1,0,1,0,0,0,1,0,0,0,0,0,0,0,0,0,0,0,0
Volkswagen,Golf,15000,1987,Benzine,Manual,1300,Hatchback,120000.0,0,0,1,1,1,0,0,0,0,0,0,0,0,0,0,0,0,0,0,0,0
Chevrolet,Captiva,57000,2021,Benzine,Automatic,1451,SUV,860000.0,1,1,0,0,0,0,0,0,0,0,0,0,0,0,0,0,0,0,0,0,0
Mazda,3,159000,2009,Benzine,Automatic,1600,Sedan,430000.0,1,0,0,0,0,0,0,0,0,0,0,0,0,0,0,0,0,0,0,0,0
Nissan,Qashqai,58000,2017,Benzine,Automatic,1200,Hatchback,820000.0,0,0,0,1,0,0,0,0,0,0,0,0,0,0,0,0,0,1,0,0,1
Daewoo,Lanos,123000,2007,Benzine,Manual,1500,Sedan,280000.0,1,0,1,0,0,0,0,0,1,0,0,0,0,1,0,0,0,0,0,0,0
BMW,520,75000,2021,Benzine,Automatic,1600,Sedan,2450000.0,0,0,0,0,0,0,0,0,0,0,0,0,0,0,0,0,0,0,0,0,0
Fiat,Shahin,99000,1999,Benzine,Manual,1400,Sedan,140000.0,1,0,0,0,0,0,0,0,0,0,0,0,0,0,0,0,0,0,0,0,0
Chevrolet,Optra,146000,2017,Benzine,Automatic,1600,Sedan,450000.0,0,0,0,0,1,0,0,0,0,0,0,0,0,0,0,0,0,0,0,0,0
Citroen,C3 Aircross,125000,2020,Benzine,Automatic,1200,SUV,730000.0,0,0,0,0,0,0,0,1,0,0,0,0,0,0,0,0,0,0,0,0,0
Proton,Gen-2,130000,2009,Benzine,Automatic,1600,Sedan,340000.0,0,0,0,0,0,0,0,0,0,0,0,0,0,0,0,0,0,0,0,0,0
Jeep,Cherokee,100000,1998,Benzine,Manual,2500,4X4,360000.0,0,0,0,0,0,0,0,0,0,0,0,0,0,0,0,0,0,0,0,0,0
BMW,316,80000,2011,Benzine,Automatic,3000,Sedan,1500000.0,1,0,0,0,0,0,0,0,0,0,0,1,0,0,0,1,0,1,0,0,0
Geely,Coolray,64000,2024,Benzine,Automatic,1500,SUV,1050000.0,1,0,0,0,0,0,0,0,0,0,0,0,0,0,0,0,0,0,0,0,0
Speranza,A113,157000,2009,Benzine,Manual,1300,Hatchback,185000.0,0,0,0,0,0,0,0,0,0,0,0,0,0,0,0,0,0,1,0,1,0
Volkswagen,Passat,210000,2011,Benzine,Automatic,1400,Sedan,750000.0,1,0,0,0,0,0,0,0,0,0,0,0,0,0,0,0,0,0,0,0,0
Renault,Logan,140000,2015,Benzine,Manual,1600,Sedan,350000.0,0,0,0,0,0,0,0,0,0,0,0,0,0,0,0,0,0,0,0,0,0
Ds,DS7,45000,2024,Benzine,Automatic,1600,SUV,1780000.0,1,0,1,0,0,0,0,0,0,0,1,1,0,0,0,0,0,0,0,0,0
Kia,Cerato,240000,2009,Benzine,Automatic,1600,Sedan,520000.0,0,0,1,0,1,0,0,0,0,0,0,0,0,1,0,0,1,0,0,0,0
Hyundai,I10,210000,2009,Benzine,Manual,1100,Hatchback,210000.0,0,0,1,0,0,0,0,0,0,0,0,0,0,0,0,0,0,0,0,0,0
Renault,Sandero,41000,2020,Benzine,Automatic,1600,Hatchback,600000.0,1,1,1,0,0,0,0,0,1,1,1,1,0,0,0,0,0,0,0,0,0
Peugeot,406,400,2003,Benzine,Automatic,2000,Sedan,300000.0,1,0,1,0,0,0,0,0,0,0,1,0,0,0,0,0,0,1,0,0,0
MG,ZS,110000,2021,Benzine,Automatic,1500,Hatchback,775000.0,1,0,0,0,0,0,0,0,0,0,0,0,0,0,0,0,0,0,0,0,0
BYD,F3,35000,2011,Natural Gas,Manual,1600,Sedan,275000.0,1,0,0,0,0,0,0,0,0,0,0,0,0,0,0,0,0,0,0,0,0
Volkswagen,Pointer,127000,2004,Benzine,Manual,1000,Hatchback,195000.0,0,1,1,0,0,0,0,0,0,0,0,0,0,0,0,0,0,1,0,0,0
BMW,320,100000,2007,Benzine,Automatic,2000,Sedan,630000.0,0,0,1,0,0,0,0,0,0,0,1,0,0,0,0,0,0,0,0,0,0
Mitsubishi,Eclipse,3000,2024,Benzine,Automatic,1500,Hatchback,1650000.0,0,0,0,0,0,0,0,0,0,0,0,0,0,0,0,0,0,0,0,0,0
Mitsubishi,Eclipse,165000,2018,Benzine,Automatic,1500,Hatchback,850000.0,1,0,0,0,0,1,0,0,0,0,0,0,0,0,0,0,0,0,0,0,0
BMW,535,208000,2011,Benzine,Automatic,3500,Sedan,1180000.0,1,1,0,0,1,0,0,0,0,0,0,0,0,0,0,0,0,0,0,1,0
Mitsubishi,Lancer,247000,1998,Benzine,Automatic,1300,Sedan,240000.0,0,0,1,0,0,0,0,0,1,0,0,0,0,0,0,0,0,0,0,0,0
BMW,520,190000,2016,Benzine,Automatic,2000,Sedan,1550000.0,1,0,0,0,0,0,0,0,0,0,0,0,0,0,0,0,0,0,0,0,0
Kia,Cerato Coupe,170000,2011,Benzine,Automatic,1600,Sports / Coupe,625000.0,1,1,0,0,1,0,0,1,1,1,0,1,0,0,1,1,1,1,0,0,0
Mercedes-Benz,C180,90000,2020,Benzine,Automatic,1600,Sedan,1980000.0,0,0,0,0,0,1,0,1,0,0,0,0,0,0,0,0,0,0,0,0,0
Hyundai,Tucson,95000,2019,Benzine,Automatic,1600,SUV,1250000.0,1,1,0,0,0,1,0,0,0,0,0,0,0,0,0,0,0,0,0,1,0
Fiat,Grand Punto,163000,2008,Benzine,Manual,1400,Hatchback,280000.0,1,0,0,0,0,0,0,0,0,0,0,0,0,0,0,0,0,0,0,0,0
Mercedes-Benz,GLK 350,180000,2013,Diesel,Automatic,3500,SUV,1530000.0,0,0,0,0,0,0,0,0,0,0,0,0,0,0,0,0,0,0,0,0,0
Daewoo,Nubira,150000,2001,Benzine,Automatic,1600,Sedan,245000.0,0,0,1,0,1,0,0,0,1,0,0,0,0,0,0,0,0,0,1,0,0
Renault,Fluence,122000,2017,Benzine,Automatic,1500,Sedan,620000.0,1,0,0,0,0,0,0,0,0,0,0,0,0,0,0,0,0,0,0,0,0
Toyota,Corolla,330000,2000,Benzine,Manual,1300,Sedan,290000.0,0,0,1,0,0,0,0,0,0,0,0,0,0,0,0,0,0,0,0,0,0
Mitsubishi,Lancer,350000,1998,Natural Gas,Manual,1500,Sedan,270000.0,1,0,1,0,0,0,0,0,1,0,0,0,0,0,0,0,0,0,0,0,0
Hyundai,Accent,20000,1997,Benzine,Manual,1500,Sedan,120000.0,0,0,0,0,0,0,0,0,0,0,0,0,0,0,0,0,0,0,0,0,0
BMW,X3,280000,2012,Benzine,Automatic,3000,SUV,1000000.0,1,0,0,0,0,0,0,0,0,0,0,0,0,0,0,0,0,0,0,0,0
Toyota,Corolla,45000,2022,Benzine,Automatic,1600,Sedan,1150000.0,1,0,0,0,0,0,0,0,0,0,0,0,0,0,0,0,0,0,0,0,0
Hyundai,Verna,100000,2015,Benzine,Manual,1600,Sedan,400000.0,1,0,1,0,0,0,0,0,1,0,0,0,0,0,0,0,0,0,0,0,0
Chevrolet,Lanos,80500,2019,Benzine,Manual,1500,Sedan,377000.0,1,0,1,0,0,0,0,0,1,0,0,0,0,0,0,0,0,0,0,0,0
Skoda,Fantasia,257000,2011,Benzine,Automatic,1600,Sedan,750000.0,1,0,1,0,0,0,0,0,1,0,0,0,0,0,0,0,0,0,0,0,0
Fiat,Tipo,62000,2024,Benzine,Automatic,1600,Sedan,899999.0,0,0,0,0,0,1,0,0,0,0,0,0,0,0,0,0,0,0,0,0,0
Chery,A15,180000,2007,Benzine,Manual,1500,Sedan,140000.0,1,0,0,0,1,0,0,0,0,0,0,0,0,0,0,0,0,0,0,0,0
Chevrolet,Lanos,200000,2012,Benzine,Manual,1500,Sedan,280000.0,1,1,1,0,1,0,0,0,1,0,0,0,0,0,0,0,0,1,0,1,0
BMW,530,85000,2019,Benzine,Automatic,2000,Sedan,2650000.0,1,0,0,0,0,1,0,0,0,0,0,0,0,0,0,0,0,0,0,0,0
Hyundai,Verna,170000,2007,Benzine,Manual,1600,Other,340000.0,0,0,0,0,0,0,0,0,0,0,0,0,0,0,0,0,0,0,0,0,0
Fiat,Tipo,120000,2021,Benzine,Automatic,1600,Sedan,825000.0,1,0,0,0,0,0,0,0,0,0,0,0,0,0,0,0,0,0,0,0,0
Renault,Megane,88000,2018,Benzine,Automatic,1600,Sedan,660000.0,1,0,0,0,0,0,0,0,0,1,1,0,0,0,1,0,0,0,0,0,0
BMW,X1,190000,2012,Benzine,Automatic,2000,SUV,750000.0,1,0,0,0,0,1,0,0,0,0,0,0,0,0,0,0,0,0,0,0,0
Skoda,Other,300000,2000,Benzine,Manual,2000,Sedan,360000.0,0,0,0,0,0,0,0,0,0,0,0,0,0,0,0,0,0,0,0,0,0
Hyundai,Excel,190000,1995,Benzine,Manual,1500,Sedan,145000.0,0,0,0,0,0,0,0,0,0,0,0,0,0,0,0,0,0,0,0,0,0
Nissan,Altima,144000,2008,Benzine,Automatic,2500,Sedan,800000.0,0,0,0,0,0,0,0,0,0,0,0,0,0,0,0,0,0,1,0,0,0
Lada,2107,220000,2004,Benzine,Manual,1600,Sedan,105000.0,1,1,1,0,0,0,0,0,0,0,0,0,0,0,0,0,0,0,0,0,0
BYD,Flyer,100000,2007,Benzine,Manual,1100,Hatchback,120000.0,1,0,0,0,0,0,0,0,0,0,0,0,0,0,0,0,0,0,0,0,0
Speranza,Tiggo,190000,2009,Benzine,Manual,2000,SUV,270000.0,1,0,0,0,0,0,0,0,0,0,0,0,0,0,0,0,0,0,0,0,0
Faw,N5,127,2013,Benzine,Manual,1400,Other,190000.0,1,0,0,0,0,0,0,0,0,0,0,0,0,0,0,0,0,0,0,0,0
Ford,Focus,330000,2007,Benzine,Automatic,1600,Sedan,315000.0,0,0,0,0,0,0,0,0,0,0,0,0,0,0,0,0,0,0,0,0,0
Mercedes-Benz,E200,183000,2011,Benzine,Automatic,1800,Sedan,1400000.0,1,0,0,0,0,0,0,0,0,0,0,0,0,0,0,0,0,1,0,0,0
Fiat,Siena,236000,2002,Benzine,Manual,1400,Sedan,180000.0,0,0,0,0,0,0,0,0,0,0,0,0,0,0,0,0,0,0,0,0,0
MG,MG 5,4000,2026,Benzine,Automatic,1500,Sedan,900000.0,0,1,0,0,0,0,0,0,0,0,0,0,0,0,0,0,0,0,0,0,0
Fiat,Siena,100000,2001,Benzine,Manual,1500,Sedan,115000.0,0,1,0,0,0,0,0,0,0,0,0,0,0,0,0,0,0,0,0,0,0
Skoda,Octavia,350000,2006,Benzine,Automatic,1600,Sedan,490000.0,1,1,1,0,0,0,0,0,0,0,0,0,0,0,0,0,0,0,0,0,0
Daewoo,Nubira,187000,1999,Benzine,Manual,1600,Sedan,265000.0,1,0,0,0,0,0,0,0,0,0,0,0,0,0,0,0,0,1,0,0,0
Renault,Clio,131000,2001,Benzine,Manual,1400,Sedan,200000.0,1,1,0,0,0,0,0,0,0,0,0,0,0,0,0,0,0,0,0,0,0
Renault,Megane,370000,2006,Benzine,Automatic,1600,Sedan,300000.0,1,0,1,0,0,0,0,0,1,0,0,0,0,0,0,0,0,0,0,0,0
Renault,Logan,150000,2020,Benzine,Automatic,1500,Sedan,455000.0,0,0,0,0,1,0,0,0,0,0,0,0,0,0,0,0,0,0,0,0,0
Chery,Arrizo 5,61000,2023,Benzine,Automatic,1500,Sedan,590000.0,1,0,1,0,0,0,0,0,1,0,0,0,0,0,0,0,0,0,0,0,0
Volkswagen,Tiguan,40000,2022,Benzine,Automatic,1400,SUV,1800000.0,0,1,0,0,0,0,0,0,0,0,0,0,0,0,0,0,0,1,0,0,0
BMW,523,149000,2008,Benzine,Automatic,2500,Sedan,950000.0,1,1,1,0,0,0,0,0,0,0,1,0,0,0,0,0,0,0,0,0,0
Daewoo,Lanos,310000,1999,Natural Gas,Manual,1500,Sedan,220000.0,0,1,0,0,0,0,0,0,0,0,1,0,0,0,0,0,0,0,0,0,0
Speranza,A516,130000,2008,Benzine,Manual,1600,Sedan,240000.0,1,0,0,0,0,0,0,0,0,0,0,0,0,0,0,0,0,0,0,0,0
Hyundai,Accent,40000,2024,Benzine,Automatic,1600,Sedan,750000.0,1,0,0,0,0,0,0,0,1,0,0,0,0,0,0,0,0,0,0,0,0
Peugeot,508,180000,2016,Benzine,Automatic,1600,Sedan,700000.0,0,0,1,0,0,0,0,0,0,0,0,0,0,0,0,0,0,0,0,0,0
Volkswagen,Tiguan,50000,2024,Benzine,Automatic,1400,SUV,1950000.0,0,0,0,0,0,0,0,0,0,0,0,0,0,0,0,0,0,0,0,0,0
Nissan,Sunny,380000,2019,Benzine,Automatic,1600,Sedan,480000.0,1,0,0,0,0,0,0,0,0,0,0,0,0,0,0,0,0,0,0,0,0
Opel,Grandland,79000,2019,Benzine,Automatic,1600,SUV,1150000.0,1,0,0,0,1,0,0,0,0,0,0,0,0,0,0,0,0,0,0,0,0
Hyundai,Verna,184000,2013,Benzine,Manual,1600,Sedan,320000.0,1,0,1,0,0,0,0,0,0,0,0,0,0,0,0,0,0,0,0,0,0
Mercedes-Benz,GLA 200,18000,2021,Benzine,Automatic,1300,SUV,2350000.0,0,0,0,0,0,0,0,0,0,0,0,0,0,0,0,0,0,0,0,0,0
Suzuki,Swift,3000,2024,Benzine,Automatic,1200,Hatchback,760000.0,0,0,0,0,0,0,0,0,0,0,0,0,0,0,0,0,0,0,0,0,0
Chevrolet,Optra,106,2010,Benzine,Automatic,1600,4X4,390000.0,1,0,0,0,0,0,0,0,0,0,0,0,0,0,0,0,0,0,0,0,0
Skoda,Octavia,168000,2014,Benzine,Automatic,1400,Sedan,885000.0,1,0,0,0,0,0,0,0,0,0,0,0,0,0,0,0,0,0,0,0,0
Seat,Ibiza,340000,2008,Benzine,Automatic,1400,Hatchback,320000.0,1,0,0,0,0,0,0,0,0,0,0,0,0,0,0,0,0,0,0,0,0
Peugeot,301,190000,2015,Benzine,Automatic,1600,Sedan,415000.0,1,0,0,0,0,0,0,0,0,0,0,0,0,0,0,0,0,0,0,0,0
Seat,Tarraco,144000,2022,Benzine,Automatic,1400,SUV,1560000.0,0,0,0,0,0,0,0,0,0,0,0,0,0,0,0,0,0,1,0,0,0
Opel,Corsa,170000,2006,Benzine,Manual,1600,Sedan,235000.0,1,0,0,0,0,0,0,0,0,0,0,0,0,0,0,0,0,0,0,0,0
Daewoo,Nubira,175000,1999,Benzine,Automatic,1500,Sedan,240000.0,1,0,1,0,0,0,0,0,0,0,0,0,0,0,0,0,0,0,0,0,0
Citroen,C5 Aircross,188000,2020,Benzine,Automatic,1600,SUV,925000.0,1,0,0,0,0,1,0,0,0,0,0,0,0,0,0,0,0,0,0,0,0
Hyundai,Matrix,390000,2002,Natural Gas,Manual,1600,SUV,380000.0,1,0,0,0,0,0,0,0,0,0,0,0,0,0,0,1,1,0,0,0,0
Hyundai,Verna,75000,2015,Benzine,Automatic,1600,Sedan,430000.0,1,0,0,0,0,0,0,0,0,0,0,0,0,0,0,0,0,0,0,0,0
Mitsubishi,Mirage,10000,1986,Benzine,Manual,1300,Sedan,300000.0,0,0,1,0,0,0,0,0,0,0,0,0,0,0,0,0,0,0,0,0,0
MINI,Countryman,136000,2018,Benzine,Automatic,1499,Hatchback,1250000.0,1,0,0,1,0,0,0,0,0,1,1,0,1,1,0,0,0,1,1,0,0
Skoda,Octavia,200000,1998,Benzine,Manual,1600,Sedan,310000.0,1,0,1,0,1,0,0,0,1,0,0,0,0,0,0,0,0,1,0,0,0
Mercedes-Benz,E180,197000,2019,Benzine,Automatic,1600,Sedan,2250000.0,0,0,0,0,0,0,0,0,0,0,0,0,0,0,0,0,0,0,0,0,0
Fiat,Brava,210000,1996,Benzine,Manual,1600,Hatchback,150000.0,1,0,0,0,0,0,0,0,0,0,0,0,0,0,0,0,0,0,0,0,0
Mercedes-Benz,A200,148000,2020,Benzine,Automatic,1300,Sedan,1575000.0,1,0,0,0,0,0,0,0,0,0,0,0,0,0,0,0,0,0,0,0,0
Chery,Tiggo 7,73000,2022,Benzine,Automatic,1500,SUV,800000.0,0,0,0,0,0,0,0,0,0,0,0,0,0,0,0,0,0,0,0,0,0
Volkswagen,Passat,82000,2021,Benzine,Automatic,1400,Sedan,1530000.0,1,0,0,0,0,0,0,0,0,0,0,0,0,0,0,0,0,0,0,0,0
Hyundai,Matrix,200000,2005,Benzine,Manual,1600,Estate,385000.0,1,0,0,0,0,0,0,0,0,0,0,0,0,0,0,0,0,0,0,0,0
Renault,Sandero Stepway,71000,2019,Benzine,Automatic,1600,Hatchback,585000.0,0,1,0,0,0,0,0,0,0,0,0,1,0,0,0,1,0,1,0,0,0
Lada,2107,56000,2008,Benzine,Manual,1600,Sedan,160000.0,0,1,0,0,1,0,0,0,0,0,0,0,0,0,0,0,0,0,0,0,0
Renault,Duster,139000,2019,Benzine,Automatic,1600,SUV,670000.0,1,0,1,0,0,0,0,0,0,1,1,0,1,1,0,1,1,0,1,0,0
Isuzu,Other,337000,2016,Diesel,Manual,1600,Pickup,800000.0,0,0,0,0,0,0,0,0,0,0,0,0,0,0,0,0,0,0,0,0,0
Lada,2107,50000,2011,Benzine,Manual,1600,Sedan,100000.0,0,0,0,0,0,0,0,0,0,0,0,0,0,0,0,0,0,0,0,0,0
Hyundai,Elantra,16000,2019,Benzine,Automatic,1600,Sedan,1200000.0,0,1,0,0,0,0,0,0,0,0,0,0,0,0,0,0,0,1,0,0,0
Seat,Ibiza,180000,1998,Benzine,Manual,1400,Hatchback,150000.0,0,1,0,0,0,0,0,0,1,0,0,0,0,0,0,0,0,0,0,0,0
Renault,Fluence,118000,2010,Benzine,Manual,1600,Sedan,440000.0,0,1,0,0,0,0,0,0,0,0,0,0,0,0,0,0,0,0,0,0,0
Mazda,3,163000,2015,Benzine,Automatic,1600,Sedan,560000.0,0,1,0,0,0,0,0,0,0,0,0,0,0,0,0,0,0,0,0,0,0
Kia,Shuma,40000,1998,Benzine,Automatic,1500,Sedan,220000.0,1,0,1,0,0,0,0,0,0,0,0,0,0,0,0,0,0,0,0,0,0
Renault,Logan,258000,2010,Benzine,Manual,1600,Sedan,265000.0,0,0,1,0,0,0,0,0,1,0,0,0,0,0,0,0,0,0,0,0,0
Kia,Pride,100000,1996,Benzine,Manual,1100,Hatchback,150000.0,1,0,0,0,0,0,0,0,0,0,0,0,0,0,0,0,0,1,0,1,0
Mercedes-Benz,C180,34000,2022,Benzine,Automatic,1500,Sedan,2500000.0,1,0,0,0,0,0,0,1,0,0,0,0,0,0,0,0,0,0,0,0,0
Renault,Duster,47000,2016,Benzine,Manual,1600,SUV,600000.0,1,0,0,0,0,0,0,0,0,0,0,0,0,0,0,0,0,0,0,0,0
Citroen,C4X,60000,2024,Benzine,Automatic,1200,SUV,1175000.0,1,0,1,0,0,0,0,0,0,0,0,0,0,0,0,0,0,0,0,0,0
Mercedes-Benz,C180,160000,2000,Benzine,Automatic,1800,Sedan,420000.0,0,0,1,0,1,0,0,0,0,0,0,0,0,0,0,0,0,1,0,0,0
Seat,Ibiza,95000,2022,Benzine,Automatic,1000,Hatchback,895000.0,1,0,0,0,0,1,0,0,0,0,0,0,0,0,0,0,0,0,0,0,0
Renault,Clio,198000,2005,Benzine,Automatic,1400,Sedan,260000.0,0,0,0,0,0,0,0,0,0,0,0,0,0,0,0,0,0,0,0,0,0
Mitsubishi,Lancer,130000,2016,Benzine,Automatic,1600,Sedan,730000.0,1,1,0,0,0,0,0,0,0,0,0,0,0,1,0,1,1,0,0,0,0
BYD,F3,100000,2015,Benzine,Automatic,1600,Sedan,325000.0,0,0,1,1,0,0,0,0,0,0,0,0,0,0,0,0,1,0,0,0,0
Kia,Sportage,9000,2024,Benzine,Automatic,1600,Hatchback,2050000.0,0,1,0,0,0,0,0,0,0,0,0,0,0,0,0,0,0,0,0,0,0
Chery,Arrizo 5,12000,2025,Benzine,Automatic,1500,Sedan,675000.0,1,0,0,0,0,0,0,0,0,0,0,0,0,0,0,0,0,0,0,0,0
Daewoo,Lanos,142000,2008,Benzine,Manual,1500,Sedan,325000.0,1,0,0,0,0,0,0,0,0,0,0,0,0,0,0,0,0,0,0,0,0
Speranza,Tiggo,93000,2021,Benzine,Automatic,1600,SUV,620000.0,1,1,1,0,1,0,1,0,1,0,0,0,0,0,0,0,0,0,0,1,0
Renault,Fluence,213000,2016,Benzine,Automatic,1600,Sedan,590000.0,0,0,0,0,0,0,0,1,0,0,0,0,1,0,1,0,0,0,0,0,0
Chevrolet,Lanos,225000,2019,Benzine,Manual,1400,Sedan,360000.0,1,0,0,0,0,0,0,0,0,0,0,0,0,0,0,0,0,0,0,0,0
Brilliance,V6,126000,2020,Benzine,Automatic,1500,SUV,750000.0,1,0,0,1,1,0,0,0,0,0,0,0,0,0,0,0,0,0,0,0,0
Daihatsu,Terios,450000,2006,Benzine,Manual,1500,Hatchback,400000.0,1,1,0,0,0,0,0,0,0,0,0,0,0,0,0,0,0,1,0,0,1
Renault,Logan,155000,2016,Benzine,Automatic,1400,Sedan,420000.0,1,0,0,0,0,0,0,0,0,0,0,0,0,0,0,0,0,0,0,0,0
Peugeot,405,400000,1996,Benzine,Manual,1600,Sedan,100000.0,0,0,0,0,0,0,0,0,0,0,0,0,0,0,0,0,0,0,0,0,0
Fiat,Tipo,163000,2020,Benzine,Automatic,1600,Sedan,750000.0,1,0,0,1,0,1,0,0,0,0,0,0,0,0,0,0,0,0,0,0,0
Chevrolet,Aveo,96000,2015,Benzine,Automatic,1600,Sedan,390000.0,1,0,1,0,0,0,0,0,0,1,0,1,0,0,0,0,0,1,0,0,0
Speranza,A516,340000,2011,Natural Gas,Manual,1600,Sedan,130000.0,1,0,1,0,0,0,0,0,1,0,0,0,0,0,0,0,0,0,0,0,0
Mercedes-Benz,C180,137000,2013,Benzine,Automatic,1600,Sedan,1450000.0,1,1,0,0,0,1,0,0,0,0,0,0,0,0,0,0,0,0,0,0,0
Speranza,A516,342000,2008,Benzine,Manual,1600,Sedan,200000.0,1,1,1,0,0,0,0,0,1,0,0,0,0,0,0,0,0,0,0,0,0
BYD,F3,230000,2021,Benzine,Manual,1500,Sedan,460000.0,0,0,1,0,0,0,0,0,1,0,0,0,0,0,0,0,0,0,0,0,0
Ford,Fiesta,177000,2013,Benzine,Automatic,1500,Hatchback,490000.0,1,1,0,0,1,0,0,0,0,0,0,0,0,0,0,0,0,0,0,0,0
Nissan,Qashqai,90000,2019,Benzine,Automatic,1600,Estate,830000.0,1,0,0,0,0,0,0,0,0,0,0,0,0,0,0,0,0,0,0,0,0
Seat,Ibiza,230000,2000,Benzine,Manual,1400,Hatchback,220000.0,1,1,1,0,0,0,0,0,0,0,0,0,0,0,0,0,0,1,0,0,0
Hyundai,IX35,170000,2015,Benzine,Automatic,1600,Estate,835000.0,1,1,0,0,0,1,0,0,0,0,1,0,0,0,1,1,1,1,0,0,1
Cupra,Formentor,18000,2024,Benzine,Automatic,2000,SUV,2150000.0,0,1,0,0,0,0,0,0,0,0,0,0,0,0,0,0,0,0,0,0,0
Volkswagen,Jetta,220000,2008,Benzine,Automatic,1600,Sedan,595000.0,1,0,1,0,0,0,0,0,1,0,0,0,0,0,0,1,1,1,0,0,0
Hyundai,Excel,190000,1997,Benzine,Manual,1300,Sedan,160000.0,1,1,0,0,1,0,0,0,0,0,0,0,0,0,0,0,0,0,0,0,0
Skoda,Octavia,208000,2016,Benzine,Automatic,1600,Sedan,900000.0,1,1,1,0,1,0,0,0,1,0,1,0,0,0,0,1,0,1,1,0,0
Lada,Granta,99000,2021,Benzine,Automatic,1600,Sedan,395000.0,1,0,0,0,1,0,0,0,0,0,0,0,0,0,0,0,0,1,0,0,0
Jetour,X95,72230,2022,Benzine,Automatic,1600,SUV,1180000.0,0,0,0,0,0,0,0,0,0,0,0,0,0,0,0,0,0,0,0,0,0
Renault,Fluence,151000,2013,Benzine,Automatic,1600,Sedan,500000.0,1,0,1,0,0,0,0,0,0,0,0,0,0,0,0,0,0,0,0,0,0
Mazda,3,365000,2005,Benzine,Manual,1600,Sedan,385000.0,1,1,1,0,0,0,0,0,0,1,0,0,0,0,0,0,0,1,0,0,0
Hyundai,Excel,300000,1998,Benzine,Manual,1300,Sedan,150000.0,1,0,1,0,0,0,0,0,0,0,0,0,0,0,0,0,0,0,0,0,0
Kia,Sportage,108000,2022,Benzine,Automatic,1600,SUV,1200000.0,0,0,0,0,0,0,0,0,0,0,0,0,0,0,0,0,0,0,0,0,0
BMW,318,113000,2018,Benzine,Automatic,1500,Sedan,1250000.0,0,1,0,0,0,1,0,0,0,0,0,0,0,0,0,0,0,0,0,0,0
Fiat,Tipo,150000,2018,Benzine,Automatic,1600,Sedan,630000.0,1,0,0,0,1,0,0,0,0,0,0,0,0,0,0,0,0,0,0,0,0
Citroen,Xsara,150000,2000,Benzine,Manual,1600,Estate,170000.0,1,1,1,0,0,0,0,0,0,0,0,0,0,0,0,0,0,0,0,0,0
Chevrolet,Lanos,213000,2015,Benzine,Manual,1500,Sedan,300000.0,0,1,0,0,0,0,0,0,0,0,0,0,0,0,0,0,0,0,0,0,0
Mitsubishi,Lancer,260000,2009,Benzine,Manual,1600,Sedan,420000.0,0,1,1,0,0,0,0,0,0,0,0,0,0,0,0,0,0,1,0,0,0
Nissan,Juke,107000,2021,Benzine,Automatic,1000,SUV,815000.0,1,1,0,0,0,0,0,0,0,1,1,0,0,0,0,0,0,0,0,0,1
Mercedes-Benz,C200,291000,2008,Benzine,Automatic,1800,Sedan,870000.0,0,0,1,0,0,0,0,0,0,0,1,0,0,0,0,0,0,0,0,0,0
Peugeot,301,100000,2018,Benzine,Automatic,1600,Sedan,595000.0,1,0,0,0,0,0,0,0,0,0,0,0,0,0,0,0,0,0,0,0,0
Mercedes-Benz,SEL 280,310000,1985,Benzine,Automatic,2300,Sedan,280000.0,1,1,1,0,0,0,0,1,0,1,0,0,0,0,0,0,0,0,0,0,0
Mercedes-Benz,C180,178000,2015,Benzine,Automatic,1600,Sedan,2050000.0,1,0,0,0,0,0,0,0,0,0,0,0,0,0,0,0,0,0,0,0,0
Hyundai,Matrix,195000,2001,Benzine,Automatic,1500,Hatchback,380000.0,1,0,1,0,0,0,0,0,0,0,0,0,0,0,0,0,0,0,0,0,0
Kia,Sportage,65000,2022,Benzine,Automatic,1600,Hatchback,1620000.0,0,0,0,0,0,0,0,0,0,0,0,0,0,0,0,0,0,0,0,0,0
Jeep,Wrangler,158000,2015,Benzine,Automatic,3600,4X4,1600000.0,0,0,0,0,0,0,0,0,0,0,0,0,0,0,0,0,0,0,0,0,0
Daewoo,Nubira,200000,2006,Natural Gas,Manual,1600,Sedan,245000.0,1,0,1,0,0,0,0,0,0,0,0,0,0,0,0,0,0,0,1,0,0
Jeep,Wrangler,277000,2010,Benzine,Automatic,3800,4X4,950000.0,1,0,0,0,0,0,1,0,0,0,0,0,0,0,0,0,0,0,0,1,0
Kia,Cerato,177000,2011,Benzine,Automatic,1600,Sedan,595000.0,1,1,0,0,1,1,1,0,0,1,1,1,0,0,0,0,0,0,1,0,0
MG,RX5,89000,2022,Benzine,Automatic,1500,SUV,1050000.0,0,0,0,0,0,0,0,0,0,0,0,0,0,0,0,0,0,0,0,1,0
Fiat,Siena,470000,2000,Benzine,Manual,1400,Sedan,150000.0,0,0,1,0,0,0,0,0,1,0,0,0,0,0,0,0,0,0,0,0,0
Kia,Sorento,110000,2021,Benzine,Automatic,2400,Estate,1180000.0,1,0,0,0,0,1,0,0,0,0,0,0,0,0,0,0,0,0,0,0,0
Daewoo,Nubira,125000,2005,Benzine,Automatic,1600,Sedan,310000.0,1,0,1,0,0,0,0,0,0,0,1,0,0,0,0,0,0,0,0,0,0
Jeep,Wrangler,160000,2010,Benzine,Automatic,3800,4X4,808000.0,1,1,0,0,1,0,0,0,0,0,0,0,0,0,0,0,0,1,0,0,1
Hyundai,Accent,148500,2009,Benzine,Automatic,1600,Sedan,430000.0,1,0,0,0,0,0,0,0,0,0,0,1,0,0,0,0,0,0,0,0,0
Renault,Megane,283000,2011,Benzine,Automatic,1599,Hatchback,300000.0,1,0,1,0,0,0,0,0,0,0,0,0,0,0,0,0,0,0,0,0,0
BMW,320,200000,1998,Benzine,Automatic,2000,Sedan,270000.0,1,0,0,0,0,0,0,0,0,0,0,0,0,0,0,0,0,0,0,0,0
Audi,Q3,134000,2021,Benzine,Automatic,1400,SUV,1450000.0,0,0,0,0,1,0,0,0,0,0,0,0,0,0,0,0,0,0,0,1,0
Peugeot,5008,99000,2020,Benzine,Automatic,1600,SUV,1425000.0,1,0,0,0,0,0,0,0,0,0,0,0,0,0,0,0,0,0,0,0,0
Hyundai,Tucson,90000,2022,Benzine,Automatic,1600,SUV,1370000.0,1,1,1,0,1,1,0,0,0,1,1,1,0,0,1,1,0,1,0,1,0
Nissan,Sentra,260000,2020,Benzine,Automatic,1600,Sedan,530000.0,1,1,1,0,0,0,0,0,1,0,0,0,0,0,0,0,0,0,0,0,0
Proton,Gen-2,224000,2014,Benzine,Automatic,1600,Hatchback,425000.0,0,0,0,1,0,0,0,0,0,0,0,0,0,0,0,0,0,0,0,0,0
Chevrolet,Aveo,57000,2010,Benzine,Automatic,1600,Sedan,265000.0,1,0,0,0,0,0,0,0,0,0,0,0,0,0,0,0,0,0,0,0,0
Chevrolet,Lanos,210000,2012,Benzine,Manual,1500,Sedan,280000.0,0,0,0,0,0,0,0,0,0,0,0,0,0,0,0,0,0,0,0,0,0
Peugeot,508,144000,2020,Benzine,Automatic,1600,Sedan,925000.0,0,0,1,0,0,0,0,0,0,0,0,0,0,0,0,0,0,0,0,0,0
Mitsubishi,Lancer,1000,1999,Benzine,Manual,1500,Sedan,220000.0,1,0,1,0,0,0,0,0,0,0,0,0,0,0,0,0,0,0,0,0,0
Lada,2107,50000,2006,Benzine,Manual,1200,Sedan,150000.0,1,0,1,0,0,0,0,0,1,0,0,0,0,0,0,0,0,0,0,0,0
Hyundai,Accent,13000,2025,Benzine,Automatic,1600,Sedan,810000.0,1,0,0,0,0,0,0,1,1,0,1,0,1,1,0,1,0,0,0,0,0
Chevrolet,Lanos,112000,2014,Benzine,Manual,1600,Sedan,300000.0,0,0,0,0,0,0,0,0,0,0,0,0,0,0,0,0,0,0,0,0,0
Mercedes-Benz,CLA 200,61000,2022,Benzine,Automatic,1600,Sedan,2150000.0,0,0,1,0,0,0,0,0,0,0,0,0,0,0,0,0,0,0,0,0,0
Mercedes-Benz,E200,180000,1993,Hybrid,Automatic,2000,Sedan,480000.0,1,1,1,0,0,0,0,0,0,0,0,0,1,0,0,1,0,1,0,0,0
BMW,316,180000,2014,Benzine,Automatic,1600,Sedan,1200000.0,0,0,1,0,0,0,0,0,0,0,0,0,0,0,0,0,0,0,0,0,0
BYD,F3,290000,2019,Benzine,Manual,1500,Sedan,430000.0,1,0,1,0,0,0,0,0,0,1,0,1,0,0,0,0,0,0,0,1,0
Opel,Crossland,41000,2019,Benzine,Automatic,1200,SUV,650000.0,0,0,0,0,0,0,0,0,0,0,0,0,0,0,0,0,0,1,0,0,0
Mercedes-Benz,A200,65000,2024,Benzine,Automatic,1300,Sedan,2200000.0,1,0,0,0,0,0,0,0,0,0,0,0,0,0,0,0,0,0,0,0,0
Chevrolet,Lanos,220000,2011,Benzine,Manual,1600,Sedan,275000.0,1,0,1,0,0,0,0,0,0,0,0,0,0,0,0,0,0,0,0,0,0
Hyundai,Tucson,2000,2025,Benzine,Automatic,1600,SUV,1975000.0,0,0,0,0,0,0,0,0,0,1,1,1,0,0,1,0,1,1,0,0,0
Mercedes-Benz,GLA,145000,2020,Benzine,Automatic,1300,SUV,1800000.0,0,0,0,0,0,0,0,1,0,0,0,0,0,0,0,0,0,1,0,0,0
MG,MG 5,105000,2021,Benzine,Automatic,1500,Sedan,660000.0,1,0,0,0,0,0,0,0,0,0,0,0,0,0,0,0,0,0,0,0,0
Fiat,Tipo,76000,2021,Benzine,Automatic,1600,Sedan,750000.0,1,0,0,0,0,0,0,0,0,0,0,0,0,0,0,0,0,0,0,0,0
Jeep,Renegade,97000,2018,Benzine,Automatic,1368,SUV,920000.0,0,0,0,0,0,0,0,0,0,0,0,0,0,0,0,0,0,0,0,0,0
Suzuki,Alto,6000,2008,Benzine,Manual,1050,Sedan,150000.0,1,0,0,0,0,0,0,0,0,0,0,0,0,0,0,0,0,0,0,0,0
Peugeot,5008,104000,2022,Benzine,Automatic,1600,SUV,1400000.0,1,0,0,0,1,1,0,1,0,1,0,0,0,0,1,0,0,0,0,0,0
Chevrolet,Spark,160000,2009,Benzine,Manual,1000,Hatchback,210000.0,1,0,0,0,0,0,0,0,0,0,0,0,0,0,0,0,0,0,0,0,0
Mitsubishi,Colt,200000,1991,Benzine,Manual,1300,Hatchback,210000.0,1,0,1,0,0,0,0,0,0,0,0,0,0,0,0,0,0,0,0,0,0
Toyota,Corolla,145000,2013,Benzine,Automatic,1600,Sedan,650000.0,0,0,1,0,0,0,0,0,0,0,0,0,0,0,0,0,0,0,0,0,0
Nissan,Sunny,310000,2014,Benzine,Automatic,1500,Sedan,430000.0,0,1,1,0,0,0,0,0,0,0,0,0,0,0,0,0,0,1,0,0,0
Hyundai,Tucson,9000,2025,Benzine,Automatic,1600,Hatchback,1700000.0,0,1,0,0,0,0,0,0,0,0,0,0,0,0,0,0,0,0,0,0,0
Audi,A6,180000,2020,Benzine,Automatic,1998,Sedan,2200000.0,0,0,0,0,0,1,0,0,0,0,0,0,0,0,0,0,0,0,0,0,0
Opel,Insignia,159000,2016,Benzine,Automatic,1600,Sedan,750000.0,1,0,0,0,0,0,0,0,0,0,0,0,0,0,0,0,0,0,0,0,0
Kia,Picanto,206000,2007,Benzine,Automatic,1000,Hatchback,300000.0,1,0,1,0,0,0,0,0,1,0,0,0,0,0,0,0,0,0,0,0,0
Isuzu,D-Max,156789,2010,Diesel,Manual,1200,Pickup,560000.0,0,0,1,0,0,0,0,0,0,0,0,0,0,0,0,0,0,1,0,0,0
Honda,Civic,117000,2020,Benzine,Automatic,1600,Sedan,1100000.0,1,0,0,0,0,0,0,0,0,0,0,0,0,0,0,0,0,0,0,0,0
Volkswagen,Golf,100000,2016,Benzine,Automatic,1400,Hatchback,900000.0,0,1,0,0,0,1,0,0,0,0,0,0,0,0,0,0,0,0,0,0,0
Chery,Envy,130000,2018,Benzine,Manual,1600,Sedan,350000.0,1,0,0,0,0,0,0,0,0,0,0,0,0,0,0,0,0,0,0,0,0
Skoda,Octavia,19000,2020,Benzine,Automatic,1600,Sedan,1550000.0,0,0,0,0,0,0,0,0,0,0,0,0,0,0,0,0,0,0,0,0,0
Mercedes-Benz,B180,167000,2014,Benzine,Automatic,1600,Hatchback,825000.0,1,1,0,0,0,0,0,0,1,0,0,0,0,0,0,0,1,1,0,0,0
Kia,Sportage,5000,2018,Benzine,Automatic,1600,Hatchback,1350000.0,0,1,0,0,0,0,0,0,0,0,0,0,0,0,0,0,0,0,0,0,0
Lada,2107,100000,2010,Benzine,Manual,1600,Sedan,175000.0,0,0,0,0,0,0,0,0,0,0,0,0,0,0,0,0,0,0,0,0,0
Volkswagen,Golf,85000,1993,Benzine,Manual,1800,Hatchback,280000.0,0,0,0,0,0,0,0,0,0,0,0,0,0,0,0,0,0,0,0,0,0
Toyota,Corolla,300000,2013,Benzine,Automatic,1600,MPV,590000.0,0,0,0,1,1,0,0,0,0,0,0,0,0,0,0,0,0,0,0,0,0
Hyundai,Veloster,127000,2012,Benzine,Automatic,1600,Hatchback,730000.0,1,0,1,0,0,0,0,0,1,0,0,0,0,0,0,0,0,0,0,0,0
Nissan,Qashqai,142000,2007,Benzine,Automatic,1200,SUV,735000.0,0,0,0,0,0,0,0,0,1,0,0,0,0,0,0,0,0,0,0,0,0
Chevrolet,Captiva,24000,2023,Benzine,Automatic,1500,SUV,1100000.0,0,0,0,0,1,0,0,0,0,1,0,0,1,0,0,0,0,1,0,0,0
BMW,523,264000,2008,Benzine,Automatic,2500,Sedan,1000000.0,1,1,0,0,0,0,0,0,0,0,0,0,0,0,0,0,0,0,0,0,0
Volkswagen,Golf,138000,1988,Benzine,Automatic,2000,Hatchback,220000.0,0,0,1,0,0,0,0,1,0,0,0,0,0,0,0,0,0,1,0,0,0
Daihatsu,Sirion,226,2008,Benzine,Automatic,1300,Hatchback,380000.0,0,0,0,0,0,0,0,0,0,0,0,0,0,0,0,0,0,0,0,0,0
Nissan,Qashqai,170000,2021,Benzine,Automatic,1200,SUV,855000.0,1,0,0,0,0,0,0,0,0,0,0,0,0,0,0,0,0,0,0,0,0
Kia,Rio,240000,2013,Benzine,Automatic,1400,Sedan,525000.0,0,1,0,0,0,0,0,0,0,1,0,0,0,0,0,0,0,0,0,0,0
BMW,318,249000,2000,Benzine,Automatic,2000,Sedan,410000.0,0,0,0,0,0,0,0,0,0,0,0,0,0,0,0,0,0,0,0,0,0
Hyundai,Tucson,45000,2020,Benzine,Automatic,1600,Hatchback,1310000.0,1,0,0,0,0,0,0,0,1,0,0,0,0,0,0,0,0,0,0,0,0
MG,ZS,139000,2020,Benzine,Automatic,1600,SUV,725000.0,1,0,0,0,0,0,0,0,0,0,0,0,0,0,0,0,0,0,0,0,0
Nissan,Maxima,224000,1999,Benzine,Automatic,2000,Sedan,290000.0,0,0,0,0,1,0,0,0,0,0,0,0,0,0,0,0,0,0,0,0,0
BYD,F3,44000,2021,Benzine,Manual,1500,Sedan,500000.0,1,1,0,0,0,0,0,0,0,0,0,0,0,0,0,0,0,0,0,0,0
BMW,318,200000,2017,Benzine,Automatic,1500,Sedan,1150000.0,1,0,0,0,1,0,0,0,0,0,0,0,0,0,0,0,0,0,0,0,0
Kia,Saipa,280000,1999,Benzine,Manual,1500,Sedan,190000.0,1,0,1,0,0,0,0,0,0,0,0,0,0,0,0,0,0,1,0,0,0
MG,MG 1,500,2025,Benzine,Automatic,1500,SUV,1280000.0,0,0,0,0,0,0,0,0,0,0,0,0,0,0,0,0,0,0,0,0,0
Skoda,Octavia,90000,2021,Benzine,Automatic,1400,Sedan,1230000.0,1,0,1,0,0,0,0,0,0,0,0,0,0,0,0,0,0,0,0,0,0
Ssang Yong,Tivoli,110000,2019,Benzine,Automatic,1600,Hatchback,999000.0,1,0,0,0,0,0,0,0,0,0,0,0,0,0,0,0,0,0,0,0,0
Daewoo,Nubira,122000,2005,Benzine,Automatic,1600,Sedan,260000.0,0,1,1,0,0,0,0,0,0,0,0,0,0,0,0,0,0,0,0,0,0
Chevrolet,Optra,253000,2010,Benzine,Manual,1600,Sedan,400000.0,1,0,1,0,0,0,0,0,1,0,0,0,0,0,0,0,0,1,0,0,0
Mercedes-Benz,A200,134000,2015,Benzine,Automatic,2000,Sedan,1800000.0,1,0,0,0,0,0,0,0,0,0,0,0,0,0,0,0,0,0,0,0,0
Volkswagen,Bora,300000,2000,Benzine,Automatic,1600,Sedan,370000.0,1,1,0,0,0,0,1,0,0,0,0,0,0,0,0,0,0,1,0,1,0
Lada,Granta,215000,2020,Benzine,Manual,1600,Sedan,290000.0,1,1,1,0,0,0,0,0,0,0,0,0,0,0,0,0,0,0,0,0,0
Nissan,Sentra,4700,2025,Benzine,Automatic,1600,Sedan,850000.0,1,1,0,0,0,0,0,0,0,0,0,0,0,0,0,0,0,0,0,1,0
Ford,Fusion,226000,2016,Benzine,Automatic,1500,Sedan,670000.0,1,0,0,0,1,0,0,1,0,1,1,1,1,1,0,1,1,1,1,0,0
Daewoo,Lanos,140000,2006,Benzine,Manual,1600,Sedan,290000.0,1,0,0,0,0,0,0,0,0,0,0,0,0,0,0,0,0,0,0,0,0
Kia,Sportage,19000,2022,Benzine,Automatic,1600,SUV,1790000.0,0,1,0,0,0,0,0,0,0,0,0,0,0,0,0,0,0,1,0,0,0
MINI,Cooper,130000,2019,Benzine,Automatic,1500,Hatchback,1050000.0,1,1,0,0,0,0,0,0,0,0,0,0,0,0,0,0,0,0,0,0,0
Skoda,Felecia,300000,1999,Benzine,Manual,1300,Hatchback,175000.0,0,0,1,0,0,0,0,0,1,1,0,0,0,0,0,0,0,1,0,1,0
Skoda,Felecia,270000,1995,Benzine,Manual,1300,Hatchback,120000.0,1,0,1,0,0,0,0,0,1,0,0,0,0,0,0,0,0,0,0,0,0
Kia,Rio,159000,2015,Benzine,Automatic,1400,Hatchback,550000.0,1,0,0,0,0,0,0,0,0,0,0,0,0,0,0,0,0,0,0,0,0
Mercedes-Benz,C180,22000,2024,Benzine,Automatic,1500,Sedan,2650000.0,0,0,0,0,0,0,0,0,0,0,0,0,0,0,0,0,0,0,0,0,0
Seat,Leon,8500,2024,Benzine,Automatic,1400,Hatchback,1350000.0,1,0,0,0,1,1,0,0,0,1,1,1,0,0,0,0,0,0,0,1,1
Jetour,X95,25000,2022,Benzine,Automatic,1600,Estate,1130000.0,1,0,0,0,0,0,0,1,0,0,1,0,0,0,0,1,1,1,0,0,0
Nissan,Sunny,270000,2016,Benzine,Automatic,1600,Sedan,445000.0,1,0,0,0,1,0,0,0,0,0,0,0,0,0,0,0,0,0,0,0,0
BMW,X5,120000,2015,Benzine,Automatic,4400,SUV,2050000.0,1,0,0,0,0,0,0,0,0,0,0,0,0,0,0,0,0,0,0,0,0
Kia,Ceed,210,2016,Benzine,Automatic,1600,Hatchback,800000.0,1,0,0,0,0,0,0,0,0,0,1,0,0,0,0,0,1,1,0,0,0
BMW,318,126000,2017,Benzine,Automatic,1500,Sedan,1075000.0,1,0,0,1,0,0,0,0,0,0,0,0,0,0,0,0,0,0,0,0,0
Opel,Astra,195000,2016,Benzine,Automatic,1600,Sedan,560000.0,1,0,0,0,0,0,0,0,0,0,0,0,0,0,0,0,0,0,0,0,0
Lada,Other,120000,2009,Benzine,Manual,1600,Sedan,160000.0,1,1,1,0,0,0,0,0,0,0,0,0,0,0,0,0,0,0,0,0,0
Mitsubishi,Lancer,300,2004,Benzine,Automatic,1300,Sedan,330000.0,1,1,1,0,0,0,0,0,1,0,0,0,0,0,0,0,0,0,0,0,0
Peugeot,405,143627,2007,Benzine,Manual,1600,Estate,150000.0,0,0,0,0,0,0,0,0,0,0,0,0,0,0,0,0,0,0,0,0,0
Mitsubishi,Lancer,220000,2015,Benzine,Automatic,1600,Sedan,550000.0,0,0,0,0,0,0,0,0,0,0,0,0,0,0,0,0,0,0,0,0,0
Volkswagen,Golf,200000,2015,Benzine,Automatic,1400,Hatchback,950000.0,1,0,0,0,0,0,0,0,0,0,0,0,0,0,0,0,0,0,0,0,0
Peugeot,207,165000,2008,Benzine,Automatic,1600,Hatchback,335000.0,0,0,1,0,0,0,0,0,0,0,0,0,0,0,0,0,0,0,0,0,0
Opel,Vectra,415000,2002,Benzine,Automatic,1600,Sedan,260000.0,0,0,0,0,0,0,0,0,0,0,0,0,0,0,0,0,0,0,0,0,0
Kia,Rio,164000,2013,Benzine,Automatic,1500,Hatchback,550000.0,1,0,0,0,0,0,0,0,0,0,0,0,0,0,0,0,0,0,0,0,0
Nissan,Sunny,70000,2024,Benzine,Automatic,1600,Sedan,640000.0,1,0,0,0,0,0,0,0,0,0,0,0,0,0,0,0,0,0,0,0,0
Suzuki,Swift,280000,2015,Benzine,Automatic,1200,Hatchback,450000.0,0,0,0,0,0,0,0,0,0,0,0,0,0,0,0,0,0,0,0,0,0
Daewoo,Nubira,185000,2001,Benzine,Automatic,1600,Sedan,225000.0,0,0,0,0,0,0,0,0,0,0,0,0,0,0,0,0,0,0,0,0,0
Hyundai,Matrix,10000,2006,Benzine,Automatic,1500,Estate,350000.0,0,0,1,0,0,0,0,0,0,0,0,0,0,0,0,0,0,0,0,0,0
Skoda,Fantasia,140000,2010,Benzine,Automatic,1600,Sedan,680000.0,1,0,0,0,1,0,0,0,0,0,0,0,0,0,0,0,0,0,0,0,0
Hyundai,Elantra Coupe,245000,2013,Benzine,Automatic,1600,Sports / Coupe,570000.0,0,0,1,1,0,0,0,0,1,0,0,0,0,0,0,0,0,0,0,0,0
BMW,318,220000,2016,Benzine,Automatic,1300,Sedan,800000.0,1,0,1,0,0,0,0,0,0,0,0,0,0,0,0,0,0,0,0,0,0
Toyota,Corolla,330000,1993,Benzine,Manual,1600,Sedan,260000.0,0,0,0,0,0,0,0,0,0,0,0,0,0,0,0,0,0,0,0,0,0
Chevrolet,Lanos,170000,2012,Benzine,Manual,1500,Sedan,275000.0,1,0,0,0,0,0,0,0,0,0,0,0,0,0,0,0,0,1,0,0,0
Hyundai,Creta,176000,2017,Benzine,Automatic,1600,SUV,885000.0,1,0,0,0,0,0,0,0,0,0,0,0,0,0,0,0,0,0,0,0,0
Soueast,S 07,4300,2026,Benzine,Automatic,1600,SUV,1350000.0,0,1,0,0,0,0,0,0,0,0,0,0,0,0,0,0,0,0,0,0,0
Kia,Cerato,200000,2010,Benzine,Automatic,1600,Sedan,450000.0,0,0,1,0,0,0,0,0,0,0,0,0,0,0,0,0,0,0,0,0,0
Renault,Megane,370,2001,Benzine,Automatic,1600,Sedan,155000.0,0,0,0,0,0,0,0,0,0,0,0,0,0,0,0,0,0,0,0,0,0
Toyota,Yaris,235000,2006,Benzine,Automatic,1300,Sedan,375000.0,1,0,0,0,0,0,0,0,1,1,0,0,0,0,0,0,0,0,0,0,0
Toyota,Yaris,400000,2009,Benzine,Automatic,1500,Sedan,300000.0,0,0,0,0,0,0,0,0,0,0,0,0,0,0,0,0,0,0,0,0,0
Audi,Q3,136000,2021,Benzine,Automatic,1400,SUV,1640000.0,1,0,0,0,0,1,0,0,0,0,0,0,0,0,0,0,0,0,0,0,0
Daewoo,Nubira,30000,2006,Benzine,Manual,1600,Sedan,430000.0,0,1,0,0,0,0,0,0,0,0,0,0,0,0,0,0,0,0,0,0,0
Skoda,Octavia,175000,2008,Benzine,Automatic,1600,Sedan,410000.0,1,0,1,0,0,0,0,0,0,0,0,0,0,0,0,0,0,1,0,0,0
Opel,Vectra,60000,2000,Benzine,Manual,1600,Sedan,299000.0,0,0,0,0,0,0,0,0,0,0,0,0,0,0,0,0,0,0,0,0,0
Kia,Sportage,5000,2026,Benzine,Automatic,1600,SUV,1730000.0,1,0,0,0,0,1,0,0,0,0,0,1,0,0,0,0,0,1,0,0,0
Nissan,Tiida,270000,2008,Benzine,Automatic,1600,Sedan,395000.0,1,1,1,0,0,0,0,0,0,0,0,0,0,0,0,0,0,0,0,0,0
Opel,Grandland,130000,2020,Benzine,Automatic,1600,SUV,950000.0,1,0,0,0,0,0,0,0,0,0,0,0,0,0,0,0,0,0,0,0,0
Chevrolet,Lanos,160000,2019,Benzine,Manual,1500,Sedan,375000.0,1,0,1,0,0,0,0,0,1,0,0,0,0,0,0,0,0,1,0,0,0
Nissan,Juke,53000,2022,Benzine,Automatic,1000,SUV,920000.0,1,1,1,0,0,0,0,0,0,0,0,0,0,0,0,0,0,0,0,0,0
Hyundai,Verna,180000,2011,Benzine,Manual,1600,Sedan,350000.0,1,0,1,0,0,0,1,0,0,0,0,0,0,0,0,0,0,0,1,1,0
Opel,Vectra,190000,2001,Benzine,Automatic,1600,Sedan,350000.0,0,0,0,0,1,0,0,0,0,0,0,0,0,0,0,0,0,0,0,0,0
Chevrolet,Optra,335000,2007,Benzine,Manual,1600,Sedan,320000.0,1,0,1,0,0,0,0,0,0,0,0,0,0,0,0,0,0,0,0,0,0
Kia,Sportage,45000,2023,Benzine,Automatic,1600,SUV,1950000.0,1,0,0,0,0,0,0,0,0,0,1,0,1,0,1,0,0,0,0,1,0
BMW,520,100000,2020,Benzine,Automatic,1600,Sedan,1850000.0,0,0,0,0,0,0,0,0,0,0,0,0,0,0,0,0,0,0,0,0,0
Audi,A4,147000,2018,Benzine,Automatic,1400,Sedan,1350000.0,1,0,0,0,0,0,0,0,0,0,0,0,0,0,0,0,0,0,0,0,0
Speranza,A113,120000,2008,Benzine,Manual,1300,Hatchback,250000.0,0,0,0,0,0,0,0,0,0,0,0,0,0,0,0,0,0,0,0,0,0
Mitsubishi,Lancer,132000,2015,Benzine,Automatic,1600,Sedan,660000.0,0,1,0,0,0,0,0,0,0,0,0,0,0,0,0,0,0,0,0,0,1
Renault,Logan,138000,2013,Benzine,Automatic,1500,Sedan,320000.0,1,0,0,0,0,0,0,0,0,0,0,0,0,0,0,0,0,1,0,0,0
Jeep,Wrangler,175000,2013,Benzine,Automatic,3700,4X4,1185000.0,1,0,0,0,0,0,0,0,0,0,0,0,0,0,0,0,0,0,0,0,0
Volkswagen,Passat,38000,2022,Benzine,Automatic,1600,Sedan,1750000.0,1,0,0,0,0,0,0,0,0,0,0,0,0,0,0,0,0,0,0,0,0
Hyundai,Getz,282000,2008,Benzine,Automatic,1600,Hatchback,380000.0,1,0,1,0,0,0,0,0,1,0,0,0,0,0,0,0,0,0,0,0,0
Skoda,Felecia,300000,1997,Benzine,Manual,1500,Sedan,150000.0,0,0,0,0,0,0,0,0,0,0,0,0,0,0,0,0,0,0,0,0,0
Chevrolet,Lanos,58895,2009,Benzine,Manual,1600,Sedan,220000.0,1,0,0,0,0,0,0,0,0,0,0,0,0,0,0,0,0,0,0,0,0
Kia,Pride,170000,1998,Benzine,Manual,1300,Sedan,125000.0,0,0,0,0,0,0,0,0,0,0,0,0,0,0,0,0,0,0,0,0,0
Proton,Gen-2,120000,2009,Benzine,Automatic,1600,Sedan,380000.0,1,0,0,0,0,0,0,0,0,0,0,0,0,0,0,0,0,0,0,0,0
BMW,320,107000,2015,Benzine,Automatic,2000,Sedan,1550000.0,1,0,0,0,1,0,0,0,0,0,0,0,0,0,0,0,0,0,0,0,0
Citroen,C4X,29000,2024,Benzine,Automatic,1200,Sedan,1100000.0,1,1,0,0,1,1,0,0,1,1,1,0,0,1,1,1,1,1,1,0,0
Peugeot,504,10000,1986,Hybrid,Manual,2000,Sedan,160000.0,0,0,1,0,0,0,0,0,0,0,0,0,0,0,0,0,0,0,0,0,0
Mitsubishi,Lancer,495000,1991,Benzine,Manual,1300,Sedan,150000.0,1,0,0,0,1,0,0,0,0,0,0,0,0,1,0,0,0,1,0,0,0
Mercedes-Benz,CLA 200,65000,2018,Benzine,Automatic,1600,Sedan,1600000.0,0,0,0,0,0,0,0,0,0,0,0,0,0,0,0,0,0,0,0,0,0
Daewoo,Nubira,150000,2002,Benzine,Manual,1600,Sedan,200000.0,1,0,1,0,1,0,0,0,0,0,0,0,0,0,0,0,0,0,0,0,0
Daihatsu,Terios,167000,2003,Benzine,Automatic,1300,4X4,295000.0,1,0,0,0,0,0,0,0,0,0,0,0,0,0,0,0,0,0,0,0,0
Mercedes-Benz,C180,105000,2012,Benzine,Automatic,1600,Sedan,1250000.0,0,0,1,0,1,0,0,0,0,0,0,0,0,0,0,0,0,0,0,0,0
Chevrolet,Optra,160000,2022,Benzine,Automatic,1600,Sedan,510000.0,0,0,0,0,1,0,0,0,0,0,0,0,0,0,0,0,0,0,0,0,0
Skoda,Superb,56000,2021,Benzine,Automatic,1400,Sedan,1560000.0,0,0,0,0,0,0,0,0,0,0,0,0,0,0,0,0,0,0,0,0,0
Kia,Spectra,280000,2005,Benzine,Manual,1600,Sedan,220000.0,1,0,0,0,0,0,0,0,0,0,0,0,0,0,0,0,0,0,0,0,0
Kia,Cerato,110000,2015,Benzine,Automatic,1600,Sedan,780000.0,1,0,0,0,0,0,0,0,0,0,1,0,0,0,0,0,0,0,0,0,0
BMW,316,118000,2015,Benzine,Automatic,1600,Sedan,900000.0,0,0,0,0,0,0,0,0,0,0,0,0,0,0,0,0,0,0,0,0,0
Volkswagen,Tiguan,15000,2025,Benzine,Automatic,1400,SUV,2120000.0,0,1,0,0,0,0,0,0,0,0,0,0,0,0,0,0,0,0,0,0,0
Mitsubishi,Lancer,175000,1999,Benzine,Manual,1500,Sedan,275000.0,0,0,0,0,0,0,0,0,0,0,0,0,0,0,0,0,0,0,0,0,0
Kia,Rio,68000,2017,Benzine,Automatic,1400,Sedan,640000.0,0,0,0,0,1,0,0,0,1,0,0,0,0,1,0,1,1,1,1,0,0
Chevrolet,Pickup/Dababa,50000,1995,Diesel,Manual,1200,Pickup,250000.0,0,0,0,0,0,0,0,0,0,0,0,0,0,0,0,0,0,0,0,0,0
Hyundai,Excel,230000,1995,Benzine,Manual,1500,Sedan,110000.0,1,0,0,0,0,0,0,0,0,0,0,0,0,0,0,0,0,0,0,0,0
Toyota,Corolla,29000,2024,Benzine,Automatic,1600,Sedan,1350000.0,0,0,1,0,0,0,0,1,1,1,1,0,0,0,0,1,0,0,0,1,0
Cupra,Leon,7800,2024,Benzine,Automatic,1600,Hatchback,1600000.0,1,0,0,0,0,0,0,0,0,0,0,0,0,0,0,0,0,0,0,0,0
Fiat,Shahin,165000,2008,Benzine,Manual,1400,Sedan,185000.0,1,0,0,0,0,0,0,0,0,0,0,0,0,0,0,0,0,1,0,0,0
Kia,Rio,150000,2017,Benzine,Automatic,1400,Sedan,600000.0,1,0,0,0,0,0,0,0,0,0,0,0,0,0,0,0,0,0,1,0,0
Hyundai,Accent,555,2000,Benzine,Automatic,1500,Sedan,260000.0,0,0,0,0,0,0,0,0,0,0,0,0,0,0,0,0,0,1,0,0,0
Senova,A1,150000,2016,Benzine,Automatic,1500,Hatchback,315000.0,1,0,0,0,1,0,0,0,0,0,0,0,0,0,0,0,0,0,0,0,0
Fiat,Dogan,116000,1996,Benzine,Manual,1600,Sedan,165000.0,1,1,1,0,1,0,0,0,1,0,0,0,0,1,0,0,0,1,0,0,0
Opel,Astra,211000,2016,Benzine,Automatic,1600,Sedan,545000.0,1,0,0,0,0,0,0,0,0,0,0,0,0,0,0,0,0,0,0,0,0
Proton,Gen-2,130000,2015,Benzine,Automatic,1600,Hatchback,370000.0,0,0,1,1,0,0,0,0,0,0,0,0,0,0,0,0,0,0,0,0,0
Volkswagen,Tiguan,151000,2018,Benzine,Automatic,1400,SUV,1150000.0,1,1,0,0,0,0,0,0,0,0,0,0,0,0,0,0,0,0,0,0,0
Renault,11,265000,2011,Benzine,Automatic,1600,Sedan,485000.0,1,0,1,0,1,0,0,0,1,0,1,0,0,0,0,1,1,0,0,0,0
Kia,K3,155000,2013,Benzine,Automatic,1600,Sedan,695000.0,1,1,0,0,0,0,0,1,0,0,0,0,0,0,1,0,0,0,0,0,1
Hyundai,Excel,160000,1997,Benzine,Manual,1300,Sedan,145000.0,0,1,1,0,1,0,0,0,0,0,0,0,0,0,0,0,0,0,0,0,0
Chevrolet,Lanos,130000,2012,Benzine,Manual,1500,Sedan,330000.0,1,0,0,0,0,0,0,0,0,0,0,0,0,0,0,0,0,0,0,0,0
Chevrolet,Lanos,225000,2010,Benzine,Manual,1500,Sedan,275000.0,1,0,1,0,0,0,0,0,0,0,0,0,0,0,0,0,0,0,0,0,0
Kia,Rio,136000,2015,Benzine,Automatic,1399,Hatchback,550000.0,0,0,1,0,0,0,0,0,1,0,0,0,0,0,0,0,0,0,1,0,0
Mitsubishi,Lancer,310000,1991,Benzine,Manual,1600,Sedan,150000.0,0,0,0,0,0,0,0,0,0,0,0,0,0,0,0,0,0,0,0,0,0
Daewoo,Lanos,187000,2000,Benzine,Manual,1500,Sedan,200000.0,0,0,0,0,1,0,0,0,0,0,0,1,0,0,0,0,0,1,1,0,0
Honda,Civic,225000,1988,Benzine,Automatic,1600,Sedan,125000.0,0,0,0,0,0,0,0,0,0,0,0,0,0,0,0,0,0,0,0,0,0
Skoda,Kodiaq,9500,2024,Benzine,Automatic,1400,SUV,2280000.0,1,1,0,0,0,0,0,0,0,0,0,0,0,0,0,0,0,0,0,0,0
Jeep,Liberty,300000,2007,Benzine,Automatic,3700,4X4,595000.0,1,0,0,0,0,0,0,0,0,0,0,0,0,0,0,0,0,1,0,0,0
Kia,Picanto,139000,2015,Benzine,Automatic,1300,Hatchback,515000.0,1,0,0,0,1,0,0,0,0,1,0,0,0,0,0,0,0,0,0,0,0
Opel,Vectra,210000,2008,Benzine,Automatic,1600,Sedan,390000.0,1,0,1,0,0,0,0,0,1,0,0,0,0,0,0,0,0,0,0,0,0
Chevrolet,Aveo,191000,2013,Benzine,Automatic,1500,Sedan,360000.0,1,0,1,0,0,0,0,0,0,0,0,0,0,0,0,0,0,0,0,0,0
Hyundai,Verna,100000,2012,Natural Gas,Automatic,1600,Sedan,380000.0,0,0,0,0,1,0,0,0,0,0,0,0,0,0,0,0,0,0,0,1,0
Chevrolet,Spark,33,2009,Benzine,Manual,1000,Hatchback,250000.0,0,0,1,0,0,0,0,0,1,0,0,0,0,0,0,0,0,0,0,0,0
Mercedes-Benz,200,370000,1980,Benzine,Manual,2000,Sedan,280000.0,1,0,1,0,0,0,0,0,0,1,0,0,0,0,0,0,0,1,0,0,0
Suzuki,Ciaz,60000,2022,Benzine,Automatic,1500,Sedan,750000.0,1,0,0,0,0,0,0,0,0,0,0,0,0,0,0,0,0,0,0,0,0
Renault,Megane,70000,2022,Benzine,Automatic,1600,Sedan,840000.0,0,0,0,0,0,0,0,0,0,0,0,0,0,0,0,0,0,0,0,0,0
Volkswagen,Passat,202000,2012,Benzine,Automatic,1400,Sedan,690000.0,0,0,0,0,0,0,0,0,0,0,0,0,0,0,0,0,0,0,0,0,0
Peugeot,406,343000,2005,Benzine,Automatic,2000,Sedan,250000.0,1,0,0,0,0,0,0,0,1,0,1,0,0,0,0,1,1,1,0,0,0
Geely,Emgrand 7,180000,2014,Benzine,Manual,1600,Sedan,280000.0,0,0,0,0,0,0,0,0,0,0,0,0,0,0,0,0,0,0,0,0,0
Fiat,Linea,220000,2017,Natural Gas,Manual,1400,Sedan,319000.0,0,0,0,0,1,0,0,0,0,0,0,0,0,0,0,1,1,1,0,1,0
Brilliance,FSV,100,2013,Benzine,Automatic,1600,Sedan,300000.0,1,0,0,0,1,0,0,0,0,0,0,0,0,0,0,0,0,1,0,0,0
Citroen,C-Elysée,62000,2021,Benzine,Automatic,1600,Sedan,635000.0,0,1,0,0,0,1,0,0,0,0,0,0,0,0,0,0,0,0,0,0,0
Mercedes-Benz,E250,182000,2011,Benzine,Automatic,1800,Sedan,1420000.0,1,0,0,0,0,0,0,0,0,0,0,0,0,0,0,0,0,0,0,0,0
Hyundai,Elantra,200000,2011,Benzine,Manual,1600,Sedan,460000.0,1,1,0,0,1,0,0,0,1,0,0,0,0,0,0,1,0,0,0,0,0
Kia,Rio,170000,2005,Benzine,Automatic,1400,Sedan,365000.0,0,0,0,0,0,0,0,0,0,0,0,0,0,0,0,1,0,0,0,0,0
Fiat,Tipo,46000,2022,Benzine,Automatic,1600,Sedan,890000.0,0,1,0,0,0,1,0,0,0,0,0,0,0,0,0,0,0,0,0,0,0
MG,RX5,41000,2024,Benzine,Automatic,1500,SUV,1250000.0,0,0,0,0,0,0,0,0,0,0,0,0,0,0,0,0,0,1,0,0,0
Renault,Megane,59000,2022,Benzine,Automatic,1300,Sedan,1120000.0,1,0,0,0,0,0,0,1,0,1,1,1,0,0,0,0,0,1,0,1,0
Opel,Vectra,111111,2000,Benzine,Manual,2000,Sedan,225000.0,0,1,0,0,0,0,0,0,0,0,0,0,0,0,0,0,0,0,0,0,0
Chevrolet,Lanos,2000,2010,Benzine,Manual,1600,Sedan,235000.0,1,0,0,0,0,0,0,0,0,0,0,0,0,1,0,0,0,0,0,1,0
Opel,Astra,100000,2004,Benzine,Automatic,1600,Sedan,250000.0,0,0,0,0,0,0,0,0,0,0,0,0,0,0,0,0,0,0,0,0,0
Mercedes-Benz,C180,37000,2019,Benzine,Automatic,1600,Sedan,2450000.0,0,0,0,0,0,0,0,1,0,0,0,0,0,0,0,0,0,1,0,0,0
Hyundai,Elantra,80000,2020,Benzine,Automatic,1600,Sedan,720000.0,0,0,1,0,0,0,0,0,1,1,0,0,0,0,0,1,0,0,0,0,0
BMW,X1,128000,2018,Benzine,Automatic,2000,SUV,1350000.0,0,0,0,0,0,0,0,0,0,0,0,0,0,0,0,0,0,0,0,0,0
Geely,Emgrand X7,150000,2018,Benzine,Automatic,1500,SUV,630000.0,1,0,0,0,0,0,0,0,0,0,0,0,0,0,0,0,0,0,0,0,0
Hyundai,I20,108000,2011,Benzine,Manual,1400,Hatchback,430000.0,0,0,1,0,0,0,0,0,0,0,0,0,0,0,0,0,0,0,0,0,0
Opel,Insignia,143000,2019,Benzine,Automatic,1600,Sedan,1250000.0,0,0,0,0,0,0,0,0,0,1,1,0,0,1,1,1,1,1,0,0,0
Hyundai,Verna,250000,2012,Natural Gas,Manual,1600,Sedan,350000.0,0,1,0,0,0,0,0,0,0,0,0,0,0,0,0,0,0,1,0,0,0
BMW,X1,103000,2021,Benzine,Automatic,1500,SUV,1900000.0,0,0,0,0,0,0,0,0,0,0,0,0,0,0,0,0,0,0,0,0,0
BMW,X1,163000,2018,Benzine,Automatic,2000,Hatchback,1400000.0,1,0,1,0,0,0,0,0,0,0,0,0,0,0,0,0,0,0,0,0,0
Renault,Sandero Stepway,191000,2017,Benzine,Automatic,1600,Hatchback,455000.0,1,0,1,0,1,0,0,0,0,0,0,0,0,0,0,0,0,0,0,0,0
Hyundai,Accent,30000,2022,Benzine,Automatic,1400,Sedan,900000.0,1,1,1,0,0,0,0,1,1,0,0,0,1,0,0,0,0,0,0,0,0
Speranza,A516,227000,2007,Benzine,Manual,1600,Sedan,190000.0,1,0,1,1,0,0,0,0,0,0,0,0,0,0,0,0,0,0,0,0,0
Volkswagen,Jetta,338000,2009,Benzine,Automatic,1600,Sedan,595000.0,1,1,1,0,0,0,0,1,0,0,0,0,1,1,0,1,1,0,0,1,0
Chevrolet,Cruze,143000,2010,Benzine,Automatic,1600,Sedan,350000.0,1,0,0,0,0,0,0,0,0,0,0,0,0,0,0,0,0,0,0,0,0
Opel,Insignia,166000,2019,Benzine,Automatic,1500,Sedan,920000.0,1,1,0,0,0,0,0,0,0,0,0,0,0,0,0,0,0,0,0,0,0
Chevrolet,Spark,190000,2011,Benzine,Manual,1300,Hatchback,300000.0,1,0,0,0,0,0,0,0,0,0,0,0,0,0,0,0,0,0,0,0,0
BMW,318,155000,2018,Benzine,Automatic,1500,Sedan,1190000.0,1,0,0,0,0,1,0,0,0,0,0,0,0,0,0,0,0,0,0,0,0
Mercedes-Benz,C180,60000,2020,Benzine,Automatic,1600,Sedan,2300000.0,1,0,0,0,0,1,0,0,0,0,0,0,0,0,0,0,0,0,0,0,0
Kia,Sportage,54000,2022,Benzine,Automatic,1600,SUV,1350000.0,0,0,0,0,0,0,0,0,0,0,0,0,0,0,0,0,0,0,0,0,0
BYD,F3,100000,2014,Natural Gas,Manual,1600,Sedan,300000.0,1,1,0,0,0,0,0,0,0,0,0,0,0,0,0,0,0,0,0,0,0
Mazda,3,250000,1994,Benzine,Automatic,1600,Sedan,195000.0,1,0,1,0,0,0,0,0,0,0,0,0,0,1,0,0,0,1,0,1,0
BYD,F3,34000,2018,Benzine,Manual,1600,Sedan,440000.0,1,0,0,0,0,0,0,0,0,0,0,0,0,0,0,0,0,0,0,0,0
Jeep,Wrangler,210000,2015,Benzine,Automatic,3600,4X4,1350000.0,1,0,0,0,0,1,0,0,0,0,0,0,0,0,0,0,0,0,0,0,0
Kia,Sportage,50000,2023,Benzine,Automatic,1600,Estate,1675000.0,1,0,0,0,0,0,0,0,0,0,0,0,0,0,0,0,0,0,0,0,0
Nissan,Sentra,128000,2015,Benzine,Automatic,1600,Sedan,480000.0,1,1,1,0,1,0,0,0,1,0,0,0,0,0,1,0,0,1,0,0,0
Peugeot,508,95000,2022,Benzine,Automatic,1600,Sedan,1200000.0,0,0,0,0,0,0,0,0,0,0,0,0,0,0,0,0,0,1,0,0,0
Chevrolet,Lanos,80000,2019,Benzine,Manual,1500,Sedan,380000.0,0,0,0,0,0,0,0,0,0,0,0,0,0,0,0,0,0,0,0,0,0
Jeep,Wrangler,171000,2016,Benzine,Automatic,3600,4X4,1200000.0,0,0,1,0,0,0,0,0,0,0,0,0,0,0,0,0,0,0,0,0,0
MINI,Countryman,162000,2014,Benzine,Automatic,1600,Hatchback,800000.0,1,0,0,0,1,0,0,0,0,0,0,0,0,0,0,0,0,0,0,0,0
BYD,F3,100000,2018,Benzine,Manual,1500,Sedan,450000.0,1,1,1,0,0,0,0,0,0,0,0,0,0,0,0,0,0,0,0,0,0
Honda,Accord,32000,2022,Benzine,Automatic,1500,Sedan,1950000.0,1,0,1,0,0,0,0,1,0,0,0,0,0,0,0,0,0,0,0,1,0
Kia,Cerato,90000,2011,Benzine,Automatic,1600,Sedan,650000.0,1,0,1,0,0,0,0,0,0,0,0,0,0,0,0,0,0,0,0,0,0
Peugeot,508,99000,2022,Benzine,Automatic,1600,Sports / Coupe,1680000.0,1,0,0,0,1,1,0,1,0,0,0,0,0,0,0,0,0,0,0,0,0
Jeep,Liberty,297271,2005,Benzine,Automatic,3700,4X4,650000.0,0,0,0,0,0,0,0,0,0,0,0,0,0,0,0,0,0,0,0,0,0
Citroen,C3,175000,2004,Benzine,Manual,1200,Hatchback,245000.0,1,0,1,0,1,0,0,0,0,0,0,0,0,0,0,0,0,1,0,1,0
Mercedes-Benz,C180,175000,2015,Benzine,Automatic,1600,Sedan,1500000.0,0,0,0,1,0,1,0,0,0,0,0,0,0,0,0,0,0,0,0,0,0
Kia,Rio,100000,2016,Benzine,Automatic,1400,Sedan,620000.0,1,0,0,0,0,0,0,0,0,0,0,0,0,0,0,0,0,0,0,0,0
MINI,Cooper,199700,2010,Benzine,Automatic,1600,Hatchback,660000.0,1,0,0,0,0,0,0,0,0,1,0,1,0,0,0,0,0,1,0,1,0
Renault,Captur,140000,2017,Benzine,Automatic,1200,SUV,550000.0,1,0,0,0,0,0,0,0,0,0,0,0,0,0,0,0,0,0,0,0,0
MINI,Cooper s,110000,2014,Benzine,Automatic,1500,Sports / Coupe,900000.0,1,1,0,0,0,0,0,0,0,1,0,0,0,0,0,0,0,0,0,0,0
Nissan,Sunny,170000,2008,Benzine,Automatic,1600,Sedan,385000.0,0,1,0,0,0,0,0,0,0,0,0,0,0,0,0,0,0,0,0,0,0
Speranza,Tiggo,480000,2014,Benzine,Automatic,1600,Hatchback,390000.0,1,0,1,0,0,0,0,0,0,0,0,0,0,0,0,0,1,1,0,0,0
Speranza,A213,121000,2008,Benzine,Manual,1300,Sedan,190000.0,1,0,1,0,0,0,0,0,0,0,0,0,0,0,0,1,0,1,0,0,0
Nissan,Sentra,28000,2024,Benzine,Automatic,1600,Sedan,810000.0,1,0,0,0,0,1,0,0,0,0,0,1,0,1,1,0,0,0,0,0,0
Speranza,Envy,25649,2017,Benzine,Manual,1500,Sedan,365000.0,0,1,1,0,0,0,0,0,1,0,1,0,0,0,0,0,0,1,0,0,0
Jeep,Wrangler,264000,2011,Benzine,Automatic,3800,SUV,1280000.0,1,0,1,0,0,0,0,0,0,0,0,0,0,1,0,0,0,0,0,0,0
BMW,X5,189000,2017,Benzine,Automatic,4400,SUV,2050000.0,1,0,0,0,0,0,0,0,0,0,0,0,0,0,0,0,0,0,0,0,0
Suzuki,Van,10000,2002,Benzine,Manual,1000,Van / Bus,170000.0,0,0,0,0,0,0,0,0,0,0,0,0,0,0,0,0,0,0,0,0,0
Chevrolet,Aveo,220000,2012,Benzine,Automatic,1500,Sedan,375000.0,1,0,0,0,0,0,0,0,0,0,0,1,0,1,0,0,0,1,0,0,0
Skoda,Octavia,120000,2021,Benzine,Automatic,1400,Sedan,1175000.0,0,1,0,0,0,1,0,0,0,0,0,0,0,0,0,0,0,0,0,0,0
Volvo,s80,142200,2015,Benzine,Automatic,1600,Sedan,1200000.0,0,1,0,0,0,0,0,0,0,0,0,0,0,0,0,0,0,0,0,0,0
Fiat,Tipo,160000,2020,Benzine,Automatic,1600,Sedan,560000.0,0,0,1,0,0,0,0,0,0,0,0,0,0,0,0,0,0,0,0,0,0
Kia,Spectra,120000,2001,Benzine,Automatic,1600,Sedan,320000.0,0,0,0,0,0,0,0,0,0,0,0,0,0,0,0,0,0,0,0,1,0
Mazda,3,200000,2007,Benzine,Automatic,1600,Sedan,365000.0,0,0,0,0,0,0,0,0,0,0,0,0,0,0,0,1,1,0,0,0,0
BMW,X3,136000,2019,Benzine,Automatic,2000,SUV,2250000.0,0,0,0,0,1,0,0,0,0,1,0,0,1,0,0,0,0,1,0,0,0
Toyota,Hilux,128000,2006,Benzine,Manual,2700,Pickup,1400000.0,1,0,0,0,0,0,0,0,0,0,0,0,0,0,0,0,0,1,0,0,0
Skoda,Octavia,145000,2000,Benzine,Manual,1600,Sedan,340000.0,0,0,1,0,0,0,0,0,0,0,0,0,0,1,0,0,0,1,0,0,0
Ssang Yong,Tivoli XLV,40000,2022,Benzine,Automatic,1600,Estate,1000000.0,1,0,0,0,0,0,0,0,0,0,0,0,0,0,0,0,0,0,0,0,0
Skoda,Fantasia,245000,2010,Benzine,Automatic,1400,Sedan,650000.0,1,0,0,0,0,0,0,0,0,0,0,0,0,0,0,0,0,0,0,0,0
Nissan,Sunny,91000,2014,Benzine,Automatic,1600,Sedan,485000.0,1,0,0,0,0,0,0,0,0,0,0,0,0,0,0,0,0,0,0,0,0
Opel,Vectra,300000,1999,Benzine,Automatic,1800,Sedan,310000.0,0,0,0,0,0,0,0,0,0,0,0,0,0,0,0,0,0,0,0,0,0
Haval,H6,35000,2022,Benzine,Automatic,1500,SUV,1120000.0,0,0,0,0,0,0,0,1,1,0,1,0,1,0,1,0,0,1,0,0,0
MG,RX5,1000,2024,Benzine,Automatic,1500,SUV,1250000.0,0,1,0,0,0,0,0,0,0,0,0,0,0,0,0,0,0,0,0,0,0
Subaru,Impreza,165000,2009,Benzine,Automatic,1500,Sedan,375000.0,0,0,0,1,0,0,0,0,0,0,0,0,1,0,0,1,1,1,0,0,0
Hyundai,Elantra,175000,2009,Benzine,Automatic,1600,Sedan,530000.0,1,0,0,0,0,0,0,0,0,0,0,0,0,0,0,0,0,1,0,0,0
Mercedes-Benz,E240,240000,2004,Benzine,Automatic,2600,Sedan,750000.0,1,0,1,0,0,0,0,0,0,0,0,0,0,0,0,0,0,0,0,0,0
Fiat,Grand Punto,160,2010,Benzine,Automatic,1400,Hatchback,350000.0,1,0,1,0,0,0,0,0,1,0,0,0,0,0,0,0,0,0,0,0,0
Volkswagen,Passat,135000,2007,Benzine,Automatic,1400,Sedan,625000.0,1,0,1,0,0,0,0,0,0,0,1,0,0,0,0,0,0,0,0,0,0
Hyundai,Verna,104000,2015,Benzine,Manual,1600,Sedan,405000.0,1,1,0,0,0,0,0,0,0,0,0,0,0,0,0,0,0,0,0,0,0
Hyundai,Matrix,187000,2005,Benzine,Manual,1600,Hatchback,300000.0,0,0,0,0,0,0,0,0,0,0,0,0,0,0,0,0,0,0,0,0,0
Chevrolet,Aveo,82000,2012,Benzine,Manual,1500,Sedan,350000.0,0,0,0,0,0,0,0,0,0,0,0,0,0,0,0,0,0,0,0,0,0
Mercedes-Benz,CLA 200,170000,2015,Benzine,Automatic,1600,Sports / Coupe,1350000.0,1,0,0,0,0,0,0,0,0,0,0,0,0,0,0,0,0,0,0,0,0
Daewoo,Nubira,275000,2002,Benzine,Automatic,1600,Sedan,240000.0,0,0,0,0,0,0,0,0,0,0,0,0,0,0,0,0,0,0,0,0,0
Isuzu,D-Max,1555,2006,Diesel,Manual,2500,Pickup,310000.0,0,0,0,0,0,0,0,0,0,0,0,0,0,0,0,0,0,0,0,0,0
Jeep,Wrangler,280000,2011,Benzine,Automatic,3800,4X4,1100000.0,1,0,0,0,0,0,0,0,0,0,0,0,0,0,0,0,0,0,0,0,0
Kia,Carens,145000,2016,Benzine,Automatic,1600,SUV,790000.0,1,0,0,0,1,1,0,0,0,0,0,0,0,0,0,0,0,1,0,1,0
Renault,Logan,163000,2016,Benzine,Manual,1600,Sedan,320000.0,0,0,0,0,0,0,0,0,0,1,0,0,0,0,0,0,0,0,0,0,0
Daewoo,Nubira,300000,2005,Benzine,Manual,1600,Sedan,265000.0,0,1,0,0,0,0,0,0,0,0,0,0,0,0,0,0,0,0,0,0,0
Geely,Emgrand 7,268000,2013,Benzine,Manual,1600,Sedan,320000.0,1,0,1,0,0,0,0,0,0,0,0,1,0,0,0,0,0,1,0,0,0
Kia,Soul,150,2015,Benzine,Automatic,1600,Hatchback,675000.0,1,0,1,0,0,0,0,0,0,0,0,0,0,0,0,0,0,0,0,0,0
Toyota,Avanza,130000,2009,Benzine,Automatic,1500,Hatchback,630000.0,0,0,0,0,0,0,0,0,0,0,0,0,0,0,0,0,0,0,0,0,0
Mercedes-Benz,GLA 200,62000,2020,Benzine,Automatic,1600,SUV,1800000.0,1,0,0,0,0,1,0,0,0,0,0,0,0,0,0,0,0,0,0,0,0
Toyota,Belta,76000,2022,Benzine,Automatic,1500,Sedan,790000.0,1,0,1,0,0,0,0,0,1,0,0,0,0,0,0,0,0,0,0,0,0
Hyundai,Verna,181000,2014,Benzine,Automatic,1600,Sedan,430000.0,1,0,0,0,0,0,0,0,0,0,0,0,0,0,0,0,0,0,0,0,0
Opel,Grandland,108500,2022,Benzine,Automatic,1600,Sports / Coupe,1480000.0,0,0,0,0,0,1,0,0,0,0,0,0,0,0,0,0,0,0,0,0,0
Opel,Vectra,85000,1997,Benzine,Automatic,2000,Sedan,245000.0,1,0,1,0,0,0,0,0,1,0,0,0,0,0,0,0,0,0,0,0,0
Jac,JS4,147000,2022,Diesel,Automatic,1500,SUV,700000.0,1,1,0,0,0,0,0,1,0,0,0,0,0,0,0,0,0,1,0,0,0
Opel,Astra,119000,2003,Benzine,Manual,1600,Sedan,350000.0,0,0,1,0,0,0,0,0,1,0,0,0,1,0,0,1,0,1,0,0,1
Chevrolet,Lanos,210000,2013,Natural Gas,Manual,1500,Sedan,300000.0,0,0,1,0,0,0,0,0,1,0,0,0,0,0,1,0,0,0,0,0,0
Brilliance,H530,218000,2013,Benzine,Automatic,1600,Sedan,420000.0,0,0,1,0,0,0,0,0,0,0,0,0,0,0,0,0,0,0,0,0,0
Geely,Pandido,108000,2012,Benzine,Automatic,1300,Hatchback,370000.0,1,1,0,0,0,0,1,0,0,0,0,0,0,0,0,0,0,1,0,1,0
Mercedes-Benz,C200,300000,2007,Benzine,Automatic,1800,Sedan,750000.0,0,0,0,0,0,0,0,0,0,0,0,0,0,0,0,0,0,0,0,0,0
Opel,Insignia,135000,2018,Benzine,Manual,1600,Sedan,1020000.0,0,0,0,0,0,0,0,0,0,0,0,0,0,0,0,0,0,0,0,0,0
Kia,Cerato,170000,2015,Benzine,Automatic,1600,Sedan,720000.0,0,0,0,0,0,0,0,0,0,0,0,0,0,0,0,0,0,0,0,0,0
Hyundai,Matrix,138000,2005,Benzine,Automatic,1600,Hatchback,425000.0,1,0,1,0,0,0,0,0,0,1,0,0,0,0,0,0,0,1,0,0,0
MG,MG 5,100000,2022,Benzine,Automatic,1500,Sedan,660000.0,1,0,0,0,0,1,0,0,0,0,0,0,0,0,0,0,0,0,0,0,0
Renault,Duster,37000,2022,Benzine,Automatic,1600,Hatchback,900000.0,1,1,0,0,1,1,0,0,0,1,1,1,1,1,0,1,0,1,0,0,0
Ford,Focus,227000,2009,Benzine,Automatic,1600,Sedan,390000.0,1,0,1,0,0,0,0,0,0,0,0,0,0,0,0,1,1,1,0,0,0
Hyundai,Getz,156000,2011,Benzine,Automatic,1600,Hatchback,470000.0,1,0,0,0,0,0,0,0,0,0,0,0,0,0,0,0,0,0,0,0,0
Mercedes-Benz,E200,152500,2013,Benzine,Automatic,1800,Sedan,1750000.0,1,0,0,0,1,0,0,0,0,0,0,0,0,0,0,0,0,1,0,0,0
Skoda,Felecia,180000,1996,Benzine,Manual,1300,Hatchback,125000.0,1,0,1,0,0,0,0,0,0,0,0,0,0,0,0,0,0,0,0,0,0
Opel,Corsa,386000,2003,Benzine,Manual,1600,Sedan,260000.0,0,0,1,0,0,0,0,0,0,0,0,0,0,0,0,0,0,0,0,0,0
Mercedes-Benz,200,200000,1983,Benzine,Manual,2000,Sedan,220000.0,1,0,0,0,0,0,0,0,0,0,0,0,0,0,0,0,0,0,0,0,0
Fiat,128,1900,1988,Benzine,Manual,1100,Small city car,110000.0,1,0,1,0,0,0,0,0,0,0,0,0,0,0,0,0,0,0,0,0,0
Toyota,Corolla,172000,2007,Benzine,Manual,1300,Sedan,500000.0,0,0,1,0,0,0,0,0,0,0,0,0,0,0,0,0,0,0,0,0,0
Opel,Vectra,231000,2003,Benzine,Automatic,1600,Sedan,350000.0,0,0,0,0,0,0,0,0,0,0,0,0,0,0,0,0,0,0,0,0,0
Chevrolet,Aveo,380000,2013,Benzine,Automatic,1498,Sedan,300000.0,0,0,0,1,0,0,0,0,0,0,0,0,0,0,0,0,0,0,0,0,0
Renault,Fluence,236000,2012,Benzine,Automatic,1600,Sedan,425000.0,1,0,0,0,0,0,0,1,0,0,0,0,0,0,0,0,0,0,0,0,0
Opel,Insignia,165000,2017,Benzine,Automatic,1600,Sedan,790000.0,1,1,0,0,0,0,0,0,0,0,0,0,0,0,0,0,0,0,0,0,0
Changhe,Super Panda,220000,2014,Benzine,Manual,1051,Van / Bus,185000.0,1,0,1,0,0,0,0,0,0,0,0,0,0,0,0,0,0,0,0,0,0
Chevrolet,Aveo,174000,2012,Benzine,Automatic,1500,Sedan,400000.0,1,0,1,0,0,0,0,0,0,0,0,0,0,0,0,0,0,1,0,1,0
Mitsubishi,Lancer,340000,2006,Benzine,Automatic,1600,Sedan,410000.0,0,0,0,0,0,0,0,0,0,0,0,0,0,0,0,0,0,0,0,0,0
Chevrolet,Malibu,63000,2022,Benzine,Automatic,1500,Sedan,1150000.0,0,1,0,0,0,0,0,1,0,0,1,1,1,0,1,0,0,0,0,0,0
Volkswagen,Golf,290000,1991,Benzine,Manual,1600,Hatchback,145000.0,0,0,0,0,0,0,0,0,0,0,0,0,0,0,0,0,0,1,0,0,0
Peugeot,508,75000,2022,Benzine,Automatic,1600,Sedan,1250000.0,1,0,0,0,0,0,0,0,0,0,0,0,0,0,0,0,0,0,0,0,0
Skoda,Felicia Combi,142000,1998,Benzine,Manual,1300,Estate,160000.0,1,0,0,0,0,0,0,0,0,0,0,0,0,0,0,0,0,0,0,1,0
Renault,Megane,260680,2020,Benzine,Automatic,1600,Sedan,600000.0,1,0,0,0,1,1,0,0,0,0,0,0,0,0,0,0,0,0,0,0,0
Fiat,Tipo,92000,2019,Benzine,Automatic,1600,Sedan,670000.0,1,0,1,0,0,0,0,0,1,0,0,0,0,0,0,0,0,0,0,0,0
Mercedes-Benz,C180,159000,2016,Benzine,Automatic,1600,Sedan,1590000.0,0,0,1,0,0,0,0,0,0,0,0,0,0,0,0,0,0,0,0,0,0
Audi,A3,136000,2015,Benzine,Automatic,1400,Sedan,1100000.0,1,0,0,0,0,0,0,0,0,0,1,0,0,0,0,0,0,0,0,1,0
Volkswagen,Polo,175000,2009,Benzine,Manual,1400,Sedan,330000.0,1,0,1,0,0,0,0,0,1,0,0,0,0,0,0,0,0,0,0,0,0
Nissan,Sunny,102500,2020,Benzine,Automatic,1500,Sedan,500000.0,0,0,1,0,0,0,0,0,0,0,0,0,0,0,0,0,0,0,0,0,0
Audi,A3,131000,2016,Benzine,Automatic,1400,Sedan,1020000.0,1,0,0,0,0,0,0,0,0,0,0,0,0,0,0,0,0,0,0,0,0
Kia,K4,170000,2018,Benzine,Automatic,1600,Sedan,760000.0,0,0,0,0,0,0,0,0,0,0,0,0,0,0,0,0,0,0,0,0,0
BMW,523,220000,2006,Benzine,Automatic,2500,Sedan,715000.0,1,0,0,0,0,0,0,0,0,0,0,0,0,0,0,0,0,0,0,0,0
Toyota,Corolla,250000,1983,Benzine,Manual,1300,Sedan,140100.0,0,0,1,0,0,0,0,0,1,0,0,0,0,0,0,0,0,0,0,1,0
Kia,Cerato,11000,2015,Benzine,Automatic,1600,Sedan,875000.0,1,0,0,0,0,0,0,0,0,0,0,0,0,0,0,0,0,0,0,0,0
Mercedes-Benz,C180,140000,2014,Benzine,Automatic,1600,Sedan,1380000.0,1,0,0,0,0,0,0,0,0,0,0,0,0,0,0,0,0,0,0,0,0
